[
  {
    "date": "2025-07-08",
    "home_team": "Baltimore Orioles",
    "away_team": "New York Mets",
    "home_score": 6,
    "away_score": 7,
    "status": "Final",
    "game_id": 777198,
    "starting_pitchers": {
      "home": "Brandon Young",
      "away": "Clay Holmes"
    },
    "first_inning_runs": {
      "home": 0,
      "away": 0
    },
    "player_stats": [
      {
        "name": "Gunnar Henderson",
        "team": "Unknown",
        "hits": 1,
        "rbi": 0
      },
      {
        "name": "Jacob Stallings",
        "team": "Unknown",
        "hits": 0,
        "rbi": 0
      },
      {
        "name": "Tyler O'Neill",
        "team": "Unknown",
        "hits": 0,
        "rbi": 0
      },
      {
        "name": "Jordan Westburg",
        "team": "Unknown",
        "hits": 2,
        "rbi": 0
      },
      {
        "name": "Ram\u00f3n Laureano",
        "team": "Unknown",
        "hits": 1,
        "rbi": 2
      },
      {
        "name": "Ram\u00f3n Ur\u00edas",
        "team": "Unknown",
        "hits": 0,
        "rbi": 0
      },
      {
        "name": "Jackson Holliday",
        "team": "Unknown",
        "hits": 2,
        "rbi": 2
      },
      {
        "name": "Colton Cowser",
        "team": "Unknown",
        "hits": 2,
        "rbi": 0
      },
      {
        "name": "Ryan O'Hearn",
        "team": "Unknown",
        "hits": 1,
        "rbi": 2
      },
      {
        "name": "Cedric Mullins",
        "team": "Unknown",
        "hits": 0,
        "rbi": 0
      },
      {
        "name": "Luis Torrens",
        "team": "Unknown",
        "hits": 0,
        "rbi": 0
      },
      {
        "name": "Mark Vientos",
        "team": "Unknown",
        "hits": 0,
        "rbi": 0
      },
      {
        "name": "Jeff McNeil",
        "team": "Unknown",
        "hits": 0,
        "rbi": 0
      },
      {
        "name": "Jesse Winker",
        "team": "Unknown",
        "hits": 0,
        "rbi": 0
      },
      {
        "name": "Brett Baty",
        "team": "Unknown",
        "hits": 2,
        "rbi": 0
      },
      {
        "name": "Pete Alonso",
        "team": "Unknown",
        "hits": 2,
        "rbi": 2
      },
      {
        "name": "Francisco Lindor",
        "team": "Unknown",
        "hits": 1,
        "rbi": 2
      },
      {
        "name": "Brandon Nimmo",
        "team": "Unknown",
        "hits": 2,
        "rbi": 1
      },
      {
        "name": "Juan Soto",
        "team": "Unknown",
        "hits": 3,
        "rbi": 1
      },
      {
        "name": "Ronny Mauricio",
        "team": "Unknown",
        "hits": 1,
        "rbi": 1
      }
    ],
    "pitcher_stats": [
      {
        "name": "Brandon Young",
        "team": "Unknown",
        "innings_pitched": "5.1",
        "strikeouts": 6,
        "earned_runs": 2
      },
      {
        "name": "Gregory Soto",
        "team": "Unknown",
        "innings_pitched": "0.2",
        "strikeouts": 0,
        "earned_runs": 0
      },
      {
        "name": "Seranthony Dom\u00ednguez",
        "team": "Unknown",
        "innings_pitched": "1.0",
        "strikeouts": 2,
        "earned_runs": 0
      },
      {
        "name": "Andrew Kittredge",
        "team": "Unknown",
        "innings_pitched": "1.0",
        "strikeouts": 1,
        "earned_runs": 0
      },
      {
        "name": "F\u00e9lix Bautista",
        "team": "Unknown",
        "innings_pitched": "1.0",
        "strikeouts": 3,
        "earned_runs": 0
      },
      {
        "name": "Yennier Cano",
        "team": "Unknown",
        "innings_pitched": "1.0",
        "strikeouts": 1,
        "earned_runs": 0
      },
      {
        "name": "Bryan Baker",
        "team": "Unknown",
        "innings_pitched": "0.0",
        "strikeouts": 0,
        "earned_runs": 4
      },
      {
        "name": "Huascar Brazob\u00e1n",
        "team": "Unknown",
        "innings_pitched": "1.0",
        "strikeouts": 1,
        "earned_runs": 0
      },
      {
        "name": "Richard Lovelady",
        "team": "Unknown",
        "innings_pitched": "0.2",
        "strikeouts": 0,
        "earned_runs": 0
      },
      {
        "name": "Alex Carrillo",
        "team": "Unknown",
        "innings_pitched": "1.1",
        "strikeouts": 1,
        "earned_runs": 1
      },
      {
        "name": "Clay Holmes",
        "team": "Unknown",
        "innings_pitched": "5.0",
        "strikeouts": 5,
        "earned_runs": 5
      },
      {
        "name": "Edwin D\u00edaz",
        "team": "Unknown",
        "innings_pitched": "1.0",
        "strikeouts": 1,
        "earned_runs": 0
      },
      {
        "name": "Reed Garrett",
        "team": "Unknown",
        "innings_pitched": "1.0",
        "strikeouts": 0,
        "earned_runs": 0
      }
    ]
  },
  {
    "date": "2025-07-08",
    "home_team": "Detroit Tigers",
    "away_team": "Tampa Bay Rays",
    "home_score": 4,
    "away_score": 2,
    "status": "Final",
    "game_id": 777195,
    "starting_pitchers": {
      "home": "Jack Flaherty",
      "away": "Ryan Pepiot"
    },
    "first_inning_runs": {
      "home": 0,
      "away": 1
    },
    "player_stats": [
      {
        "name": "Zach McKinstry",
        "team": "Unknown",
        "hits": 0,
        "rbi": 0
      },
      {
        "name": "Riley Greene",
        "team": "Unknown",
        "hits": 0,
        "rbi": 0
      },
      {
        "name": "Javier B\u00e1ez",
        "team": "Unknown",
        "hits": 0,
        "rbi": 0
      },
      {
        "name": "Spencer Torkelson",
        "team": "Unknown",
        "hits": 1,
        "rbi": 1
      },
      {
        "name": "Gleyber Torres",
        "team": "Unknown",
        "hits": 1,
        "rbi": 0
      },
      {
        "name": "Matt Vierling",
        "team": "Unknown",
        "hits": 0,
        "rbi": 0
      },
      {
        "name": "Dillon Dingler",
        "team": "Unknown",
        "hits": 0,
        "rbi": 0
      },
      {
        "name": "Colt Keith",
        "team": "Unknown",
        "hits": 2,
        "rbi": 3
      },
      {
        "name": "Wenceel P\u00e9rez",
        "team": "Unknown",
        "hits": 0,
        "rbi": 0
      },
      {
        "name": "Jos\u00e9 Caballero",
        "team": "Unknown",
        "hits": 1,
        "rbi": 0
      },
      {
        "name": "Matt Thaiss",
        "team": "Unknown",
        "hits": 0,
        "rbi": 0
      },
      {
        "name": "Chandler Simpson",
        "team": "Unknown",
        "hits": 1,
        "rbi": 0
      },
      {
        "name": "Jake Mangum",
        "team": "Unknown",
        "hits": 1,
        "rbi": 0
      },
      {
        "name": "Jonathan Aranda",
        "team": "Unknown",
        "hits": 2,
        "rbi": 1
      },
      {
        "name": "Josh Lowe",
        "team": "Unknown",
        "hits": 1,
        "rbi": 1
      },
      {
        "name": "Yandy D\u00edaz",
        "team": "Unknown",
        "hits": 1,
        "rbi": 0
      },
      {
        "name": "Ha-Seong Kim",
        "team": "Unknown",
        "hits": 1,
        "rbi": 0
      },
      {
        "name": "Junior Caminero",
        "team": "Unknown",
        "hits": 0,
        "rbi": 0
      }
    ],
    "pitcher_stats": [
      {
        "name": "Tyler Holton",
        "team": "Unknown",
        "innings_pitched": "1.0",
        "strikeouts": 0,
        "earned_runs": 0
      },
      {
        "name": "Jack Flaherty",
        "team": "Unknown",
        "innings_pitched": "6.1",
        "strikeouts": 8,
        "earned_runs": 2
      },
      {
        "name": "Tommy Kahnle",
        "team": "Unknown",
        "innings_pitched": "0.2",
        "strikeouts": 0,
        "earned_runs": 0
      },
      {
        "name": "Will Vest",
        "team": "Unknown",
        "innings_pitched": "1.0",
        "strikeouts": 3,
        "earned_runs": 0
      },
      {
        "name": "Ryan Pepiot",
        "team": "Unknown",
        "innings_pitched": "6.0",
        "strikeouts": 6,
        "earned_runs": 2
      },
      {
        "name": "Edwin Uceta",
        "team": "Unknown",
        "innings_pitched": "1.0",
        "strikeouts": 1,
        "earned_runs": 2
      },
      {
        "name": "Eric Orze",
        "team": "Unknown",
        "innings_pitched": "1.0",
        "strikeouts": 3,
        "earned_runs": 0
      }
    ]
  },
  {
    "date": "2025-07-08",
    "home_team": "New York Yankees",
    "away_team": "Seattle Mariners",
    "home_score": 10,
    "away_score": 3,
    "status": "Final",
    "game_id": 777187,
    "starting_pitchers": {
      "home": "Will Warren",
      "away": "Logan Gilbert"
    },
    "first_inning_runs": {
      "home": 0,
      "away": 0
    },
    "player_stats": [
      {
        "name": "Oswald Peraza",
        "team": "Unknown",
        "hits": 1,
        "rbi": 1
      },
      {
        "name": "Aaron Judge",
        "team": "Unknown",
        "hits": 2,
        "rbi": 1
      },
      {
        "name": "Paul Goldschmidt",
        "team": "Unknown",
        "hits": 3,
        "rbi": 2
      },
      {
        "name": "Jasson Dom\u00ednguez",
        "team": "Unknown",
        "hits": 0,
        "rbi": 0
      },
      {
        "name": "Austin Wells",
        "team": "Unknown",
        "hits": 1,
        "rbi": 2
      },
      {
        "name": "Anthony Volpe",
        "team": "Unknown",
        "hits": 0,
        "rbi": 0
      },
      {
        "name": "Cody Bellinger",
        "team": "Unknown",
        "hits": 3,
        "rbi": 0
      },
      {
        "name": "Giancarlo Stanton",
        "team": "Unknown",
        "hits": 2,
        "rbi": 3
      },
      {
        "name": "Jazz Chisholm Jr.",
        "team": "Unknown",
        "hits": 1,
        "rbi": 1
      },
      {
        "name": "Cole Young",
        "team": "Unknown",
        "hits": 1,
        "rbi": 0
      },
      {
        "name": "Donovan Solano",
        "team": "Unknown",
        "hits": 0,
        "rbi": 0
      },
      {
        "name": "J.P. Crawford",
        "team": "Unknown",
        "hits": 2,
        "rbi": 0
      },
      {
        "name": "Randy Arozarena",
        "team": "Unknown",
        "hits": 0,
        "rbi": 0
      },
      {
        "name": "Dominic Canzone",
        "team": "Unknown",
        "hits": 0,
        "rbi": 0
      },
      {
        "name": "Cal Raleigh",
        "team": "Unknown",
        "hits": 1,
        "rbi": 2
      },
      {
        "name": "Dylan Moore",
        "team": "Unknown",
        "hits": 0,
        "rbi": 0
      },
      {
        "name": "Julio Rodr\u00edguez",
        "team": "Unknown",
        "hits": 1,
        "rbi": 1
      },
      {
        "name": "Ben Williamson",
        "team": "Unknown",
        "hits": 1,
        "rbi": 0
      },
      {
        "name": "Jorge Polanco",
        "team": "Unknown",
        "hits": 0,
        "rbi": 0
      },
      {
        "name": "Luke Raley",
        "team": "Unknown",
        "hits": 1,
        "rbi": 0
      }
    ],
    "pitcher_stats": [
      {
        "name": "Geoff Hartlieb",
        "team": "Unknown",
        "innings_pitched": "0.1",
        "strikeouts": 1,
        "earned_runs": 3
      },
      {
        "name": "Scott Effross",
        "team": "Unknown",
        "innings_pitched": "1.0",
        "strikeouts": 1,
        "earned_runs": 0
      },
      {
        "name": "Tim Hill",
        "team": "Unknown",
        "innings_pitched": "1.1",
        "strikeouts": 0,
        "earned_runs": 0
      },
      {
        "name": "Will Warren",
        "team": "Unknown",
        "innings_pitched": "5.2",
        "strikeouts": 4,
        "earned_runs": 0
      },
      {
        "name": "Ian Hamilton",
        "team": "Unknown",
        "innings_pitched": "0.2",
        "strikeouts": 0,
        "earned_runs": 0
      },
      {
        "name": "Casey Legumina",
        "team": "Unknown",
        "innings_pitched": "1.0",
        "strikeouts": 2,
        "earned_runs": 5
      },
      {
        "name": "Logan Gilbert",
        "team": "Unknown",
        "innings_pitched": "5.1",
        "strikeouts": 5,
        "earned_runs": 5
      },
      {
        "name": "Juan Burgos",
        "team": "Unknown",
        "innings_pitched": "1.2",
        "strikeouts": 2,
        "earned_runs": 0
      }
    ]
  },
  {
    "date": "2025-07-08",
    "home_team": "Boston Red Sox",
    "away_team": "Colorado Rockies",
    "home_score": 10,
    "away_score": 2,
    "status": "Final",
    "game_id": 777196,
    "starting_pitchers": {
      "home": "Brayan Bello",
      "away": "Kyle Freeland"
    },
    "first_inning_runs": {
      "home": 0,
      "away": 0
    },
    "player_stats": [
      {
        "name": "Roman Anthony",
        "team": "Unknown",
        "hits": 1,
        "rbi": 1
      },
      {
        "name": "Romy Gonzalez",
        "team": "Unknown",
        "hits": 3,
        "rbi": 1
      },
      {
        "name": "Connor Wong",
        "team": "Unknown",
        "hits": 0,
        "rbi": 0
      },
      {
        "name": "Rob Refsnyder",
        "team": "Unknown",
        "hits": 1,
        "rbi": 0
      },
      {
        "name": "Trevor Story",
        "team": "Unknown",
        "hits": 2,
        "rbi": 4
      },
      {
        "name": "David Hamilton",
        "team": "Unknown",
        "hits": 0,
        "rbi": 0
      },
      {
        "name": "Abraham Toro",
        "team": "Unknown",
        "hits": 0,
        "rbi": 0
      },
      {
        "name": "Nate Eaton",
        "team": "Unknown",
        "hits": 0,
        "rbi": 0
      },
      {
        "name": "Jarren Duran",
        "team": "Unknown",
        "hits": 2,
        "rbi": 2
      },
      {
        "name": "Ceddanne Rafaela",
        "team": "Unknown",
        "hits": 1,
        "rbi": 2
      },
      {
        "name": "Marcelo Mayer",
        "team": "Unknown",
        "hits": 1,
        "rbi": 0
      },
      {
        "name": "Mickey Moniak",
        "team": "Unknown",
        "hits": 0,
        "rbi": 0
      },
      {
        "name": "Michael Toglia",
        "team": "Unknown",
        "hits": 0,
        "rbi": 0
      },
      {
        "name": "Ryan McMahon",
        "team": "Unknown",
        "hits": 0,
        "rbi": 0
      },
      {
        "name": "Tyler Freeman",
        "team": "Unknown",
        "hits": 1,
        "rbi": 0
      },
      {
        "name": "Yanquiel Fern\u00e1ndez",
        "team": "Unknown",
        "hits": 0,
        "rbi": 0
      },
      {
        "name": "Ryan Ritter",
        "team": "Unknown",
        "hits": 0,
        "rbi": 0
      },
      {
        "name": "Hunter Goodman",
        "team": "Unknown",
        "hits": 2,
        "rbi": 2
      },
      {
        "name": "Jordan Beck",
        "team": "Unknown",
        "hits": 1,
        "rbi": 0
      },
      {
        "name": "Brenton Doyle",
        "team": "Unknown",
        "hits": 1,
        "rbi": 0
      },
      {
        "name": "Orlando Arcia",
        "team": "Unknown",
        "hits": 0,
        "rbi": 0
      }
    ],
    "pitcher_stats": [
      {
        "name": "Brayan Bello",
        "team": "Unknown",
        "innings_pitched": "9.0",
        "strikeouts": 10,
        "earned_runs": 2
      },
      {
        "name": "Kyle Freeland",
        "team": "Unknown",
        "innings_pitched": "5.2",
        "strikeouts": 6,
        "earned_runs": 3
      },
      {
        "name": "Juan Mejia",
        "team": "Unknown",
        "innings_pitched": "0.1",
        "strikeouts": 0,
        "earned_runs": 1
      },
      {
        "name": "Zach Agnos",
        "team": "Unknown",
        "innings_pitched": "1.2",
        "strikeouts": 2,
        "earned_runs": 1
      },
      {
        "name": "Jake Bird",
        "team": "Unknown",
        "innings_pitched": "0.1",
        "strikeouts": 0,
        "earned_runs": 5
      }
    ]
  },
  {
    "date": "2025-07-08",
    "home_team": "Cincinnati Reds",
    "away_team": "Miami Marlins",
    "home_score": 2,
    "away_score": 12,
    "status": "Final",
    "game_id": 777197,
    "starting_pitchers": {
      "home": "Nick Martinez",
      "away": "Eury P\u00e9rez"
    },
    "first_inning_runs": {
      "home": 1,
      "away": 0
    },
    "player_stats": [
      {
        "name": "Elly De La Cruz",
        "team": "Unknown",
        "hits": 0,
        "rbi": 0
      },
      {
        "name": "Noelvi Marte",
        "team": "Unknown",
        "hits": 0,
        "rbi": 0
      },
      {
        "name": "Matt McLain",
        "team": "Unknown",
        "hits": 1,
        "rbi": 1
      },
      {
        "name": "Connor Joe",
        "team": "Unknown",
        "hits": 0,
        "rbi": 0
      },
      {
        "name": "Will Benson",
        "team": "Unknown",
        "hits": 0,
        "rbi": 0
      },
      {
        "name": "TJ Friedl",
        "team": "Unknown",
        "hits": 1,
        "rbi": 0
      },
      {
        "name": "Austin Hays",
        "team": "Unknown",
        "hits": 0,
        "rbi": 0
      },
      {
        "name": "Santiago Espinal",
        "team": "Unknown",
        "hits": 0,
        "rbi": 0
      },
      {
        "name": "Spencer Steer",
        "team": "Unknown",
        "hits": 0,
        "rbi": 0
      },
      {
        "name": "Jose Trevino",
        "team": "Unknown",
        "hits": 2,
        "rbi": 0
      },
      {
        "name": "Tyler Stephenson",
        "team": "Unknown",
        "hits": 0,
        "rbi": 0
      },
      {
        "name": "Gavin Lux",
        "team": "Unknown",
        "hits": 0,
        "rbi": 0
      },
      {
        "name": "Christian Encarnacion-Strand",
        "team": "Unknown",
        "hits": 1,
        "rbi": 0
      },
      {
        "name": "Dane Myers",
        "team": "Unknown",
        "hits": 1,
        "rbi": 2
      },
      {
        "name": "Heriberto Hernandez",
        "team": "Unknown",
        "hits": 2,
        "rbi": 1
      },
      {
        "name": "Javier Sanoja",
        "team": "Unknown",
        "hits": 0,
        "rbi": 0
      },
      {
        "name": "Xavier Edwards",
        "team": "Unknown",
        "hits": 2,
        "rbi": 3
      },
      {
        "name": "Kyle Stowers",
        "team": "Unknown",
        "hits": 1,
        "rbi": 2
      },
      {
        "name": "Liam Hicks",
        "team": "Unknown",
        "hits": 0,
        "rbi": 0
      },
      {
        "name": "Jes\u00fas S\u00e1nchez",
        "team": "Unknown",
        "hits": 2,
        "rbi": 1
      },
      {
        "name": "Agust\u00edn Ram\u00edrez",
        "team": "Unknown",
        "hits": 2,
        "rbi": 1
      },
      {
        "name": "Connor Norby",
        "team": "Unknown",
        "hits": 1,
        "rbi": 1
      },
      {
        "name": "Otto Lopez",
        "team": "Unknown",
        "hits": 1,
        "rbi": 0
      }
    ],
    "pitcher_stats": [
      {
        "name": "Lyon Richardson",
        "team": "Unknown",
        "innings_pitched": "1.0",
        "strikeouts": 0,
        "earned_runs": 0
      },
      {
        "name": "Scott Barlow",
        "team": "Unknown",
        "innings_pitched": "1.0",
        "strikeouts": 0,
        "earned_runs": 0
      },
      {
        "name": "Nick Martinez",
        "team": "Unknown",
        "innings_pitched": "5.0",
        "strikeouts": 2,
        "earned_runs": 10
      },
      {
        "name": "Jose Trevino",
        "team": "Unknown",
        "innings_pitched": "2.0",
        "strikeouts": 0,
        "earned_runs": 1
      },
      {
        "name": "Tyler Phillips",
        "team": "Unknown",
        "innings_pitched": "2.0",
        "strikeouts": 2,
        "earned_runs": 0
      },
      {
        "name": "Cade Gibson",
        "team": "Unknown",
        "innings_pitched": "1.0",
        "strikeouts": 1,
        "earned_runs": 0
      },
      {
        "name": "Josh Simpson",
        "team": "Unknown",
        "innings_pitched": "1.0",
        "strikeouts": 2,
        "earned_runs": 0
      },
      {
        "name": "Eury P\u00e9rez",
        "team": "Unknown",
        "innings_pitched": "5.0",
        "strikeouts": 8,
        "earned_runs": 1
      }
    ]
  },
  {
    "date": "2025-07-08",
    "home_team": "Kansas City Royals",
    "away_team": "Pittsburgh Pirates",
    "home_score": 4,
    "away_score": 3,
    "status": "Final",
    "game_id": 777194,
    "starting_pitchers": {
      "home": "Seth Lugo",
      "away": "Mitch Keller"
    },
    "first_inning_runs": {
      "home": 0,
      "away": 0
    },
    "player_stats": [
      {
        "name": "Jonathan India",
        "team": "Unknown",
        "hits": 0,
        "rbi": 0
      },
      {
        "name": "Salvador Perez",
        "team": "Unknown",
        "hits": 1,
        "rbi": 0
      },
      {
        "name": "Nick Loftin",
        "team": "Unknown",
        "hits": 2,
        "rbi": 3
      },
      {
        "name": "John Rave",
        "team": "Unknown",
        "hits": 0,
        "rbi": 0
      },
      {
        "name": "Vinnie Pasquantino",
        "team": "Unknown",
        "hits": 1,
        "rbi": 0
      },
      {
        "name": "Kyle Isbel",
        "team": "Unknown",
        "hits": 0,
        "rbi": 0
      },
      {
        "name": "Maikel Garcia",
        "team": "Unknown",
        "hits": 1,
        "rbi": 0
      },
      {
        "name": "Jac Caglianone",
        "team": "Unknown",
        "hits": 1,
        "rbi": 1
      },
      {
        "name": "Bobby Witt Jr.",
        "team": "Unknown",
        "hits": 1,
        "rbi": 0
      },
      {
        "name": "Adam Frazier",
        "team": "Unknown",
        "hits": 0,
        "rbi": 0
      },
      {
        "name": "Spencer Horwitz",
        "team": "Unknown",
        "hits": 0,
        "rbi": 0
      },
      {
        "name": "Bryan Reynolds",
        "team": "Unknown",
        "hits": 0,
        "rbi": 1
      },
      {
        "name": "Oneil Cruz",
        "team": "Unknown",
        "hits": 1,
        "rbi": 1
      },
      {
        "name": "Ke'Bryan Hayes",
        "team": "Unknown",
        "hits": 1,
        "rbi": 0
      },
      {
        "name": "Tommy Pham",
        "team": "Unknown",
        "hits": 1,
        "rbi": 0
      },
      {
        "name": "Isiah Kiner-Falefa",
        "team": "Unknown",
        "hits": 1,
        "rbi": 0
      },
      {
        "name": "Henry Davis",
        "team": "Unknown",
        "hits": 1,
        "rbi": 0
      },
      {
        "name": "Jack Suwinski",
        "team": "Unknown",
        "hits": 0,
        "rbi": 0
      },
      {
        "name": "Nick Gonzales",
        "team": "Unknown",
        "hits": 1,
        "rbi": 1
      }
    ],
    "pitcher_stats": [
      {
        "name": "Lucas Erceg",
        "team": "Unknown",
        "innings_pitched": "1.0",
        "strikeouts": 0,
        "earned_runs": 1
      },
      {
        "name": "Carlos Est\u00e9vez",
        "team": "Unknown",
        "innings_pitched": "1.0",
        "strikeouts": 0,
        "earned_runs": 0
      },
      {
        "name": "Seth Lugo",
        "team": "Unknown",
        "innings_pitched": "6.0",
        "strikeouts": 5,
        "earned_runs": 2
      },
      {
        "name": "Angel Zerpa",
        "team": "Unknown",
        "innings_pitched": "1.0",
        "strikeouts": 2,
        "earned_runs": 0
      },
      {
        "name": "Caleb Ferguson",
        "team": "Unknown",
        "innings_pitched": "0.1",
        "strikeouts": 0,
        "earned_runs": 0
      },
      {
        "name": "Mitch Keller",
        "team": "Unknown",
        "innings_pitched": "6.2",
        "strikeouts": 5,
        "earned_runs": 2
      },
      {
        "name": "Isaac Mattson",
        "team": "Unknown",
        "innings_pitched": "0.0",
        "strikeouts": 0,
        "earned_runs": 0
      },
      {
        "name": "Dennis Santana",
        "team": "Unknown",
        "innings_pitched": "1.1",
        "strikeouts": 1,
        "earned_runs": 1
      }
    ]
  },
  {
    "date": "2025-07-08",
    "home_team": "Minnesota Twins",
    "away_team": "Chicago Cubs",
    "home_score": 8,
    "away_score": 1,
    "status": "Final",
    "game_id": 777190,
    "starting_pitchers": {
      "home": "Simeon Woods Richardson",
      "away": "Shota Imanaga"
    },
    "first_inning_runs": {
      "home": 2,
      "away": 0
    },
    "player_stats": [
      {
        "name": "Brooks Lee",
        "team": "Unknown",
        "hits": 1,
        "rbi": 0
      },
      {
        "name": "Willi Castro",
        "team": "Unknown",
        "hits": 1,
        "rbi": 1
      },
      {
        "name": "Ryan Jeffers",
        "team": "Unknown",
        "hits": 3,
        "rbi": 3
      },
      {
        "name": "Harrison Bader",
        "team": "Unknown",
        "hits": 2,
        "rbi": 2
      },
      {
        "name": "Ty France",
        "team": "Unknown",
        "hits": 0,
        "rbi": 0
      },
      {
        "name": "Carlos Correa",
        "team": "Unknown",
        "hits": 2,
        "rbi": 0
      },
      {
        "name": "Royce Lewis",
        "team": "Unknown",
        "hits": 1,
        "rbi": 2
      },
      {
        "name": "Byron Buxton",
        "team": "Unknown",
        "hits": 1,
        "rbi": 0
      },
      {
        "name": "Christian V\u00e1zquez",
        "team": "Unknown",
        "hits": 1,
        "rbi": 0
      },
      {
        "name": "Kyle Tucker",
        "team": "Unknown",
        "hits": 1,
        "rbi": 0
      },
      {
        "name": "Ian Happ",
        "team": "Unknown",
        "hits": 1,
        "rbi": 0
      },
      {
        "name": "Michael Busch",
        "team": "Unknown",
        "hits": 1,
        "rbi": 0
      },
      {
        "name": "Carson Kelly",
        "team": "Unknown",
        "hits": 0,
        "rbi": 0
      },
      {
        "name": "Pete Crow-Armstrong",
        "team": "Unknown",
        "hits": 0,
        "rbi": 0
      },
      {
        "name": "Seiya Suzuki",
        "team": "Unknown",
        "hits": 0,
        "rbi": 0
      },
      {
        "name": "Dansby Swanson",
        "team": "Unknown",
        "hits": 1,
        "rbi": 0
      },
      {
        "name": "Vidal Bruj\u00e1n",
        "team": "Unknown",
        "hits": 0,
        "rbi": 0
      },
      {
        "name": "Nico Hoerner",
        "team": "Unknown",
        "hits": 1,
        "rbi": 0
      },
      {
        "name": "Justin Turner",
        "team": "Unknown",
        "hits": 1,
        "rbi": 1
      },
      {
        "name": "Matt Shaw",
        "team": "Unknown",
        "hits": 0,
        "rbi": 0
      }
    ],
    "pitcher_stats": [
      {
        "name": "Simeon Woods Richardson",
        "team": "Unknown",
        "innings_pitched": "5.0",
        "strikeouts": 4,
        "earned_runs": 0
      },
      {
        "name": "Cole Sands",
        "team": "Unknown",
        "innings_pitched": "1.0",
        "strikeouts": 0,
        "earned_runs": 0
      },
      {
        "name": "Griffin Jax",
        "team": "Unknown",
        "innings_pitched": "1.0",
        "strikeouts": 2,
        "earned_runs": 0
      },
      {
        "name": "Brock Stewart",
        "team": "Unknown",
        "innings_pitched": "0.1",
        "strikeouts": 1,
        "earned_runs": 0
      },
      {
        "name": "Joey Wentz",
        "team": "Unknown",
        "innings_pitched": "1.0",
        "strikeouts": 1,
        "earned_runs": 1
      },
      {
        "name": "Danny Coulombe",
        "team": "Unknown",
        "innings_pitched": "0.2",
        "strikeouts": 1,
        "earned_runs": 0
      },
      {
        "name": "Porter Hodge",
        "team": "Unknown",
        "innings_pitched": "0.1",
        "strikeouts": 1,
        "earned_runs": 6
      },
      {
        "name": "Caleb Thielbar",
        "team": "Unknown",
        "innings_pitched": "1.0",
        "strikeouts": 1,
        "earned_runs": 0
      },
      {
        "name": "Shota Imanaga",
        "team": "Unknown",
        "innings_pitched": "6.0",
        "strikeouts": 1,
        "earned_runs": 2
      },
      {
        "name": "Jon Berti",
        "team": "Unknown",
        "innings_pitched": "0.2",
        "strikeouts": 0,
        "earned_runs": 0
      }
    ]
  },
  {
    "date": "2025-07-08",
    "home_team": "Chicago White Sox",
    "away_team": "Toronto Blue Jays",
    "home_score": 1,
    "away_score": 6,
    "status": "Completed Early",
    "game_id": 777188,
    "starting_pitchers": {
      "home": "Aaron Civale",
      "away": "Chris Bassitt"
    },
    "first_inning_runs": {
      "home": 0,
      "away": 0
    },
    "player_stats": [
      {
        "name": "Lenyn Sosa",
        "team": "Unknown",
        "hits": 0,
        "rbi": 0
      },
      {
        "name": "Josh Rojas",
        "team": "Unknown",
        "hits": 1,
        "rbi": 1
      },
      {
        "name": "Mike Tauchman",
        "team": "Unknown",
        "hits": 1,
        "rbi": 0
      },
      {
        "name": "Kyle Teel",
        "team": "Unknown",
        "hits": 0,
        "rbi": 0
      },
      {
        "name": "Colson Montgomery",
        "team": "Unknown",
        "hits": 1,
        "rbi": 0
      },
      {
        "name": "Andrew Benintendi",
        "team": "Unknown",
        "hits": 0,
        "rbi": 0
      },
      {
        "name": "Austin Slater",
        "team": "Unknown",
        "hits": 0,
        "rbi": 0
      },
      {
        "name": "Miguel Vargas",
        "team": "Unknown",
        "hits": 0,
        "rbi": 0
      },
      {
        "name": "Luis Robert Jr.",
        "team": "Unknown",
        "hits": 1,
        "rbi": 0
      },
      {
        "name": "Bo Bichette",
        "team": "Unknown",
        "hits": 1,
        "rbi": 0
      },
      {
        "name": "Ernie Clement",
        "team": "Unknown",
        "hits": 0,
        "rbi": 0
      },
      {
        "name": "Davis Schneider",
        "team": "Unknown",
        "hits": 1,
        "rbi": 1
      },
      {
        "name": "Nathan Lukes",
        "team": "Unknown",
        "hits": 1,
        "rbi": 0
      },
      {
        "name": "Joey Loperfido",
        "team": "Unknown",
        "hits": 2,
        "rbi": 1
      },
      {
        "name": "Addison Barger",
        "team": "Unknown",
        "hits": 1,
        "rbi": 1
      },
      {
        "name": "George Springer",
        "team": "Unknown",
        "hits": 2,
        "rbi": 0
      },
      {
        "name": "Vladimir Guerrero Jr.",
        "team": "Unknown",
        "hits": 2,
        "rbi": 2
      },
      {
        "name": "Alejandro Kirk",
        "team": "Unknown",
        "hits": 2,
        "rbi": 1
      }
    ],
    "pitcher_stats": [
      {
        "name": "Dan Altavilla",
        "team": "Unknown",
        "innings_pitched": "0.2",
        "strikeouts": 1,
        "earned_runs": 0
      },
      {
        "name": "Aaron Civale",
        "team": "Unknown",
        "innings_pitched": "4.0",
        "strikeouts": 0,
        "earned_runs": 5
      },
      {
        "name": "Tyler Gilbert",
        "team": "Unknown",
        "innings_pitched": "2.0",
        "strikeouts": 1,
        "earned_runs": 1
      },
      {
        "name": "Chris Bassitt",
        "team": "Unknown",
        "innings_pitched": "6.0",
        "strikeouts": 1,
        "earned_runs": 1
      }
    ]
  },
  {
    "date": "2025-07-08",
    "home_team": "Milwaukee Brewers",
    "away_team": "Los Angeles Dodgers",
    "home_score": 3,
    "away_score": 1,
    "status": "Final",
    "game_id": 777193,
    "starting_pitchers": {
      "home": "Jacob Misiorowski",
      "away": "Clayton Kershaw"
    },
    "first_inning_runs": {
      "home": 0,
      "away": 1
    },
    "player_stats": [
      {
        "name": "Joey Ortiz",
        "team": "Unknown",
        "hits": 0,
        "rbi": 0
      },
      {
        "name": "Jackson Chourio",
        "team": "Unknown",
        "hits": 1,
        "rbi": 0
      },
      {
        "name": "Christian Yelich",
        "team": "Unknown",
        "hits": 0,
        "rbi": 0
      },
      {
        "name": "Isaac Collins",
        "team": "Unknown",
        "hits": 1,
        "rbi": 1
      },
      {
        "name": "Sal Frelick",
        "team": "Unknown",
        "hits": 1,
        "rbi": 1
      },
      {
        "name": "Andrew Vaughn",
        "team": "Unknown",
        "hits": 1,
        "rbi": 1
      },
      {
        "name": "Andruw Monasterio",
        "team": "Unknown",
        "hits": 0,
        "rbi": 0
      },
      {
        "name": "William Contreras",
        "team": "Unknown",
        "hits": 3,
        "rbi": 0
      },
      {
        "name": "Brice Turang",
        "team": "Unknown",
        "hits": 1,
        "rbi": 0
      },
      {
        "name": "Michael Conforto",
        "team": "Unknown",
        "hits": 0,
        "rbi": 0
      },
      {
        "name": "Dalton Rushing",
        "team": "Unknown",
        "hits": 1,
        "rbi": 0
      },
      {
        "name": "Freddie Freeman",
        "team": "Unknown",
        "hits": 0,
        "rbi": 0
      },
      {
        "name": "Hyeseong Kim",
        "team": "Unknown",
        "hits": 0,
        "rbi": 0
      },
      {
        "name": "Shohei Ohtani",
        "team": "Unknown",
        "hits": 1,
        "rbi": 1
      },
      {
        "name": "Andy Pages",
        "team": "Unknown",
        "hits": 0,
        "rbi": 0
      },
      {
        "name": "James Outman",
        "team": "Unknown",
        "hits": 0,
        "rbi": 0
      },
      {
        "name": "Mookie Betts",
        "team": "Unknown",
        "hits": 1,
        "rbi": 0
      },
      {
        "name": "Miguel Rojas",
        "team": "Unknown",
        "hits": 1,
        "rbi": 0
      }
    ],
    "pitcher_stats": [
      {
        "name": "Abner Uribe",
        "team": "Unknown",
        "innings_pitched": "1.0",
        "strikeouts": 1,
        "earned_runs": 0
      },
      {
        "name": "Jacob Misiorowski",
        "team": "Unknown",
        "innings_pitched": "6.0",
        "strikeouts": 12,
        "earned_runs": 1
      },
      {
        "name": "Jared Koenig",
        "team": "Unknown",
        "innings_pitched": "1.0",
        "strikeouts": 0,
        "earned_runs": 0
      },
      {
        "name": "Trevor Megill",
        "team": "Unknown",
        "innings_pitched": "1.0",
        "strikeouts": 2,
        "earned_runs": 0
      },
      {
        "name": "Alex Vesia",
        "team": "Unknown",
        "innings_pitched": "1.0",
        "strikeouts": 1,
        "earned_runs": 0
      },
      {
        "name": "Clayton Kershaw",
        "team": "Unknown",
        "innings_pitched": "6.0",
        "strikeouts": 3,
        "earned_runs": 2
      },
      {
        "name": "Kirby Yates",
        "team": "Unknown",
        "innings_pitched": "1.0",
        "strikeouts": 2,
        "earned_runs": 1
      }
    ]
  },
  {
    "date": "2025-07-08",
    "home_team": "St. Louis Cardinals",
    "away_team": "Washington Nationals",
    "home_score": 4,
    "away_score": 2,
    "status": "Final",
    "game_id": 777191,
    "starting_pitchers": {
      "home": "Sonny Gray",
      "away": "Jake Irvin"
    },
    "first_inning_runs": {
      "home": 0,
      "away": 0
    },
    "player_stats": [
      {
        "name": "Nolan Gorman",
        "team": "Unknown",
        "hits": 0,
        "rbi": 0
      },
      {
        "name": "Victor Scott II",
        "team": "Unknown",
        "hits": 1,
        "rbi": 0
      },
      {
        "name": "Willson Contreras",
        "team": "Unknown",
        "hits": 1,
        "rbi": 0
      },
      {
        "name": "Lars Nootbaar",
        "team": "Unknown",
        "hits": 1,
        "rbi": 1
      },
      {
        "name": "Alec Burleson",
        "team": "Unknown",
        "hits": 1,
        "rbi": 1
      },
      {
        "name": "Thomas Saggese",
        "team": "Unknown",
        "hits": 0,
        "rbi": 0
      },
      {
        "name": "Pedro Pag\u00e9s",
        "team": "Unknown",
        "hits": 1,
        "rbi": 0
      },
      {
        "name": "Brendan Donovan",
        "team": "Unknown",
        "hits": 1,
        "rbi": 2
      },
      {
        "name": "Masyn Winn",
        "team": "Unknown",
        "hits": 1,
        "rbi": 0
      },
      {
        "name": "Brady House",
        "team": "Unknown",
        "hits": 1,
        "rbi": 0
      },
      {
        "name": "CJ Abrams",
        "team": "Unknown",
        "hits": 2,
        "rbi": 0
      },
      {
        "name": "Riley Adams",
        "team": "Unknown",
        "hits": 1,
        "rbi": 0
      },
      {
        "name": "Nathaniel Lowe",
        "team": "Unknown",
        "hits": 0,
        "rbi": 0
      },
      {
        "name": "Amed Rosario",
        "team": "Unknown",
        "hits": 0,
        "rbi": 0
      },
      {
        "name": "Josh Bell",
        "team": "Unknown",
        "hits": 1,
        "rbi": 0
      },
      {
        "name": "Daylen Lile",
        "team": "Unknown",
        "hits": 1,
        "rbi": 0
      },
      {
        "name": "James Wood",
        "team": "Unknown",
        "hits": 1,
        "rbi": 1
      },
      {
        "name": "Jacob Young",
        "team": "Unknown",
        "hits": 0,
        "rbi": 0
      },
      {
        "name": "Luis Garc\u00eda Jr.",
        "team": "Unknown",
        "hits": 1,
        "rbi": 1
      }
    ],
    "pitcher_stats": [
      {
        "name": "Steven Matz",
        "team": "Unknown",
        "innings_pitched": "1.0",
        "strikeouts": 0,
        "earned_runs": 0
      },
      {
        "name": "JoJo Romero",
        "team": "Unknown",
        "innings_pitched": "1.0",
        "strikeouts": 2,
        "earned_runs": 0
      },
      {
        "name": "Sonny Gray",
        "team": "Unknown",
        "innings_pitched": "5.0",
        "strikeouts": 6,
        "earned_runs": 2
      },
      {
        "name": "Ryan Helsley",
        "team": "Unknown",
        "innings_pitched": "1.0",
        "strikeouts": 0,
        "earned_runs": 0
      },
      {
        "name": "Phil Maton",
        "team": "Unknown",
        "innings_pitched": "1.0",
        "strikeouts": 0,
        "earned_runs": 0
      },
      {
        "name": "Mason Thompson",
        "team": "Unknown",
        "innings_pitched": "1.0",
        "strikeouts": 1,
        "earned_runs": 0
      },
      {
        "name": "Andrew Chafin",
        "team": "Unknown",
        "innings_pitched": "1.0",
        "strikeouts": 0,
        "earned_runs": 0
      },
      {
        "name": "Jake Irvin",
        "team": "Unknown",
        "innings_pitched": "6.0",
        "strikeouts": 3,
        "earned_runs": 4
      }
    ]
  },
  {
    "date": "2025-07-08",
    "home_team": "Houston Astros",
    "away_team": "Cleveland Guardians",
    "home_score": 6,
    "away_score": 10,
    "status": "Final",
    "game_id": 777192,
    "starting_pitchers": {
      "home": "Hunter Brown",
      "away": "Joey Cantillo"
    },
    "first_inning_runs": {
      "home": 1,
      "away": 2
    },
    "player_stats": [
      {
        "name": "Shay Whitcomb",
        "team": "Unknown",
        "hits": 0,
        "rbi": 0
      },
      {
        "name": "Isaac Paredes",
        "team": "Unknown",
        "hits": 0,
        "rbi": 0
      },
      {
        "name": "Cooper Hummel",
        "team": "Unknown",
        "hits": 0,
        "rbi": 0
      },
      {
        "name": "Cam Smith",
        "team": "Unknown",
        "hits": 3,
        "rbi": 0
      },
      {
        "name": "Victor Caratini",
        "team": "Unknown",
        "hits": 1,
        "rbi": 1
      },
      {
        "name": "Mauricio Dub\u00f3n",
        "team": "Unknown",
        "hits": 3,
        "rbi": 0
      },
      {
        "name": "Zack Short",
        "team": "Unknown",
        "hits": 0,
        "rbi": 0
      },
      {
        "name": "Jose Altuve",
        "team": "Unknown",
        "hits": 2,
        "rbi": 4
      },
      {
        "name": "Taylor Trammell",
        "team": "Unknown",
        "hits": 2,
        "rbi": 1
      },
      {
        "name": "Yainer Diaz",
        "team": "Unknown",
        "hits": 0,
        "rbi": 0
      },
      {
        "name": "Will Wilson",
        "team": "Unknown",
        "hits": 0,
        "rbi": 0
      },
      {
        "name": "Austin Hedges",
        "team": "Unknown",
        "hits": 0,
        "rbi": 0
      },
      {
        "name": "Daniel Schneemann",
        "team": "Unknown",
        "hits": 1,
        "rbi": 2
      },
      {
        "name": "Jhonkensy Noel",
        "team": "Unknown",
        "hits": 0,
        "rbi": 0
      },
      {
        "name": "Johnathan Rodr\u00edguez",
        "team": "Unknown",
        "hits": 0,
        "rbi": 0
      },
      {
        "name": "Brayan Rocchio",
        "team": "Unknown",
        "hits": 3,
        "rbi": 1
      },
      {
        "name": "Nolan Jones",
        "team": "Unknown",
        "hits": 2,
        "rbi": 1
      },
      {
        "name": "Bo Naylor",
        "team": "Unknown",
        "hits": 0,
        "rbi": 0
      },
      {
        "name": "David Fry",
        "team": "Unknown",
        "hits": 0,
        "rbi": 0
      },
      {
        "name": "Jos\u00e9 Ram\u00edrez",
        "team": "Unknown",
        "hits": 1,
        "rbi": 2
      },
      {
        "name": "Steven Kwan",
        "team": "Unknown",
        "hits": 0,
        "rbi": 0
      },
      {
        "name": "Angel Mart\u00ednez",
        "team": "Unknown",
        "hits": 1,
        "rbi": 4
      },
      {
        "name": "Carlos Santana",
        "team": "Unknown",
        "hits": 0,
        "rbi": 0
      }
    ],
    "pitcher_stats": [
      {
        "name": "H\u00e9ctor Neris",
        "team": "Unknown",
        "innings_pitched": "1.0",
        "strikeouts": 1,
        "earned_runs": 0
      },
      {
        "name": "Hunter Brown",
        "team": "Unknown",
        "innings_pitched": "6.0",
        "strikeouts": 3,
        "earned_runs": 6
      },
      {
        "name": "Josh Hader",
        "team": "Unknown",
        "innings_pitched": "1.2",
        "strikeouts": 2,
        "earned_runs": 3
      },
      {
        "name": "Steven Okert",
        "team": "Unknown",
        "innings_pitched": "1.0",
        "strikeouts": 0,
        "earned_runs": 0
      },
      {
        "name": "Kaleb Ort",
        "team": "Unknown",
        "innings_pitched": "0.1",
        "strikeouts": 0,
        "earned_runs": 0
      },
      {
        "name": "Emmanuel Clase",
        "team": "Unknown",
        "innings_pitched": "1.0",
        "strikeouts": 1,
        "earned_runs": 0
      },
      {
        "name": "Matt Festa",
        "team": "Unknown",
        "innings_pitched": "1.0",
        "strikeouts": 0,
        "earned_runs": 1
      },
      {
        "name": "Cade Smith",
        "team": "Unknown",
        "innings_pitched": "1.1",
        "strikeouts": 2,
        "earned_runs": 0
      },
      {
        "name": "Jakob Junis",
        "team": "Unknown",
        "innings_pitched": "1.0",
        "strikeouts": 2,
        "earned_runs": 0
      },
      {
        "name": "Joey Cantillo",
        "team": "Unknown",
        "innings_pitched": "4.0",
        "strikeouts": 7,
        "earned_runs": 3
      },
      {
        "name": "Erik Sabrowski",
        "team": "Unknown",
        "innings_pitched": "0.2",
        "strikeouts": 2,
        "earned_runs": 0
      },
      {
        "name": "Hunter Gaddis",
        "team": "Unknown",
        "innings_pitched": "1.0",
        "strikeouts": 1,
        "earned_runs": 2
      }
    ]
  },
  {
    "date": "2025-07-08",
    "home_team": "Los Angeles Angels",
    "away_team": "Texas Rangers",
    "home_score": 1,
    "away_score": 13,
    "status": "Final",
    "game_id": 777180,
    "starting_pitchers": {
      "home": "Jos\u00e9 Soriano",
      "away": "Nathan Eovaldi"
    },
    "first_inning_runs": {
      "home": 1,
      "away": 0
    },
    "player_stats": [
      {
        "name": "Luis Rengifo",
        "team": "Unknown",
        "hits": 1,
        "rbi": 0
      },
      {
        "name": "Gustavo Campero",
        "team": "Unknown",
        "hits": 0,
        "rbi": 0
      },
      {
        "name": "Zach Neto",
        "team": "Unknown",
        "hits": 0,
        "rbi": 0
      },
      {
        "name": "Yo\u00e1n Moncada",
        "team": "Unknown",
        "hits": 0,
        "rbi": 0
      },
      {
        "name": "Taylor Ward",
        "team": "Unknown",
        "hits": 1,
        "rbi": 0
      },
      {
        "name": "Mike Trout",
        "team": "Unknown",
        "hits": 0,
        "rbi": 0
      },
      {
        "name": "Jo Adell",
        "team": "Unknown",
        "hits": 1,
        "rbi": 0
      },
      {
        "name": "Nolan Schanuel",
        "team": "Unknown",
        "hits": 3,
        "rbi": 1
      },
      {
        "name": "LaMonte Wade Jr.",
        "team": "Unknown",
        "hits": 0,
        "rbi": 0
      },
      {
        "name": "Logan O'Hoppe",
        "team": "Unknown",
        "hits": 0,
        "rbi": 0
      },
      {
        "name": "Jonah Heim",
        "team": "Unknown",
        "hits": 1,
        "rbi": 0
      },
      {
        "name": "Evan Carter",
        "team": "Unknown",
        "hits": 1,
        "rbi": 3
      },
      {
        "name": "Wyatt Langford",
        "team": "Unknown",
        "hits": 2,
        "rbi": 4
      },
      {
        "name": "Jake Burger",
        "team": "Unknown",
        "hits": 3,
        "rbi": 4
      },
      {
        "name": "Corey Seager",
        "team": "Unknown",
        "hits": 2,
        "rbi": 1
      },
      {
        "name": "Marcus Semien",
        "team": "Unknown",
        "hits": 0,
        "rbi": 0
      },
      {
        "name": "Kyle Higashioka",
        "team": "Unknown",
        "hits": 1,
        "rbi": 1
      },
      {
        "name": "Ezequiel Duran",
        "team": "Unknown",
        "hits": 0,
        "rbi": 0
      },
      {
        "name": "Josh Smith",
        "team": "Unknown",
        "hits": 1,
        "rbi": 0
      },
      {
        "name": "Sam Haggerty",
        "team": "Unknown",
        "hits": 0,
        "rbi": 0
      },
      {
        "name": "Adolis Garc\u00eda",
        "team": "Unknown",
        "hits": 1,
        "rbi": 0
      }
    ],
    "pitcher_stats": [
      {
        "name": "Jos\u00e9 Soriano",
        "team": "Unknown",
        "innings_pitched": "4.0",
        "strikeouts": 4,
        "earned_runs": 5
      },
      {
        "name": "Sam Aldegheri",
        "team": "Unknown",
        "innings_pitched": "2.0",
        "strikeouts": 2,
        "earned_runs": 5
      },
      {
        "name": "Kevin Newman",
        "team": "Unknown",
        "innings_pitched": "3.0",
        "strikeouts": 0,
        "earned_runs": 3
      },
      {
        "name": "Dane Dunning",
        "team": "Unknown",
        "innings_pitched": "2.0",
        "strikeouts": 3,
        "earned_runs": 0
      },
      {
        "name": "Ezequiel Duran",
        "team": "Unknown",
        "innings_pitched": "1.0",
        "strikeouts": 0,
        "earned_runs": 0
      },
      {
        "name": "Nathan Eovaldi",
        "team": "Unknown",
        "innings_pitched": "6.0",
        "strikeouts": 6,
        "earned_runs": 0
      }
    ]
  },
  {
    "date": "2025-07-08",
    "home_team": "San Diego Padres",
    "away_team": "Arizona Diamondbacks",
    "home_score": 1,
    "away_score": 0,
    "status": "Final",
    "game_id": 777185,
    "starting_pitchers": {
      "home": "Nick Pivetta",
      "away": "Merrill Kelly"
    },
    "first_inning_runs": {
      "home": 0,
      "away": 0
    },
    "player_stats": [
      {
        "name": "Jackson Merrill",
        "team": "Unknown",
        "hits": 0,
        "rbi": 0
      },
      {
        "name": "Trenton Brooks",
        "team": "Unknown",
        "hits": 0,
        "rbi": 0
      },
      {
        "name": "Gavin Sheets",
        "team": "Unknown",
        "hits": 1,
        "rbi": 0
      },
      {
        "name": "Manny Machado",
        "team": "Unknown",
        "hits": 0,
        "rbi": 0
      },
      {
        "name": "Fernando Tatis Jr.",
        "team": "Unknown",
        "hits": 1,
        "rbi": 0
      },
      {
        "name": "Xander Bogaerts",
        "team": "Unknown",
        "hits": 1,
        "rbi": 0
      },
      {
        "name": "Elias D\u00edaz",
        "team": "Unknown",
        "hits": 0,
        "rbi": 0
      },
      {
        "name": "Jake Cronenworth",
        "team": "Unknown",
        "hits": 0,
        "rbi": 0
      },
      {
        "name": "Luis Arraez",
        "team": "Unknown",
        "hits": 1,
        "rbi": 1
      },
      {
        "name": "Josh Naylor",
        "team": "Unknown",
        "hits": 0,
        "rbi": 0
      },
      {
        "name": "Jose Herrera",
        "team": "Unknown",
        "hits": 1,
        "rbi": 0
      },
      {
        "name": "Jake McCarthy",
        "team": "Unknown",
        "hits": 0,
        "rbi": 0
      },
      {
        "name": "Randal Grichuk",
        "team": "Unknown",
        "hits": 0,
        "rbi": 0
      },
      {
        "name": "Ketel Marte",
        "team": "Unknown",
        "hits": 0,
        "rbi": 0
      },
      {
        "name": "Geraldo Perdomo",
        "team": "Unknown",
        "hits": 0,
        "rbi": 0
      },
      {
        "name": "Eugenio Su\u00e1rez",
        "team": "Unknown",
        "hits": 1,
        "rbi": 0
      },
      {
        "name": "Corbin Carroll",
        "team": "Unknown",
        "hits": 1,
        "rbi": 0
      },
      {
        "name": "Lourdes Gurriel Jr.",
        "team": "Unknown",
        "hits": 0,
        "rbi": 0
      },
      {
        "name": "Alek Thomas",
        "team": "Unknown",
        "hits": 0,
        "rbi": 0
      }
    ],
    "pitcher_stats": [
      {
        "name": "Robert Suarez",
        "team": "Unknown",
        "innings_pitched": "1.0",
        "strikeouts": 1,
        "earned_runs": 0
      },
      {
        "name": "Jason Adam",
        "team": "Unknown",
        "innings_pitched": "1.0",
        "strikeouts": 0,
        "earned_runs": 0
      },
      {
        "name": "Jeremiah Estrada",
        "team": "Unknown",
        "innings_pitched": "1.0",
        "strikeouts": 3,
        "earned_runs": 0
      },
      {
        "name": "Adrian Morejon",
        "team": "Unknown",
        "innings_pitched": "0.1",
        "strikeouts": 1,
        "earned_runs": 0
      },
      {
        "name": "Nick Pivetta",
        "team": "Unknown",
        "innings_pitched": "5.2",
        "strikeouts": 7,
        "earned_runs": 0
      },
      {
        "name": "Merrill Kelly",
        "team": "Unknown",
        "innings_pitched": "7.0",
        "strikeouts": 4,
        "earned_runs": 1
      },
      {
        "name": "John Curtiss",
        "team": "Unknown",
        "innings_pitched": "1.0",
        "strikeouts": 1,
        "earned_runs": 0
      }
    ]
  },
  {
    "date": "2025-07-08",
    "home_team": "San Francisco Giants",
    "away_team": "Philadelphia Phillies",
    "home_score": 4,
    "away_score": 3,
    "status": "Final",
    "game_id": 777186,
    "starting_pitchers": {
      "home": "Robbie Ray",
      "away": "Taijuan Walker"
    },
    "first_inning_runs": {
      "home": 0,
      "away": 0
    },
    "player_stats": [
      {
        "name": "Casey Schmitt",
        "team": "Unknown",
        "hits": 1,
        "rbi": 0
      },
      {
        "name": "Heliot Ramos",
        "team": "Unknown",
        "hits": 1,
        "rbi": 0
      },
      {
        "name": "Matt Chapman",
        "team": "Unknown",
        "hits": 0,
        "rbi": 0
      },
      {
        "name": "Patrick Bailey",
        "team": "Unknown",
        "hits": 2,
        "rbi": 3
      },
      {
        "name": "Wilmer Flores",
        "team": "Unknown",
        "hits": 1,
        "rbi": 0
      },
      {
        "name": "Dominic Smith",
        "team": "Unknown",
        "hits": 1,
        "rbi": 1
      },
      {
        "name": "Jung Hoo Lee",
        "team": "Unknown",
        "hits": 2,
        "rbi": 0
      },
      {
        "name": "Rafael Devers",
        "team": "Unknown",
        "hits": 0,
        "rbi": 0
      },
      {
        "name": "Willy Adames",
        "team": "Unknown",
        "hits": 0,
        "rbi": 0
      },
      {
        "name": "Mike Yastrzemski",
        "team": "Unknown",
        "hits": 1,
        "rbi": 0
      },
      {
        "name": "Brandon Marsh",
        "team": "Unknown",
        "hits": 1,
        "rbi": 0
      },
      {
        "name": "Bryce Harper",
        "team": "Unknown",
        "hits": 0,
        "rbi": 0
      },
      {
        "name": "Edmundo Sosa",
        "team": "Unknown",
        "hits": 1,
        "rbi": 0
      },
      {
        "name": "Nick Castellanos",
        "team": "Unknown",
        "hits": 2,
        "rbi": 0
      },
      {
        "name": "Alec Bohm",
        "team": "Unknown",
        "hits": 1,
        "rbi": 0
      },
      {
        "name": "Kyle Schwarber",
        "team": "Unknown",
        "hits": 2,
        "rbi": 2
      },
      {
        "name": "Otto Kemp",
        "team": "Unknown",
        "hits": 1,
        "rbi": 1
      },
      {
        "name": "Rafael March\u00e1n",
        "team": "Unknown",
        "hits": 0,
        "rbi": 0
      },
      {
        "name": "Johan Rojas",
        "team": "Unknown",
        "hits": 0,
        "rbi": 0
      },
      {
        "name": "Trea Turner",
        "team": "Unknown",
        "hits": 1,
        "rbi": 0
      }
    ],
    "pitcher_stats": [
      {
        "name": "Scott Alexander",
        "team": "Unknown",
        "innings_pitched": "0.2",
        "strikeouts": 1,
        "earned_runs": 0
      },
      {
        "name": "Ryan Walker",
        "team": "Unknown",
        "innings_pitched": "0.1",
        "strikeouts": 0,
        "earned_runs": 0
      },
      {
        "name": "Spencer Bivens",
        "team": "Unknown",
        "innings_pitched": "1.1",
        "strikeouts": 0,
        "earned_runs": 2
      },
      {
        "name": "Tristan Beck",
        "team": "Unknown",
        "innings_pitched": "1.0",
        "strikeouts": 0,
        "earned_runs": 0
      },
      {
        "name": "Robbie Ray",
        "team": "Unknown",
        "innings_pitched": "5.2",
        "strikeouts": 5,
        "earned_runs": 1
      },
      {
        "name": "Daniel Robert",
        "team": "Unknown",
        "innings_pitched": "0.1",
        "strikeouts": 1,
        "earned_runs": 0
      },
      {
        "name": "Taijuan Walker",
        "team": "Unknown",
        "innings_pitched": "4.0",
        "strikeouts": 3,
        "earned_runs": 1
      },
      {
        "name": "Matt Strahm",
        "team": "Unknown",
        "innings_pitched": "1.0",
        "strikeouts": 2,
        "earned_runs": 0
      },
      {
        "name": "Tanner Banks",
        "team": "Unknown",
        "innings_pitched": "1.0",
        "strikeouts": 1,
        "earned_runs": 0
      },
      {
        "name": "Max Lazar",
        "team": "Unknown",
        "innings_pitched": "1.0",
        "strikeouts": 1,
        "earned_runs": 0
      },
      {
        "name": "Jordan Romano",
        "team": "Unknown",
        "innings_pitched": "1.0",
        "strikeouts": 0,
        "earned_runs": 3
      }
    ]
  },
  {
    "date": "2025-07-08",
    "home_team": "Athletics",
    "away_team": "Atlanta Braves",
    "home_score": 10,
    "away_score": 1,
    "status": "Final",
    "game_id": 777189,
    "starting_pitchers": {
      "home": "Jeffrey Springs",
      "away": "Didier Fuentes"
    },
    "first_inning_runs": {
      "home": 5,
      "away": 0
    },
    "player_stats": [
      {
        "name": "Lawrence Butler",
        "team": "Unknown",
        "hits": 2,
        "rbi": 2
      },
      {
        "name": "Brent Rooker",
        "team": "Unknown",
        "hits": 1,
        "rbi": 2
      },
      {
        "name": "Zack Gelof",
        "team": "Unknown",
        "hits": 0,
        "rbi": 0
      },
      {
        "name": "Max Schuemann",
        "team": "Unknown",
        "hits": 1,
        "rbi": 0
      },
      {
        "name": "Max Muncy",
        "team": "Unknown",
        "hits": 2,
        "rbi": 2
      },
      {
        "name": "Denzel Clarke",
        "team": "Unknown",
        "hits": 1,
        "rbi": 0
      },
      {
        "name": "Tyler Soderstrom",
        "team": "Unknown",
        "hits": 1,
        "rbi": 0
      },
      {
        "name": "Nick Kurtz",
        "team": "Unknown",
        "hits": 2,
        "rbi": 4
      },
      {
        "name": "Colby Thomas",
        "team": "Unknown",
        "hits": 0,
        "rbi": 0
      },
      {
        "name": "Shea Langeliers",
        "team": "Unknown",
        "hits": 0,
        "rbi": 0
      },
      {
        "name": "Nick Allen",
        "team": "Unknown",
        "hits": 1,
        "rbi": 0
      },
      {
        "name": "Jurickson Profar",
        "team": "Unknown",
        "hits": 0,
        "rbi": 0
      },
      {
        "name": "Matt Olson",
        "team": "Unknown",
        "hits": 1,
        "rbi": 0
      },
      {
        "name": "Sean Murphy",
        "team": "Unknown",
        "hits": 0,
        "rbi": 0
      },
      {
        "name": "Eli White",
        "team": "Unknown",
        "hits": 1,
        "rbi": 1
      },
      {
        "name": "Ozzie Albies",
        "team": "Unknown",
        "hits": 1,
        "rbi": 0
      },
      {
        "name": "Austin Riley",
        "team": "Unknown",
        "hits": 1,
        "rbi": 0
      },
      {
        "name": "Marcell Ozuna",
        "team": "Unknown",
        "hits": 1,
        "rbi": 0
      },
      {
        "name": "Stuart Fairchild",
        "team": "Unknown",
        "hits": 0,
        "rbi": 0
      }
    ],
    "pitcher_stats": [
      {
        "name": "Justin Sterner",
        "team": "Unknown",
        "innings_pitched": "2.0",
        "strikeouts": 2,
        "earned_runs": 0
      },
      {
        "name": "Elvis Alvarado",
        "team": "Unknown",
        "innings_pitched": "1.0",
        "strikeouts": 0,
        "earned_runs": 0
      },
      {
        "name": "Jeffrey Springs",
        "team": "Unknown",
        "innings_pitched": "6.0",
        "strikeouts": 2,
        "earned_runs": 1
      },
      {
        "name": "Luke Williams",
        "team": "Unknown",
        "innings_pitched": "1.0",
        "strikeouts": 1,
        "earned_runs": 0
      },
      {
        "name": "Jesse Chavez",
        "team": "Unknown",
        "innings_pitched": "3.0",
        "strikeouts": 4,
        "earned_runs": 2
      },
      {
        "name": "Didier Fuentes",
        "team": "Unknown",
        "innings_pitched": "1.0",
        "strikeouts": 2,
        "earned_runs": 8
      },
      {
        "name": "Enyel De Los Santos",
        "team": "Unknown",
        "innings_pitched": "1.2",
        "strikeouts": 1,
        "earned_runs": 0
      },
      {
        "name": "Austin Cox",
        "team": "Unknown",
        "innings_pitched": "1.1",
        "strikeouts": 1,
        "earned_runs": 0
      }
    ]
  }
]