date,game_id,matchup,home_pitcher,away_pitcher,yrfi_prob,predicted_yrfi,actual_yrfi,missed
2025-07-08,777180,Texas Rangers @ Los Angeles Angels,José Soriano,Nathan Eovaldi,0.501,1,1,0
2025-07-08,777185,Arizona Diamondbacks @ San Diego Padres,Nick Pivetta,Merrill Kelly,0.487,0,0,0
2025-07-08,777186,Philadelphia Phillies @ San Francisco Giants,Robbie Ray,Taijuan Walker,0.484,0,0,0
2025-07-08,777187,Seattle Mariners @ New York Yankees,Will Warren,Logan Gilbert,0.504,1,0,1
2025-07-08,777188,Toronto Blue Jays @ Chicago White Sox,Aaron Civale,Chris Bassitt,0.511,1,0,1
2025-07-08,777189,Atlanta Braves @ Athletics,Jeffrey Springs,Didier Fuentes,0.454,0,1,1
2025-07-08,777190,Chicago Cubs @ Minnesota Twins,Simeon Woods Richardson,Shota Imanaga,0.504,1,1,0
2025-07-08,777191,Washington Nationals @ St. Louis Cardinals,Sonny Gray,Jake Irvin,0.488,0,0,0
2025-07-08,777192,Cleveland Guardians @ Houston Astros,Hunter Brown,Joey Cantillo,0.458,0,1,1
2025-07-08,777193,Los Angeles Dodgers @ Milwaukee Brewers,Jacob Misiorowski,Clayton Kershaw,0.478,0,1,1
2025-07-08,777194,Pittsburgh Pirates @ Kansas City Royals,Seth Lugo,Mitch Keller,0.511,1,0,1
2025-07-08,777195,Tampa Bay Rays @ Detroit Tigers,Jack Flaherty,Ryan Pepiot,0.491,0,1,1
2025-07-08,777196,Colorado Rockies @ Boston Red Sox,Brayan Bello,Kyle Freeland,0.526,1,0,1
2025-07-08,777197,Miami Marlins @ Cincinnati Reds,Nick Martinez,Eury Pérez,0.505,1,1,0
2025-07-08,777198,New York Mets @ Baltimore Orioles,Brandon Young,Clay Holmes,0.509,1,0,1
2025-07-08,777180,Texas Rangers @ Los Angeles Angels,José Soriano,Nathan Eovaldi,0.501,1,1,0
2025-07-08,777185,Arizona Diamondbacks @ San Diego Padres,Nick Pivetta,Merrill Kelly,0.487,0,0,0
2025-07-08,777186,Philadelphia Phillies @ San Francisco Giants,Robbie Ray,Taijuan Walker,0.483,0,0,0
2025-07-08,777187,Seattle Mariners @ New York Yankees,Will Warren,Logan Gilbert,0.506,1,0,1
2025-07-08,777188,Toronto Blue Jays @ Chicago White Sox,Aaron Civale,Chris Bassitt,0.513,1,0,1
2025-07-08,777189,Atlanta Braves @ Athletics,Jeffrey Springs,Didier Fuentes,0.457,0,1,1
2025-07-08,777190,Chicago Cubs @ Minnesota Twins,Simeon Woods Richardson,Shota Imanaga,0.505,1,1,0
2025-07-08,777191,Washington Nationals @ St. Louis Cardinals,Sonny Gray,Jake Irvin,0.49,0,0,0
2025-07-08,777192,Cleveland Guardians @ Houston Astros,Hunter Brown,Joey Cantillo,0.461,0,1,1
2025-07-08,777193,Los Angeles Dodgers @ Milwaukee Brewers,Jacob Misiorowski,Clayton Kershaw,0.482,0,1,1
2025-07-08,777194,Pittsburgh Pirates @ Kansas City Royals,Seth Lugo,Mitch Keller,0.513,1,0,1
2025-07-08,777195,Tampa Bay Rays @ Detroit Tigers,Jack Flaherty,Ryan Pepiot,0.491,0,1,1
2025-07-08,777196,Colorado Rockies @ Boston Red Sox,Brayan Bello,Kyle Freeland,0.529,1,0,1
2025-07-08,777197,Miami Marlins @ Cincinnati Reds,Nick Martinez,Eury Pérez,0.505,1,1,0
2025-07-08,777198,New York Mets @ Baltimore Orioles,Brandon Young,Clay Holmes,0.511,1,0,1
