[
  {
    "date": "2023-08-25",
    "home_team": "Detroit Tigers",
    "away_team": "Houston Astros",
    "home_score": 4,
    "away_score": 1,
    "status": "Final",
    "game_id": 716858,
    "starting_pitchers": {
      "home": "Matt Manning",
      "away": "Framber Valdez"
    },
    "first_inning_runs": {
      "home": 0,
      "away": 0
    },
    "player_stats": [
      {
        "name": "Zach McKinstry",
        "team": "Unknown",
        "hits": 1,
        "rbi": 0
      },
      {
        "name": "Javier B\u00e1ez",
        "team": "Unknown",
        "hits": 1,
        "rbi": 1
      },
      {
        "name": "Riley Greene",
        "team": "Unknown",
        "hits": 0,
        "rbi": 0
      },
      {
        "name": "Kerry Carpenter",
        "team": "Unknown",
        "hits": 1,
        "rbi": 0
      },
      {
        "name": "Zack Short",
        "team": "Unknown",
        "hits": 0,
        "rbi": 0
      },
      {
        "name": "Spencer Torkelson",
        "team": "Unknown",
        "hits": 0,
        "rbi": 0
      },
      {
        "name": "Jake Rogers",
        "team": "Unknown",
        "hits": 0,
        "rbi": 0
      },
      {
        "name": "Miguel Cabrera",
        "team": "Unknown",
        "hits": 1,
        "rbi": 0
      },
      {
        "name": "Akil Baddoo",
        "team": "Unknown",
        "hits": 0,
        "rbi": 0
      },
      {
        "name": "Matt Vierling",
        "team": "Unknown",
        "hits": 0,
        "rbi": 0
      },
      {
        "name": "Andy Ib\u00e1\u00f1ez",
        "team": "Unknown",
        "hits": 0,
        "rbi": 0
      },
      {
        "name": "Parker Meadows",
        "team": "Unknown",
        "hits": 1,
        "rbi": 3
      },
      {
        "name": "Mart\u00edn Maldonado",
        "team": "Unknown",
        "hits": 0,
        "rbi": 0
      },
      {
        "name": "Kyle Tucker",
        "team": "Unknown",
        "hits": 0,
        "rbi": 0
      },
      {
        "name": "Alex Bregman",
        "team": "Unknown",
        "hits": 0,
        "rbi": 0
      },
      {
        "name": "Jos\u00e9 Abreu",
        "team": "Unknown",
        "hits": 0,
        "rbi": 0
      },
      {
        "name": "Jose Altuve",
        "team": "Unknown",
        "hits": 1,
        "rbi": 1
      },
      {
        "name": "Jeremy Pe\u00f1a",
        "team": "Unknown",
        "hits": 0,
        "rbi": 0
      },
      {
        "name": "Chas McCormick",
        "team": "Unknown",
        "hits": 0,
        "rbi": 0
      },
      {
        "name": "Yainer Diaz",
        "team": "Unknown",
        "hits": 0,
        "rbi": 0
      },
      {
        "name": "Yordan Alvarez",
        "team": "Unknown",
        "hits": 0,
        "rbi": 0
      }
    ],
    "pitcher_stats": [
      {
        "name": "Matt Manning",
        "team": "Unknown",
        "innings_pitched": "6.1",
        "strikeouts": 3,
        "earned_runs": 0
      },
      {
        "name": "Brendan White",
        "team": "Unknown",
        "innings_pitched": "1.2",
        "strikeouts": 3,
        "earned_runs": 0
      },
      {
        "name": "Alex Lange",
        "team": "Unknown",
        "innings_pitched": "1.0",
        "strikeouts": 0,
        "earned_runs": 0
      },
      {
        "name": "Framber Valdez",
        "team": "Unknown",
        "innings_pitched": "7.0",
        "strikeouts": 6,
        "earned_runs": 0
      },
      {
        "name": "Bryan Abreu",
        "team": "Unknown",
        "innings_pitched": "1.0",
        "strikeouts": 0,
        "earned_runs": 0
      },
      {
        "name": "Ryan Pressly",
        "team": "Unknown",
        "innings_pitched": "0.2",
        "strikeouts": 2,
        "earned_runs": 4
      }
    ]
  },
  {
    "date": "2023-08-25",
    "home_team": "Miami Marlins",
    "away_team": "Washington Nationals",
    "home_score": 4,
    "away_score": 7,
    "status": "Final",
    "game_id": 716863,
    "starting_pitchers": {
      "home": "Braxton Garrett",
      "away": "Joan Adon"
    },
    "first_inning_runs": {
      "home": 0,
      "away": 1
    },
    "player_stats": [
      {
        "name": "Jake Burger",
        "team": "Unknown",
        "hits": 1,
        "rbi": 0
      },
      {
        "name": "Bryan De La Cruz",
        "team": "Unknown",
        "hits": 2,
        "rbi": 0
      },
      {
        "name": "Jorge Soler",
        "team": "Unknown",
        "hits": 1,
        "rbi": 0
      },
      {
        "name": "Josh Bell",
        "team": "Unknown",
        "hits": 0,
        "rbi": 0
      },
      {
        "name": "Jon Berti",
        "team": "Unknown",
        "hits": 1,
        "rbi": 0
      },
      {
        "name": "Nick Fortes",
        "team": "Unknown",
        "hits": 1,
        "rbi": 1
      },
      {
        "name": "Jazz Chisholm Jr.",
        "team": "Unknown",
        "hits": 1,
        "rbi": 1
      },
      {
        "name": "Jes\u00fas S\u00e1nchez",
        "team": "Unknown",
        "hits": 1,
        "rbi": 2
      },
      {
        "name": "Luis Arraez",
        "team": "Unknown",
        "hits": 1,
        "rbi": 0
      },
      {
        "name": "CJ Abrams",
        "team": "Unknown",
        "hits": 1,
        "rbi": 0
      },
      {
        "name": "Riley Adams",
        "team": "Unknown",
        "hits": 1,
        "rbi": 0
      },
      {
        "name": "Joey Meneses",
        "team": "Unknown",
        "hits": 1,
        "rbi": 3
      },
      {
        "name": "Ildemaro Vargas",
        "team": "Unknown",
        "hits": 2,
        "rbi": 0
      },
      {
        "name": "Michael Chavis",
        "team": "Unknown",
        "hits": 2,
        "rbi": 0
      },
      {
        "name": "Carter Kieboom",
        "team": "Unknown",
        "hits": 1,
        "rbi": 2
      },
      {
        "name": "Alex Call",
        "team": "Unknown",
        "hits": 2,
        "rbi": 1
      },
      {
        "name": "Keibert Ruiz",
        "team": "Unknown",
        "hits": 2,
        "rbi": 1
      },
      {
        "name": "Lane Thomas",
        "team": "Unknown",
        "hits": 1,
        "rbi": 0
      }
    ],
    "pitcher_stats": [
      {
        "name": "Braxton Garrett",
        "team": "Unknown",
        "innings_pitched": "6.0",
        "strikeouts": 3,
        "earned_runs": 3
      },
      {
        "name": "Steven Okert",
        "team": "Unknown",
        "innings_pitched": "0.2",
        "strikeouts": 0,
        "earned_runs": 3
      },
      {
        "name": "A.J. Puk",
        "team": "Unknown",
        "innings_pitched": "0.2",
        "strikeouts": 1,
        "earned_runs": 0
      },
      {
        "name": "Jorge L\u00f3pez",
        "team": "Unknown",
        "innings_pitched": "0.2",
        "strikeouts": 0,
        "earned_runs": 1
      },
      {
        "name": "JT Chargois",
        "team": "Unknown",
        "innings_pitched": "1.0",
        "strikeouts": 1,
        "earned_runs": 0
      },
      {
        "name": "Mason Thompson",
        "team": "Unknown",
        "innings_pitched": "0.0",
        "strikeouts": 0,
        "earned_runs": 4
      },
      {
        "name": "Hunter Harvey",
        "team": "Unknown",
        "innings_pitched": "1.0",
        "strikeouts": 1,
        "earned_runs": 0
      },
      {
        "name": "Robert Garcia",
        "team": "Unknown",
        "innings_pitched": "2.0",
        "strikeouts": 2,
        "earned_runs": 0
      },
      {
        "name": "Joan Adon",
        "team": "Unknown",
        "innings_pitched": "6.0",
        "strikeouts": 3,
        "earned_runs": 0
      }
    ]
  },
  {
    "date": "2023-08-25",
    "home_team": "Tampa Bay Rays",
    "away_team": "New York Yankees",
    "home_score": 2,
    "away_score": 6,
    "status": "Final",
    "game_id": 716854,
    "starting_pitchers": {
      "home": "Zach Eflin",
      "away": "Gerrit Cole"
    },
    "first_inning_runs": {
      "home": 0,
      "away": 0
    },
    "player_stats": [
      {
        "name": "Jose Siri",
        "team": "Unknown",
        "hits": 0,
        "rbi": 0
      },
      {
        "name": "Isaac Paredes",
        "team": "Unknown",
        "hits": 1,
        "rbi": 0
      },
      {
        "name": "Harold Ram\u00edrez",
        "team": "Unknown",
        "hits": 0,
        "rbi": 0
      },
      {
        "name": "Brandon Lowe",
        "team": "Unknown",
        "hits": 2,
        "rbi": 1
      },
      {
        "name": "Randy Arozarena",
        "team": "Unknown",
        "hits": 0,
        "rbi": 0
      },
      {
        "name": "Christian Bethancourt",
        "team": "Unknown",
        "hits": 0,
        "rbi": 0
      },
      {
        "name": "Josh Lowe",
        "team": "Unknown",
        "hits": 0,
        "rbi": 0
      },
      {
        "name": "Yandy D\u00edaz",
        "team": "Unknown",
        "hits": 1,
        "rbi": 1
      },
      {
        "name": "Osleivis Basabe",
        "team": "Unknown",
        "hits": 0,
        "rbi": 0
      },
      {
        "name": "DJ LeMahieu",
        "team": "Unknown",
        "hits": 3,
        "rbi": 2
      },
      {
        "name": "Oswald Peraza",
        "team": "Unknown",
        "hits": 1,
        "rbi": 0
      },
      {
        "name": "Ben Rortvedt",
        "team": "Unknown",
        "hits": 0,
        "rbi": 0
      },
      {
        "name": "Aaron Judge",
        "team": "Unknown",
        "hits": 0,
        "rbi": 0
      },
      {
        "name": "Isiah Kiner-Falefa",
        "team": "Unknown",
        "hits": 1,
        "rbi": 0
      },
      {
        "name": "Gleyber Torres",
        "team": "Unknown",
        "hits": 2,
        "rbi": 1
      },
      {
        "name": "Anthony Volpe",
        "team": "Unknown",
        "hits": 2,
        "rbi": 0
      },
      {
        "name": "Giancarlo Stanton",
        "team": "Unknown",
        "hits": 1,
        "rbi": 2
      },
      {
        "name": "Everson Pereira",
        "team": "Unknown",
        "hits": 1,
        "rbi": 1
      }
    ],
    "pitcher_stats": [
      {
        "name": "Jake Diekman",
        "team": "Unknown",
        "innings_pitched": "1.0",
        "strikeouts": 1,
        "earned_runs": 0
      },
      {
        "name": "Trevor Kelley",
        "team": "Unknown",
        "innings_pitched": "2.0",
        "strikeouts": 3,
        "earned_runs": 4
      },
      {
        "name": "Zach Eflin",
        "team": "Unknown",
        "innings_pitched": "6.0",
        "strikeouts": 11,
        "earned_runs": 2
      },
      {
        "name": "Jonathan Lo\u00e1isiga",
        "team": "Unknown",
        "innings_pitched": "1.1",
        "strikeouts": 0,
        "earned_runs": 0
      },
      {
        "name": "Gerrit Cole",
        "team": "Unknown",
        "innings_pitched": "7.2",
        "strikeouts": 11,
        "earned_runs": 1
      }
    ]
  },
  {
    "date": "2023-08-25",
    "home_team": "Baltimore Orioles",
    "away_team": "Colorado Rockies",
    "home_score": 5,
    "away_score": 4,
    "status": "Final",
    "game_id": 716859,
    "starting_pitchers": {
      "home": "Cole Irvin",
      "away": "Kyle Freeland"
    },
    "first_inning_runs": {
      "home": 2,
      "away": 0
    },
    "player_stats": [
      {
        "name": "Adam Frazier",
        "team": "Unknown",
        "hits": 0,
        "rbi": 0
      },
      {
        "name": "Gunnar Henderson",
        "team": "Unknown",
        "hits": 2,
        "rbi": 3
      },
      {
        "name": "Jorge Mateo",
        "team": "Unknown",
        "hits": 0,
        "rbi": 0
      },
      {
        "name": "Anthony Santander",
        "team": "Unknown",
        "hits": 1,
        "rbi": 0
      },
      {
        "name": "Ryan McKenna",
        "team": "Unknown",
        "hits": 0,
        "rbi": 0
      },
      {
        "name": "Ryan Mountcastle",
        "team": "Unknown",
        "hits": 2,
        "rbi": 1
      },
      {
        "name": "Adley Rutschman",
        "team": "Unknown",
        "hits": 1,
        "rbi": 0
      },
      {
        "name": "Jordan Westburg",
        "team": "Unknown",
        "hits": 1,
        "rbi": 0
      },
      {
        "name": "Austin Hays",
        "team": "Unknown",
        "hits": 2,
        "rbi": 1
      },
      {
        "name": "James McCann",
        "team": "Unknown",
        "hits": 1,
        "rbi": 0
      },
      {
        "name": "Cedric Mullins",
        "team": "Unknown",
        "hits": 0,
        "rbi": 0
      },
      {
        "name": "Jurickson Profar",
        "team": "Unknown",
        "hits": 0,
        "rbi": 0
      },
      {
        "name": "Brendan Rodgers",
        "team": "Unknown",
        "hits": 0,
        "rbi": 0
      },
      {
        "name": "Michael Toglia",
        "team": "Unknown",
        "hits": 0,
        "rbi": 0
      },
      {
        "name": "Ryan McMahon",
        "team": "Unknown",
        "hits": 0,
        "rbi": 0
      },
      {
        "name": "Harold Castro",
        "team": "Unknown",
        "hits": 0,
        "rbi": 0
      },
      {
        "name": "Charlie Blackmon",
        "team": "Unknown",
        "hits": 2,
        "rbi": 0
      },
      {
        "name": "Nolan Jones",
        "team": "Unknown",
        "hits": 1,
        "rbi": 0
      },
      {
        "name": "Brenton Doyle",
        "team": "Unknown",
        "hits": 0,
        "rbi": 0
      },
      {
        "name": "Elias D\u00edaz",
        "team": "Unknown",
        "hits": 2,
        "rbi": 1
      },
      {
        "name": "Ezequiel Tovar",
        "team": "Unknown",
        "hits": 1,
        "rbi": 2
      },
      {
        "name": "Elehuris Montero",
        "team": "Unknown",
        "hits": 1,
        "rbi": 0
      },
      {
        "name": "Alan Trejo",
        "team": "Unknown",
        "hits": 0,
        "rbi": 1
      }
    ],
    "pitcher_stats": [
      {
        "name": "Shintaro Fujinami",
        "team": "Unknown",
        "innings_pitched": "2.0",
        "strikeouts": 2,
        "earned_runs": 0
      },
      {
        "name": "Cole Irvin",
        "team": "Unknown",
        "innings_pitched": "6.0",
        "strikeouts": 5,
        "earned_runs": 4
      },
      {
        "name": "F\u00e9lix Bautista",
        "team": "Unknown",
        "innings_pitched": "0.2",
        "strikeouts": 1,
        "earned_runs": 0
      },
      {
        "name": "Danny Coulombe",
        "team": "Unknown",
        "innings_pitched": "0.1",
        "strikeouts": 1,
        "earned_runs": 0
      },
      {
        "name": "Kyle Freeland",
        "team": "Unknown",
        "innings_pitched": "6.0",
        "strikeouts": 3,
        "earned_runs": 3
      },
      {
        "name": "Jake Bird",
        "team": "Unknown",
        "innings_pitched": "1.0",
        "strikeouts": 1,
        "earned_runs": 0
      },
      {
        "name": "Brent Suter",
        "team": "Unknown",
        "innings_pitched": "1.0",
        "strikeouts": 0,
        "earned_runs": 2
      }
    ]
  },
  {
    "date": "2023-08-25",
    "home_team": "Pittsburgh Pirates",
    "away_team": "Chicago Cubs",
    "home_score": 2,
    "away_score": 1,
    "status": "Final",
    "game_id": 716862,
    "starting_pitchers": {
      "home": "Mitch Keller",
      "away": "Kyle Hendricks"
    },
    "first_inning_runs": {
      "home": 2,
      "away": 0
    },
    "player_stats": [
      {
        "name": "Bryan Reynolds",
        "team": "Unknown",
        "hits": 1,
        "rbi": 0
      },
      {
        "name": "Connor Joe",
        "team": "Unknown",
        "hits": 1,
        "rbi": 0
      },
      {
        "name": "Ke'Bryan Hayes",
        "team": "Unknown",
        "hits": 2,
        "rbi": 0
      },
      {
        "name": "Alika Williams",
        "team": "Unknown",
        "hits": 1,
        "rbi": 0
      },
      {
        "name": "Andrew McCutchen",
        "team": "Unknown",
        "hits": 0,
        "rbi": 1
      },
      {
        "name": "Jason Delay",
        "team": "Unknown",
        "hits": 1,
        "rbi": 0
      },
      {
        "name": "Joshua Palacios",
        "team": "Unknown",
        "hits": 0,
        "rbi": 1
      },
      {
        "name": "Jack Suwinski",
        "team": "Unknown",
        "hits": 1,
        "rbi": 0
      },
      {
        "name": "Ji Hwan Bae",
        "team": "Unknown",
        "hits": 0,
        "rbi": 0
      },
      {
        "name": "Nick Madrigal",
        "team": "Unknown",
        "hits": 1,
        "rbi": 0
      },
      {
        "name": "Ian Happ",
        "team": "Unknown",
        "hits": 2,
        "rbi": 1
      },
      {
        "name": "Mike Tauchman",
        "team": "Unknown",
        "hits": 0,
        "rbi": 0
      },
      {
        "name": "Yan Gomes",
        "team": "Unknown",
        "hits": 0,
        "rbi": 0
      },
      {
        "name": "Jeimer Candelario",
        "team": "Unknown",
        "hits": 0,
        "rbi": 0
      },
      {
        "name": "Seiya Suzuki",
        "team": "Unknown",
        "hits": 2,
        "rbi": 0
      },
      {
        "name": "Cody Bellinger",
        "team": "Unknown",
        "hits": 0,
        "rbi": 0
      },
      {
        "name": "Dansby Swanson",
        "team": "Unknown",
        "hits": 0,
        "rbi": 0
      },
      {
        "name": "Nico Hoerner",
        "team": "Unknown",
        "hits": 0,
        "rbi": 0
      }
    ],
    "pitcher_stats": [
      {
        "name": "Mitch Keller",
        "team": "Unknown",
        "innings_pitched": "8.0",
        "strikeouts": 6,
        "earned_runs": 0
      },
      {
        "name": "David Bednar",
        "team": "Unknown",
        "innings_pitched": "1.0",
        "strikeouts": 1,
        "earned_runs": 1
      },
      {
        "name": "Jose Cuas",
        "team": "Unknown",
        "innings_pitched": "1.1",
        "strikeouts": 0,
        "earned_runs": 0
      },
      {
        "name": "Drew Smyly",
        "team": "Unknown",
        "innings_pitched": "1.0",
        "strikeouts": 1,
        "earned_runs": 0
      },
      {
        "name": "Kyle Hendricks",
        "team": "Unknown",
        "innings_pitched": "5.2",
        "strikeouts": 4,
        "earned_runs": 2
      }
    ]
  },
  {
    "date": "2023-08-25",
    "home_team": "Philadelphia Phillies",
    "away_team": "St. Louis Cardinals",
    "home_score": 7,
    "away_score": 2,
    "status": "Final",
    "game_id": 716861,
    "starting_pitchers": {
      "home": "Cristopher S\u00e1nchez",
      "away": "Miles Mikolas"
    },
    "first_inning_runs": {
      "home": 0,
      "away": 2
    },
    "player_stats": [
      {
        "name": "Brandon Marsh",
        "team": "Unknown",
        "hits": 2,
        "rbi": 0
      },
      {
        "name": "Bryce Harper",
        "team": "Unknown",
        "hits": 2,
        "rbi": 0
      },
      {
        "name": "Nick Castellanos",
        "team": "Unknown",
        "hits": 1,
        "rbi": 1
      },
      {
        "name": "Alec Bohm",
        "team": "Unknown",
        "hits": 2,
        "rbi": 1
      },
      {
        "name": "Bryson Stott",
        "team": "Unknown",
        "hits": 0,
        "rbi": 1
      },
      {
        "name": "Kyle Schwarber",
        "team": "Unknown",
        "hits": 2,
        "rbi": 2
      },
      {
        "name": "Jake Cave",
        "team": "Unknown",
        "hits": 0,
        "rbi": 0
      },
      {
        "name": "Garrett Stubbs",
        "team": "Unknown",
        "hits": 1,
        "rbi": 2
      },
      {
        "name": "Trea Turner",
        "team": "Unknown",
        "hits": 1,
        "rbi": 0
      },
      {
        "name": "Nolan Gorman",
        "team": "Unknown",
        "hits": 0,
        "rbi": 0
      },
      {
        "name": "Jordan Walker",
        "team": "Unknown",
        "hits": 0,
        "rbi": 0
      },
      {
        "name": "Willson Contreras",
        "team": "Unknown",
        "hits": 1,
        "rbi": 0
      },
      {
        "name": "Nolan Arenado",
        "team": "Unknown",
        "hits": 0,
        "rbi": 0
      },
      {
        "name": "Andrew Knizner",
        "team": "Unknown",
        "hits": 0,
        "rbi": 0
      },
      {
        "name": "Tyler O'Neill",
        "team": "Unknown",
        "hits": 1,
        "rbi": 0
      },
      {
        "name": "Paul Goldschmidt",
        "team": "Unknown",
        "hits": 1,
        "rbi": 2
      },
      {
        "name": "Tommy Edman",
        "team": "Unknown",
        "hits": 1,
        "rbi": 0
      },
      {
        "name": "Taylor Motter",
        "team": "Unknown",
        "hits": 1,
        "rbi": 0
      },
      {
        "name": "Masyn Winn",
        "team": "Unknown",
        "hits": 0,
        "rbi": 0
      }
    ],
    "pitcher_stats": [
      {
        "name": "Jos\u00e9 Alvarado",
        "team": "Unknown",
        "innings_pitched": "1.0",
        "strikeouts": 2,
        "earned_runs": 0
      },
      {
        "name": "Cristopher S\u00e1nchez",
        "team": "Unknown",
        "innings_pitched": "6.0",
        "strikeouts": 6,
        "earned_runs": 2
      },
      {
        "name": "Jeff Hoffman",
        "team": "Unknown",
        "innings_pitched": "1.0",
        "strikeouts": 2,
        "earned_runs": 0
      },
      {
        "name": "Andrew Bellatti",
        "team": "Unknown",
        "innings_pitched": "1.0",
        "strikeouts": 1,
        "earned_runs": 0
      },
      {
        "name": "Miles Mikolas",
        "team": "Unknown",
        "innings_pitched": "6.0",
        "strikeouts": 3,
        "earned_runs": 5
      },
      {
        "name": "Andrew Su\u00e1rez",
        "team": "Unknown",
        "innings_pitched": "2.0",
        "strikeouts": 1,
        "earned_runs": 2
      }
    ]
  },
  {
    "date": "2023-08-25",
    "home_team": "Toronto Blue Jays",
    "away_team": "Cleveland Guardians",
    "home_score": 2,
    "away_score": 5,
    "status": "Final",
    "game_id": 716860,
    "starting_pitchers": {
      "home": "Chris Bassitt",
      "away": "Tanner Bibee"
    },
    "first_inning_runs": {
      "home": 0,
      "away": 0
    },
    "player_stats": [
      {
        "name": "Bo Bichette",
        "team": "Unknown",
        "hits": 0,
        "rbi": 0
      },
      {
        "name": "Daulton Varsho",
        "team": "Unknown",
        "hits": 0,
        "rbi": 0
      },
      {
        "name": "Matt Chapman",
        "team": "Unknown",
        "hits": 1,
        "rbi": 0
      },
      {
        "name": "Whit Merrifield",
        "team": "Unknown",
        "hits": 0,
        "rbi": 0
      },
      {
        "name": "Kevin Kiermaier",
        "team": "Unknown",
        "hits": 0,
        "rbi": 0
      },
      {
        "name": "George Springer",
        "team": "Unknown",
        "hits": 1,
        "rbi": 1
      },
      {
        "name": "Vladimir Guerrero Jr.",
        "team": "Unknown",
        "hits": 2,
        "rbi": 1
      },
      {
        "name": "Brandon Belt",
        "team": "Unknown",
        "hits": 0,
        "rbi": 0
      },
      {
        "name": "Alejandro Kirk",
        "team": "Unknown",
        "hits": 2,
        "rbi": 0
      },
      {
        "name": "Andr\u00e9s Gim\u00e9nez",
        "team": "Unknown",
        "hits": 1,
        "rbi": 1
      },
      {
        "name": "Oscar Gonzalez",
        "team": "Unknown",
        "hits": 2,
        "rbi": 0
      },
      {
        "name": "Ram\u00f3n Laureano",
        "team": "Unknown",
        "hits": 2,
        "rbi": 3
      },
      {
        "name": "Gabriel Arias",
        "team": "Unknown",
        "hits": 0,
        "rbi": 0
      },
      {
        "name": "Bo Naylor",
        "team": "Unknown",
        "hits": 1,
        "rbi": 1
      },
      {
        "name": "Jos\u00e9 Ram\u00edrez",
        "team": "Unknown",
        "hits": 1,
        "rbi": 0
      },
      {
        "name": "Kole Calhoun",
        "team": "Unknown",
        "hits": 0,
        "rbi": 0
      },
      {
        "name": "Steven Kwan",
        "team": "Unknown",
        "hits": 1,
        "rbi": 0
      },
      {
        "name": "Myles Straw",
        "team": "Unknown",
        "hits": 0,
        "rbi": 0
      }
    ],
    "pitcher_stats": [
      {
        "name": "Chris Bassitt",
        "team": "Unknown",
        "innings_pitched": "5.2",
        "strikeouts": 5,
        "earned_runs": 4
      },
      {
        "name": "Erik Swanson",
        "team": "Unknown",
        "innings_pitched": "1.0",
        "strikeouts": 0,
        "earned_runs": 0
      },
      {
        "name": "Jordan Hicks",
        "team": "Unknown",
        "innings_pitched": "1.0",
        "strikeouts": 1,
        "earned_runs": 1
      },
      {
        "name": "G\u00e9nesis Cabrera",
        "team": "Unknown",
        "innings_pitched": "0.1",
        "strikeouts": 0,
        "earned_runs": 0
      },
      {
        "name": "Bowden Francis",
        "team": "Unknown",
        "innings_pitched": "1.0",
        "strikeouts": 3,
        "earned_runs": 0
      },
      {
        "name": "Emmanuel Clase",
        "team": "Unknown",
        "innings_pitched": "1.0",
        "strikeouts": 1,
        "earned_runs": 0
      },
      {
        "name": "Enyel De Los Santos",
        "team": "Unknown",
        "innings_pitched": "1.0",
        "strikeouts": 2,
        "earned_runs": 0
      },
      {
        "name": "Trevor Stephan",
        "team": "Unknown",
        "innings_pitched": "1.0",
        "strikeouts": 1,
        "earned_runs": 0
      },
      {
        "name": "Tanner Bibee",
        "team": "Unknown",
        "innings_pitched": "6.0",
        "strikeouts": 5,
        "earned_runs": 2
      }
    ]
  },
  {
    "date": "2023-08-25",
    "home_team": "Boston Red Sox",
    "away_team": "Los Angeles Dodgers",
    "home_score": 4,
    "away_score": 7,
    "status": "Final",
    "game_id": 716866,
    "starting_pitchers": {
      "home": "Kutter Crawford",
      "away": "Lance Lynn"
    },
    "first_inning_runs": {
      "home": 1,
      "away": 0
    },
    "player_stats": [
      {
        "name": "Adam Duvall",
        "team": "Unknown",
        "hits": 1,
        "rbi": 0
      },
      {
        "name": "Pablo Reyes",
        "team": "Unknown",
        "hits": 0,
        "rbi": 0
      },
      {
        "name": "Trevor Story",
        "team": "Unknown",
        "hits": 2,
        "rbi": 2
      },
      {
        "name": "Alex Verdugo",
        "team": "Unknown",
        "hits": 3,
        "rbi": 1
      },
      {
        "name": "Wilyer Abreu",
        "team": "Unknown",
        "hits": 0,
        "rbi": 0
      },
      {
        "name": "Reese McGuire",
        "team": "Unknown",
        "hits": 3,
        "rbi": 0
      },
      {
        "name": "Rafael Devers",
        "team": "Unknown",
        "hits": 2,
        "rbi": 0
      },
      {
        "name": "Masataka Yoshida",
        "team": "Unknown",
        "hits": 1,
        "rbi": 0
      },
      {
        "name": "Triston Casas",
        "team": "Unknown",
        "hits": 2,
        "rbi": 0
      },
      {
        "name": "Justin Turner",
        "team": "Unknown",
        "hits": 0,
        "rbi": 0
      },
      {
        "name": "Will Smith",
        "team": "Unknown",
        "hits": 1,
        "rbi": 1
      },
      {
        "name": "Chris Taylor",
        "team": "Unknown",
        "hits": 0,
        "rbi": 0
      },
      {
        "name": "Enrique Hern\u00e1ndez",
        "team": "Unknown",
        "hits": 1,
        "rbi": 1
      },
      {
        "name": "Max Muncy",
        "team": "Unknown",
        "hits": 2,
        "rbi": 3
      },
      {
        "name": "Jason Heyward",
        "team": "Unknown",
        "hits": 0,
        "rbi": 0
      },
      {
        "name": "Michael Busch",
        "team": "Unknown",
        "hits": 0,
        "rbi": 0
      },
      {
        "name": "Freddie Freeman",
        "team": "Unknown",
        "hits": 4,
        "rbi": 1
      },
      {
        "name": "David Peralta",
        "team": "Unknown",
        "hits": 0,
        "rbi": 1
      },
      {
        "name": "Mookie Betts",
        "team": "Unknown",
        "hits": 1,
        "rbi": 0
      },
      {
        "name": "Miguel Rojas",
        "team": "Unknown",
        "hits": 1,
        "rbi": 0
      }
    ],
    "pitcher_stats": [
      {
        "name": "Brennan Bernardino",
        "team": "Unknown",
        "innings_pitched": "0.2",
        "strikeouts": 1,
        "earned_runs": 0
      },
      {
        "name": "Kutter Crawford",
        "team": "Unknown",
        "innings_pitched": "5.0",
        "strikeouts": 7,
        "earned_runs": 2
      },
      {
        "name": "Nick Pivetta",
        "team": "Unknown",
        "innings_pitched": "2.0",
        "strikeouts": 3,
        "earned_runs": 4
      },
      {
        "name": "John Schreiber",
        "team": "Unknown",
        "innings_pitched": "1.1",
        "strikeouts": 0,
        "earned_runs": 1
      },
      {
        "name": "Alex Vesia",
        "team": "Unknown",
        "innings_pitched": "0.1",
        "strikeouts": 0,
        "earned_runs": 0
      },
      {
        "name": "Lance Lynn",
        "team": "Unknown",
        "innings_pitched": "6.0",
        "strikeouts": 1,
        "earned_runs": 3
      },
      {
        "name": "Brusdar Graterol",
        "team": "Unknown",
        "innings_pitched": "1.2",
        "strikeouts": 2,
        "earned_runs": 0
      },
      {
        "name": "Evan Phillips",
        "team": "Unknown",
        "innings_pitched": "1.0",
        "strikeouts": 2,
        "earned_runs": 0
      }
    ]
  },
  {
    "date": "2023-08-25",
    "home_team": "New York Mets",
    "away_team": "Los Angeles Angels",
    "home_score": 1,
    "away_score": 3,
    "status": "Final",
    "game_id": 716855,
    "starting_pitchers": {
      "home": "Kodai Senga",
      "away": "Patrick Sandoval"
    },
    "first_inning_runs": {
      "home": 0,
      "away": 0
    },
    "player_stats": [
      {
        "name": "Francisco Alvarez",
        "team": "Unknown",
        "hits": 0,
        "rbi": 0
      },
      {
        "name": "Jeff McNeil",
        "team": "Unknown",
        "hits": 1,
        "rbi": 0
      },
      {
        "name": "Daniel Vogelbach",
        "team": "Unknown",
        "hits": 0,
        "rbi": 0
      },
      {
        "name": "Jonathan Ara\u00faz",
        "team": "Unknown",
        "hits": 1,
        "rbi": 0
      },
      {
        "name": "DJ Stewart",
        "team": "Unknown",
        "hits": 0,
        "rbi": 0
      },
      {
        "name": "Pete Alonso",
        "team": "Unknown",
        "hits": 0,
        "rbi": 0
      },
      {
        "name": "Francisco Lindor",
        "team": "Unknown",
        "hits": 1,
        "rbi": 1
      },
      {
        "name": "Tim Locastro",
        "team": "Unknown",
        "hits": 0,
        "rbi": 0
      },
      {
        "name": "Brandon Nimmo",
        "team": "Unknown",
        "hits": 0,
        "rbi": 0
      },
      {
        "name": "Danny Mendick",
        "team": "Unknown",
        "hits": 1,
        "rbi": 0
      },
      {
        "name": "Rafael Ortega",
        "team": "Unknown",
        "hits": 0,
        "rbi": 0
      },
      {
        "name": "Luis Rengifo",
        "team": "Unknown",
        "hits": 1,
        "rbi": 0
      },
      {
        "name": "Mickey Moniak",
        "team": "Unknown",
        "hits": 0,
        "rbi": 0
      },
      {
        "name": "Hunter Renfroe",
        "team": "Unknown",
        "hits": 0,
        "rbi": 0
      },
      {
        "name": "Randal Grichuk",
        "team": "Unknown",
        "hits": 0,
        "rbi": 0
      },
      {
        "name": "Brandon Drury",
        "team": "Unknown",
        "hits": 1,
        "rbi": 1
      },
      {
        "name": "Andrew Velazquez",
        "team": "Unknown",
        "hits": 0,
        "rbi": 0
      },
      {
        "name": "Shohei Ohtani",
        "team": "Unknown",
        "hits": 1,
        "rbi": 0
      },
      {
        "name": "Nolan Schanuel",
        "team": "Unknown",
        "hits": 1,
        "rbi": 1
      },
      {
        "name": "Mike Moustakas",
        "team": "Unknown",
        "hits": 1,
        "rbi": 1
      },
      {
        "name": "Logan O'Hoppe",
        "team": "Unknown",
        "hits": 1,
        "rbi": 0
      }
    ],
    "pitcher_stats": [
      {
        "name": "Sam Coonrod",
        "team": "Unknown",
        "innings_pitched": "0.2",
        "strikeouts": 1,
        "earned_runs": 1
      },
      {
        "name": "Adam Kolarek",
        "team": "Unknown",
        "innings_pitched": "1.0",
        "strikeouts": 2,
        "earned_runs": 0
      },
      {
        "name": "Kodai Senga",
        "team": "Unknown",
        "innings_pitched": "6.2",
        "strikeouts": 10,
        "earned_runs": 2
      },
      {
        "name": "Trevor Gott",
        "team": "Unknown",
        "innings_pitched": "0.1",
        "strikeouts": 1,
        "earned_runs": 0
      },
      {
        "name": "Brooks Raley",
        "team": "Unknown",
        "innings_pitched": "0.1",
        "strikeouts": 0,
        "earned_runs": 0
      },
      {
        "name": "Patrick Sandoval",
        "team": "Unknown",
        "innings_pitched": "6.0",
        "strikeouts": 7,
        "earned_runs": 1
      },
      {
        "name": "Matt Moore",
        "team": "Unknown",
        "innings_pitched": "1.0",
        "strikeouts": 1,
        "earned_runs": 0
      },
      {
        "name": "Reynaldo L\u00f3pez",
        "team": "Unknown",
        "innings_pitched": "1.0",
        "strikeouts": 1,
        "earned_runs": 0
      },
      {
        "name": "Carlos Est\u00e9vez",
        "team": "Unknown",
        "innings_pitched": "1.0",
        "strikeouts": 2,
        "earned_runs": 0
      }
    ]
  },
  {
    "date": "2023-08-25",
    "home_team": "Chicago White Sox",
    "away_team": "Oakland Athletics",
    "home_score": 4,
    "away_score": 12,
    "status": "Final",
    "game_id": 716856,
    "starting_pitchers": {
      "home": "Dylan Cease",
      "away": "Zach Neal"
    },
    "first_inning_runs": {
      "home": 0,
      "away": 0
    },
    "player_stats": [
      {
        "name": "Lenyn Sosa",
        "team": "Unknown",
        "hits": 1,
        "rbi": 2
      },
      {
        "name": "Yo\u00e1n Moncada",
        "team": "Unknown",
        "hits": 1,
        "rbi": 1
      },
      {
        "name": "Korey Lee",
        "team": "Unknown",
        "hits": 0,
        "rbi": 0
      },
      {
        "name": "Andrew Vaughn",
        "team": "Unknown",
        "hits": 0,
        "rbi": 0
      },
      {
        "name": "Andrew Benintendi",
        "team": "Unknown",
        "hits": 0,
        "rbi": 0
      },
      {
        "name": "Tim Anderson",
        "team": "Unknown",
        "hits": 2,
        "rbi": 0
      },
      {
        "name": "Eloy Jim\u00e9nez",
        "team": "Unknown",
        "hits": 1,
        "rbi": 1
      },
      {
        "name": "Luis Robert Jr.",
        "team": "Unknown",
        "hits": 0,
        "rbi": 0
      },
      {
        "name": "Oscar Col\u00e1s",
        "team": "Unknown",
        "hits": 1,
        "rbi": 0
      },
      {
        "name": "Lawrence Butler",
        "team": "Unknown",
        "hits": 1,
        "rbi": 1
      },
      {
        "name": "Nick Allen",
        "team": "Unknown",
        "hits": 4,
        "rbi": 5
      },
      {
        "name": "Brent Rooker",
        "team": "Unknown",
        "hits": 2,
        "rbi": 0
      },
      {
        "name": "Zack Gelof",
        "team": "Unknown",
        "hits": 1,
        "rbi": 1
      },
      {
        "name": "Jonah Bride",
        "team": "Unknown",
        "hits": 1,
        "rbi": 0
      },
      {
        "name": "Esteury Ruiz",
        "team": "Unknown",
        "hits": 0,
        "rbi": 0
      },
      {
        "name": "Seth Brown",
        "team": "Unknown",
        "hits": 0,
        "rbi": 0
      },
      {
        "name": "Ryan Noda",
        "team": "Unknown",
        "hits": 3,
        "rbi": 3
      },
      {
        "name": "Tony Kemp",
        "team": "Unknown",
        "hits": 3,
        "rbi": 0
      },
      {
        "name": "Shea Langeliers",
        "team": "Unknown",
        "hits": 0,
        "rbi": 0
      }
    ],
    "pitcher_stats": [
      {
        "name": "Bryan Shaw",
        "team": "Unknown",
        "innings_pitched": "2.0",
        "strikeouts": 1,
        "earned_runs": 0
      },
      {
        "name": "Dylan Cease",
        "team": "Unknown",
        "innings_pitched": "4.1",
        "strikeouts": 6,
        "earned_runs": 8
      },
      {
        "name": "Tanner Banks",
        "team": "Unknown",
        "innings_pitched": "2.2",
        "strikeouts": 1,
        "earned_runs": 3
      },
      {
        "name": "Zach Neal",
        "team": "Unknown",
        "innings_pitched": "5.0",
        "strikeouts": 2,
        "earned_runs": 2
      },
      {
        "name": "Sean Newcomb",
        "team": "Unknown",
        "innings_pitched": "2.0",
        "strikeouts": 3,
        "earned_runs": 0
      },
      {
        "name": "Francisco P\u00e9rez",
        "team": "Unknown",
        "innings_pitched": "2.0",
        "strikeouts": 2,
        "earned_runs": 0
      }
    ]
  },
  {
    "date": "2023-08-25",
    "home_team": "Minnesota Twins",
    "away_team": "Texas Rangers",
    "home_score": 12,
    "away_score": 2,
    "status": "Final",
    "game_id": 716850,
    "starting_pitchers": {
      "home": "Sonny Gray",
      "away": "Dane Dunning"
    },
    "first_inning_runs": {
      "home": 4,
      "away": 0
    },
    "player_stats": [
      {
        "name": "Donovan Solano",
        "team": "Unknown",
        "hits": 2,
        "rbi": 2
      },
      {
        "name": "Jordan Luplow",
        "team": "Unknown",
        "hits": 0,
        "rbi": 0
      },
      {
        "name": "Edouard Julien",
        "team": "Unknown",
        "hits": 1,
        "rbi": 3
      },
      {
        "name": "Ryan Jeffers",
        "team": "Unknown",
        "hits": 2,
        "rbi": 2
      },
      {
        "name": "Carlos Correa",
        "team": "Unknown",
        "hits": 1,
        "rbi": 1
      },
      {
        "name": "Joey Gallo",
        "team": "Unknown",
        "hits": 0,
        "rbi": 0
      },
      {
        "name": "Max Kepler",
        "team": "Unknown",
        "hits": 2,
        "rbi": 1
      },
      {
        "name": "Royce Lewis",
        "team": "Unknown",
        "hits": 1,
        "rbi": 0
      },
      {
        "name": "Jorge Polanco",
        "team": "Unknown",
        "hits": 1,
        "rbi": 0
      },
      {
        "name": "Matt Wallner",
        "team": "Unknown",
        "hits": 2,
        "rbi": 3
      },
      {
        "name": "Leody Taveras",
        "team": "Unknown",
        "hits": 2,
        "rbi": 0
      },
      {
        "name": "Austin Hedges",
        "team": "Unknown",
        "hits": 1,
        "rbi": 0
      },
      {
        "name": "Nathaniel Lowe",
        "team": "Unknown",
        "hits": 2,
        "rbi": 1
      },
      {
        "name": "J.P. Mart\u00ednez",
        "team": "Unknown",
        "hits": 0,
        "rbi": 0
      },
      {
        "name": "Corey Seager",
        "team": "Unknown",
        "hits": 2,
        "rbi": 0
      },
      {
        "name": "Marcus Semien",
        "team": "Unknown",
        "hits": 0,
        "rbi": 0
      },
      {
        "name": "Ezequiel Duran",
        "team": "Unknown",
        "hits": 0,
        "rbi": 0
      },
      {
        "name": "Mitch Garver",
        "team": "Unknown",
        "hits": 1,
        "rbi": 1
      },
      {
        "name": "Travis Jankowski",
        "team": "Unknown",
        "hits": 0,
        "rbi": 0
      },
      {
        "name": "Adolis Garc\u00eda",
        "team": "Unknown",
        "hits": 0,
        "rbi": 0
      }
    ],
    "pitcher_stats": [
      {
        "name": "Sonny Gray",
        "team": "Unknown",
        "innings_pitched": "7.0",
        "strikeouts": 4,
        "earned_runs": 1
      },
      {
        "name": "Cole Sands",
        "team": "Unknown",
        "innings_pitched": "2.0",
        "strikeouts": 1,
        "earned_runs": 0
      },
      {
        "name": "Dane Dunning",
        "team": "Unknown",
        "innings_pitched": "4.0",
        "strikeouts": 6,
        "earned_runs": 4
      },
      {
        "name": "Austin Hedges",
        "team": "Unknown",
        "innings_pitched": "1.0",
        "strikeouts": 1,
        "earned_runs": 2
      },
      {
        "name": "Grant Anderson",
        "team": "Unknown",
        "innings_pitched": "0.2",
        "strikeouts": 1,
        "earned_runs": 3
      },
      {
        "name": "Mart\u00edn P\u00e9rez",
        "team": "Unknown",
        "innings_pitched": "2.1",
        "strikeouts": 1,
        "earned_runs": 3
      }
    ]
  },
  {
    "date": "2023-08-25",
    "home_team": "Milwaukee Brewers",
    "away_team": "San Diego Padres",
    "home_score": 7,
    "away_score": 3,
    "status": "Final",
    "game_id": 716857,
    "starting_pitchers": {
      "home": "Brandon Woodruff",
      "away": "Yu Darvish"
    },
    "first_inning_runs": {
      "home": 0,
      "away": 0
    },
    "player_stats": [
      {
        "name": "Tyrone Taylor",
        "team": "Unknown",
        "hits": 0,
        "rbi": 0
      },
      {
        "name": "Christian Yelich",
        "team": "Unknown",
        "hits": 0,
        "rbi": 0
      },
      {
        "name": "Rowdy Tellez",
        "team": "Unknown",
        "hits": 2,
        "rbi": 4
      },
      {
        "name": "Andruw Monasterio",
        "team": "Unknown",
        "hits": 0,
        "rbi": 0
      },
      {
        "name": "Mark Canha",
        "team": "Unknown",
        "hits": 2,
        "rbi": 0
      },
      {
        "name": "William Contreras",
        "team": "Unknown",
        "hits": 1,
        "rbi": 1
      },
      {
        "name": "Brice Turang",
        "team": "Unknown",
        "hits": 1,
        "rbi": 0
      },
      {
        "name": "Willy Adames",
        "team": "Unknown",
        "hits": 2,
        "rbi": 1
      },
      {
        "name": "Carlos Santana",
        "team": "Unknown",
        "hits": 2,
        "rbi": 0
      },
      {
        "name": "Garrett Cooper",
        "team": "Unknown",
        "hits": 2,
        "rbi": 0
      },
      {
        "name": "Manny Machado",
        "team": "Unknown",
        "hits": 1,
        "rbi": 1
      },
      {
        "name": "Fernando Tatis Jr.",
        "team": "Unknown",
        "hits": 2,
        "rbi": 0
      },
      {
        "name": "Juan Soto",
        "team": "Unknown",
        "hits": 0,
        "rbi": 0
      },
      {
        "name": "Xander Bogaerts",
        "team": "Unknown",
        "hits": 0,
        "rbi": 0
      },
      {
        "name": "Gary S\u00e1nchez",
        "team": "Unknown",
        "hits": 1,
        "rbi": 2
      },
      {
        "name": "Trent Grisham",
        "team": "Unknown",
        "hits": 0,
        "rbi": 0
      },
      {
        "name": "Jake Cronenworth",
        "team": "Unknown",
        "hits": 1,
        "rbi": 0
      },
      {
        "name": "Ha-Seong Kim",
        "team": "Unknown",
        "hits": 0,
        "rbi": 0
      }
    ],
    "pitcher_stats": [
      {
        "name": "Abner Uribe",
        "team": "Unknown",
        "innings_pitched": "1.0",
        "strikeouts": 3,
        "earned_runs": 0
      },
      {
        "name": "Andrew Chafin",
        "team": "Unknown",
        "innings_pitched": "1.0",
        "strikeouts": 1,
        "earned_runs": 2
      },
      {
        "name": "Brandon Woodruff",
        "team": "Unknown",
        "innings_pitched": "6.0",
        "strikeouts": 11,
        "earned_runs": 1
      },
      {
        "name": "Trevor Megill",
        "team": "Unknown",
        "innings_pitched": "1.0",
        "strikeouts": 2,
        "earned_runs": 0
      },
      {
        "name": "Yu Darvish",
        "team": "Unknown",
        "innings_pitched": "4.0",
        "strikeouts": 3,
        "earned_runs": 5
      },
      {
        "name": "Rich Hill",
        "team": "Unknown",
        "innings_pitched": "2.2",
        "strikeouts": 0,
        "earned_runs": 2
      },
      {
        "name": "Luis Garc\u00eda",
        "team": "Unknown",
        "innings_pitched": "1.1",
        "strikeouts": 0,
        "earned_runs": 0
      }
    ]
  },
  {
    "date": "2023-08-25",
    "home_team": "Arizona Diamondbacks",
    "away_team": "Cincinnati Reds",
    "home_score": 10,
    "away_score": 8,
    "status": "Final",
    "game_id": 716851,
    "starting_pitchers": {
      "home": "Brandon Pfaadt",
      "away": "Hunter Greene"
    },
    "first_inning_runs": {
      "home": 0,
      "away": 0
    },
    "player_stats": [
      {
        "name": "Jace Peterson",
        "team": "Unknown",
        "hits": 2,
        "rbi": 3
      },
      {
        "name": "Ketel Marte",
        "team": "Unknown",
        "hits": 0,
        "rbi": 1
      },
      {
        "name": "Tommy Pham",
        "team": "Unknown",
        "hits": 1,
        "rbi": 2
      },
      {
        "name": "Geraldo Perdomo",
        "team": "Unknown",
        "hits": 1,
        "rbi": 1
      },
      {
        "name": "Gabriel Moreno",
        "team": "Unknown",
        "hits": 2,
        "rbi": 1
      },
      {
        "name": "Corbin Carroll",
        "team": "Unknown",
        "hits": 0,
        "rbi": 0
      },
      {
        "name": "Lourdes Gurriel Jr.",
        "team": "Unknown",
        "hits": 1,
        "rbi": 0
      },
      {
        "name": "Christian Walker",
        "team": "Unknown",
        "hits": 1,
        "rbi": 1
      },
      {
        "name": "Alek Thomas",
        "team": "Unknown",
        "hits": 2,
        "rbi": 1
      },
      {
        "name": "Elly De La Cruz",
        "team": "Unknown",
        "hits": 1,
        "rbi": 0
      },
      {
        "name": "Noelvi Marte",
        "team": "Unknown",
        "hits": 1,
        "rbi": 0
      },
      {
        "name": "Matt McLain",
        "team": "Unknown",
        "hits": 1,
        "rbi": 0
      },
      {
        "name": "Will Benson",
        "team": "Unknown",
        "hits": 1,
        "rbi": 4
      },
      {
        "name": "TJ Friedl",
        "team": "Unknown",
        "hits": 0,
        "rbi": 0
      },
      {
        "name": "Spencer Steer",
        "team": "Unknown",
        "hits": 1,
        "rbi": 0
      },
      {
        "name": "Luke Maile",
        "team": "Unknown",
        "hits": 0,
        "rbi": 0
      },
      {
        "name": "Tyler Stephenson",
        "team": "Unknown",
        "hits": 0,
        "rbi": 0
      },
      {
        "name": "Christian Encarnacion-Strand",
        "team": "Unknown",
        "hits": 1,
        "rbi": 0
      },
      {
        "name": "Nick Martini",
        "team": "Unknown",
        "hits": 2,
        "rbi": 4
      }
    ],
    "pitcher_stats": [
      {
        "name": "Brandon Pfaadt",
        "team": "Unknown",
        "innings_pitched": "5.1",
        "strikeouts": 5,
        "earned_runs": 2
      },
      {
        "name": "Joe Mantiply",
        "team": "Unknown",
        "innings_pitched": "1.0",
        "strikeouts": 1,
        "earned_runs": 0
      },
      {
        "name": "Kevin Ginkel",
        "team": "Unknown",
        "innings_pitched": "0.2",
        "strikeouts": 2,
        "earned_runs": 0
      },
      {
        "name": "Bryce Jarvis",
        "team": "Unknown",
        "innings_pitched": "1.2",
        "strikeouts": 0,
        "earned_runs": 2
      },
      {
        "name": "Justin Martinez",
        "team": "Unknown",
        "innings_pitched": "0.1",
        "strikeouts": 1,
        "earned_runs": 4
      },
      {
        "name": "Hunter Greene",
        "team": "Unknown",
        "innings_pitched": "3.2",
        "strikeouts": 4,
        "earned_runs": 5
      },
      {
        "name": "Brett Kennedy",
        "team": "Unknown",
        "innings_pitched": "4.0",
        "strikeouts": 2,
        "earned_runs": 5
      },
      {
        "name": "Derek Law",
        "team": "Unknown",
        "innings_pitched": "0.1",
        "strikeouts": 1,
        "earned_runs": 0
      }
    ]
  },
  {
    "date": "2023-08-25",
    "home_team": "Seattle Mariners",
    "away_team": "Kansas City Royals",
    "home_score": 7,
    "away_score": 5,
    "status": "Final",
    "game_id": 716853,
    "starting_pitchers": {
      "home": "Bryce Miller",
      "away": "Brady Singer"
    },
    "first_inning_runs": {
      "home": 2,
      "away": 0
    },
    "player_stats": [
      {
        "name": "Mike Ford",
        "team": "Unknown",
        "hits": 0,
        "rbi": 0
      },
      {
        "name": "J.P. Crawford",
        "team": "Unknown",
        "hits": 3,
        "rbi": 1
      },
      {
        "name": "Josh Rojas",
        "team": "Unknown",
        "hits": 1,
        "rbi": 1
      },
      {
        "name": "Dominic Canzone",
        "team": "Unknown",
        "hits": 2,
        "rbi": 0
      },
      {
        "name": "Cal Raleigh",
        "team": "Unknown",
        "hits": 3,
        "rbi": 1
      },
      {
        "name": "Teoscar Hern\u00e1ndez",
        "team": "Unknown",
        "hits": 1,
        "rbi": 0
      },
      {
        "name": "Dylan Moore",
        "team": "Unknown",
        "hits": 0,
        "rbi": 0
      },
      {
        "name": "Eugenio Su\u00e1rez",
        "team": "Unknown",
        "hits": 3,
        "rbi": 3
      },
      {
        "name": "Ty France",
        "team": "Unknown",
        "hits": 1,
        "rbi": 0
      },
      {
        "name": "Julio Rodr\u00edguez",
        "team": "Unknown",
        "hits": 2,
        "rbi": 0
      },
      {
        "name": "Freddy Fermin",
        "team": "Unknown",
        "hits": 0,
        "rbi": 0
      },
      {
        "name": "Salvador Perez",
        "team": "Unknown",
        "hits": 1,
        "rbi": 0
      },
      {
        "name": "Drew Waters",
        "team": "Unknown",
        "hits": 2,
        "rbi": 0
      },
      {
        "name": "MJ Melendez",
        "team": "Unknown",
        "hits": 1,
        "rbi": 0
      },
      {
        "name": "Michael Massey",
        "team": "Unknown",
        "hits": 0,
        "rbi": 0
      },
      {
        "name": "Matt Beaty",
        "team": "Unknown",
        "hits": 2,
        "rbi": 0
      },
      {
        "name": "Matt Duffy",
        "team": "Unknown",
        "hits": 0,
        "rbi": 0
      },
      {
        "name": "Kyle Isbel",
        "team": "Unknown",
        "hits": 2,
        "rbi": 3
      },
      {
        "name": "Maikel Garcia",
        "team": "Unknown",
        "hits": 0,
        "rbi": 0
      },
      {
        "name": "Bobby Witt Jr.",
        "team": "Unknown",
        "hits": 1,
        "rbi": 0
      },
      {
        "name": "Nelson Vel\u00e1zquez",
        "team": "Unknown",
        "hits": 1,
        "rbi": 1
      }
    ],
    "pitcher_stats": [
      {
        "name": "Justin Topa",
        "team": "Unknown",
        "innings_pitched": "1.0",
        "strikeouts": 1,
        "earned_runs": 0
      },
      {
        "name": "Matt Brash",
        "team": "Unknown",
        "innings_pitched": "0.2",
        "strikeouts": 0,
        "earned_runs": 2
      },
      {
        "name": "Andr\u00e9s Mu\u00f1oz",
        "team": "Unknown",
        "innings_pitched": "1.0",
        "strikeouts": 1,
        "earned_runs": 0
      },
      {
        "name": "Isaiah Campbell",
        "team": "Unknown",
        "innings_pitched": "1.0",
        "strikeouts": 1,
        "earned_runs": 0
      },
      {
        "name": "Tayler Saucedo",
        "team": "Unknown",
        "innings_pitched": "0.1",
        "strikeouts": 0,
        "earned_runs": 0
      },
      {
        "name": "Gabe Speier",
        "team": "Unknown",
        "innings_pitched": "1.0",
        "strikeouts": 2,
        "earned_runs": 0
      },
      {
        "name": "Bryce Miller",
        "team": "Unknown",
        "innings_pitched": "4.0",
        "strikeouts": 6,
        "earned_runs": 3
      },
      {
        "name": "Collin Snider",
        "team": "Unknown",
        "innings_pitched": "1.1",
        "strikeouts": 1,
        "earned_runs": 0
      },
      {
        "name": "Brady Singer",
        "team": "Unknown",
        "innings_pitched": "4.0",
        "strikeouts": 6,
        "earned_runs": 4
      },
      {
        "name": "Taylor Hearn",
        "team": "Unknown",
        "innings_pitched": "2.0",
        "strikeouts": 2,
        "earned_runs": 1
      },
      {
        "name": "Austin Cox",
        "team": "Unknown",
        "innings_pitched": "0.2",
        "strikeouts": 2,
        "earned_runs": 2
      }
    ]
  },
  {
    "date": "2023-08-25",
    "home_team": "San Francisco Giants",
    "away_team": "Atlanta Braves",
    "home_score": 1,
    "away_score": 5,
    "status": "Final",
    "game_id": 716852,
    "starting_pitchers": {
      "home": "Logan Webb",
      "away": "Spencer Strider"
    },
    "first_inning_runs": {
      "home": 0,
      "away": 1
    },
    "player_stats": [
      {
        "name": "Blake Sabol",
        "team": "Unknown",
        "hits": 0,
        "rbi": 0
      },
      {
        "name": "Thairo Estrada",
        "team": "Unknown",
        "hits": 0,
        "rbi": 0
      },
      {
        "name": "Joc Pederson",
        "team": "Unknown",
        "hits": 1,
        "rbi": 0
      },
      {
        "name": "Paul DeJong",
        "team": "Unknown",
        "hits": 0,
        "rbi": 0
      },
      {
        "name": "Wilmer Flores",
        "team": "Unknown",
        "hits": 0,
        "rbi": 0
      },
      {
        "name": "Wade Meckler",
        "team": "Unknown",
        "hits": 2,
        "rbi": 0
      },
      {
        "name": "LaMonte Wade Jr.",
        "team": "Unknown",
        "hits": 1,
        "rbi": 0
      },
      {
        "name": "Luis Matos",
        "team": "Unknown",
        "hits": 1,
        "rbi": 0
      },
      {
        "name": "J.D. Davis",
        "team": "Unknown",
        "hits": 1,
        "rbi": 1
      },
      {
        "name": "Michael Harris II",
        "team": "Unknown",
        "hits": 3,
        "rbi": 2
      },
      {
        "name": "Travis d'Arnaud",
        "team": "Unknown",
        "hits": 0,
        "rbi": 0
      },
      {
        "name": "Nicky Lopez",
        "team": "Unknown",
        "hits": 1,
        "rbi": 0
      },
      {
        "name": "Matt Olson",
        "team": "Unknown",
        "hits": 1,
        "rbi": 2
      },
      {
        "name": "Ronald Acu\u00f1a Jr.",
        "team": "Unknown",
        "hits": 1,
        "rbi": 0
      },
      {
        "name": "Eddie Rosario",
        "team": "Unknown",
        "hits": 0,
        "rbi": 0
      },
      {
        "name": "Austin Riley",
        "team": "Unknown",
        "hits": 0,
        "rbi": 0
      },
      {
        "name": "Orlando Arcia",
        "team": "Unknown",
        "hits": 0,
        "rbi": 0
      },
      {
        "name": "Marcell Ozuna",
        "team": "Unknown",
        "hits": 1,
        "rbi": 1
      }
    ],
    "pitcher_stats": [
      {
        "name": "Logan Webb",
        "team": "Unknown",
        "innings_pitched": "5.1",
        "strikeouts": 1,
        "earned_runs": 5
      },
      {
        "name": "Alex Wood",
        "team": "Unknown",
        "innings_pitched": "3.2",
        "strikeouts": 2,
        "earned_runs": 0
      },
      {
        "name": "Spencer Strider",
        "team": "Unknown",
        "innings_pitched": "7.0",
        "strikeouts": 9,
        "earned_runs": 1
      },
      {
        "name": "Raisel Iglesias",
        "team": "Unknown",
        "innings_pitched": "1.0",
        "strikeouts": 2,
        "earned_runs": 0
      },
      {
        "name": "Joe Jim\u00e9nez",
        "team": "Unknown",
        "innings_pitched": "1.0",
        "strikeouts": 0,
        "earned_runs": 0
      }
    ]
  }
]