[
  {
    "date": "2022-08-11",
    "home_team": "Philadelphia Phillies",
    "away_team": "Miami Marlins",
    "home_score": 0,
    "away_score": 3,
    "status": "Final",
    "game_id": 661608,
    "starting_pitchers": {
      "home": "Kyle Gibson",
      "away": "Edward Cabrera"
    },
    "first_inning_runs": {
      "home": 0,
      "away": 0
    },
    "player_stats": [
      {
        "name": "Jean Segura",
        "team": "Unknown",
        "hits": 0,
        "rbi": 0
      },
      {
        "name": "Brandon Marsh",
        "team": "Unknown",
        "hits": 1,
        "rbi": 0
      },
      {
        "name": "J.T. Realmuto",
        "team": "Unknown",
        "hits": 0,
        "rbi": 0
      },
      {
        "name": "Edmundo Sosa",
        "team": "Unknown",
        "hits": 0,
        "rbi": 0
      },
      {
        "name": "Nick Castellanos",
        "team": "Unknown",
        "hits": 1,
        "rbi": 0
      },
      {
        "name": "Alec Bohm",
        "team": "Unknown",
        "hits": 1,
        "rbi": 0
      },
      {
        "name": "Bryson Stott",
        "team": "Unknown",
        "hits": 2,
        "rbi": 0
      },
      {
        "name": "Kyle Schwarber",
        "team": "Unknown",
        "hits": 0,
        "rbi": 0
      },
      {
        "name": "Darick Hall",
        "team": "Unknown",
        "hits": 1,
        "rbi": 0
      },
      {
        "name": "Garrett Stubbs",
        "team": "Unknown",
        "hits": 1,
        "rbi": 0
      },
      {
        "name": "Matt Vierling",
        "team": "Unknown",
        "hits": 0,
        "rbi": 0
      },
      {
        "name": "Rhys Hoskins",
        "team": "Unknown",
        "hits": 0,
        "rbi": 0
      },
      {
        "name": "Garrett Cooper",
        "team": "Unknown",
        "hits": 0,
        "rbi": 0
      },
      {
        "name": "Luke Williams",
        "team": "Unknown",
        "hits": 1,
        "rbi": 0
      },
      {
        "name": "Charles Leblanc",
        "team": "Unknown",
        "hits": 1,
        "rbi": 0
      },
      {
        "name": "Joey Wendle",
        "team": "Unknown",
        "hits": 2,
        "rbi": 1
      },
      {
        "name": "Peyton Burdick",
        "team": "Unknown",
        "hits": 1,
        "rbi": 0
      },
      {
        "name": "Nick Fortes",
        "team": "Unknown",
        "hits": 1,
        "rbi": 0
      },
      {
        "name": "JJ Bleday",
        "team": "Unknown",
        "hits": 0,
        "rbi": 0
      },
      {
        "name": "Miguel Rojas",
        "team": "Unknown",
        "hits": 0,
        "rbi": 0
      },
      {
        "name": "Jes\u00fas Aguilar",
        "team": "Unknown",
        "hits": 0,
        "rbi": 0
      },
      {
        "name": "Lewin D\u00edaz",
        "team": "Unknown",
        "hits": 1,
        "rbi": 1
      }
    ],
    "pitcher_stats": [
      {
        "name": "Connor Brogdon",
        "team": "Unknown",
        "innings_pitched": "1.0",
        "strikeouts": 3,
        "earned_runs": 0
      },
      {
        "name": "Corey Knebel",
        "team": "Unknown",
        "innings_pitched": "1.0",
        "strikeouts": 1,
        "earned_runs": 0
      },
      {
        "name": "Nick Nelson",
        "team": "Unknown",
        "innings_pitched": "1.0",
        "strikeouts": 1,
        "earned_runs": 0
      },
      {
        "name": "Kyle Gibson",
        "team": "Unknown",
        "innings_pitched": "6.0",
        "strikeouts": 3,
        "earned_runs": 2
      },
      {
        "name": "Edward Cabrera",
        "team": "Unknown",
        "innings_pitched": "5.2",
        "strikeouts": 6,
        "earned_runs": 0
      },
      {
        "name": "Steven Okert",
        "team": "Unknown",
        "innings_pitched": "1.1",
        "strikeouts": 3,
        "earned_runs": 0
      },
      {
        "name": "Dylan Floro",
        "team": "Unknown",
        "innings_pitched": "0.2",
        "strikeouts": 1,
        "earned_runs": 0
      },
      {
        "name": "Tanner Scott",
        "team": "Unknown",
        "innings_pitched": "1.1",
        "strikeouts": 3,
        "earned_runs": 0
      }
    ]
  },
  {
    "date": "2022-08-11",
    "home_team": "Detroit Tigers",
    "away_team": "Cleveland Guardians",
    "home_score": 3,
    "away_score": 4,
    "status": "Final",
    "game_id": 662790,
    "starting_pitchers": {
      "home": "Garrett Hill",
      "away": "Zach Plesac"
    },
    "first_inning_runs": {
      "home": 0,
      "away": 0
    },
    "player_stats": [
      {
        "name": "Tucker Barnhart",
        "team": "Unknown",
        "hits": 0,
        "rbi": 0
      },
      {
        "name": "Javier B\u00e1ez",
        "team": "Unknown",
        "hits": 2,
        "rbi": 1
      },
      {
        "name": "Riley Greene",
        "team": "Unknown",
        "hits": 0,
        "rbi": 0
      },
      {
        "name": "Victor Reyes",
        "team": "Unknown",
        "hits": 1,
        "rbi": 0
      },
      {
        "name": "Jonathan Schoop",
        "team": "Unknown",
        "hits": 1,
        "rbi": 1
      },
      {
        "name": "Kerry Carpenter",
        "team": "Unknown",
        "hits": 0,
        "rbi": 0
      },
      {
        "name": "Harold Castro",
        "team": "Unknown",
        "hits": 0,
        "rbi": 0
      },
      {
        "name": "Willi Castro",
        "team": "Unknown",
        "hits": 3,
        "rbi": 0
      },
      {
        "name": "Akil Baddoo",
        "team": "Unknown",
        "hits": 0,
        "rbi": 0
      },
      {
        "name": "Eric Haase",
        "team": "Unknown",
        "hits": 0,
        "rbi": 1
      },
      {
        "name": "Amed Rosario",
        "team": "Unknown",
        "hits": 0,
        "rbi": 0
      },
      {
        "name": "Andr\u00e9s Gim\u00e9nez",
        "team": "Unknown",
        "hits": 1,
        "rbi": 0
      },
      {
        "name": "Oscar Gonzalez",
        "team": "Unknown",
        "hits": 2,
        "rbi": 1
      },
      {
        "name": "Tyler Freeman",
        "team": "Unknown",
        "hits": 1,
        "rbi": 0
      },
      {
        "name": "Jos\u00e9 Ram\u00edrez",
        "team": "Unknown",
        "hits": 0,
        "rbi": 0
      },
      {
        "name": "Steven Kwan",
        "team": "Unknown",
        "hits": 1,
        "rbi": 1
      },
      {
        "name": "Owen Miller",
        "team": "Unknown",
        "hits": 2,
        "rbi": 0
      },
      {
        "name": "Luke Maile",
        "team": "Unknown",
        "hits": 1,
        "rbi": 1
      },
      {
        "name": "Myles Straw",
        "team": "Unknown",
        "hits": 0,
        "rbi": 0
      }
    ],
    "pitcher_stats": [
      {
        "name": "Gregory Soto",
        "team": "Unknown",
        "innings_pitched": "1.0",
        "strikeouts": 0,
        "earned_runs": 0
      },
      {
        "name": "Garrett Hill",
        "team": "Unknown",
        "innings_pitched": "5.0",
        "strikeouts": 1,
        "earned_runs": 1
      },
      {
        "name": "Jason Foley",
        "team": "Unknown",
        "innings_pitched": "1.0",
        "strikeouts": 0,
        "earned_runs": 0
      },
      {
        "name": "Luis F. Castillo",
        "team": "Unknown",
        "innings_pitched": "1.0",
        "strikeouts": 0,
        "earned_runs": 0
      },
      {
        "name": "Jos\u00e9 Cisnero",
        "team": "Unknown",
        "innings_pitched": "1.0",
        "strikeouts": 0,
        "earned_runs": 0
      },
      {
        "name": "Will Vest",
        "team": "Unknown",
        "innings_pitched": "1.0",
        "strikeouts": 1,
        "earned_runs": 0
      },
      {
        "name": "Enyel De Los Santos",
        "team": "Unknown",
        "innings_pitched": "0.2",
        "strikeouts": 1,
        "earned_runs": 0
      },
      {
        "name": "Bryan Shaw",
        "team": "Unknown",
        "innings_pitched": "1.0",
        "strikeouts": 2,
        "earned_runs": 0
      },
      {
        "name": "Sam Hentges",
        "team": "Unknown",
        "innings_pitched": "1.1",
        "strikeouts": 3,
        "earned_runs": 0
      },
      {
        "name": "Trevor Stephan",
        "team": "Unknown",
        "innings_pitched": "0.2",
        "strikeouts": 1,
        "earned_runs": 2
      },
      {
        "name": "Zach Plesac",
        "team": "Unknown",
        "innings_pitched": "6.1",
        "strikeouts": 7,
        "earned_runs": 1
      }
    ]
  },
  {
    "date": "2022-08-11",
    "home_team": "Houston Astros",
    "away_team": "Texas Rangers",
    "home_score": 7,
    "away_score": 3,
    "status": "Final",
    "game_id": 662722,
    "starting_pitchers": {
      "home": "Framber Valdez",
      "away": "Cole Ragans"
    },
    "first_inning_runs": {
      "home": 0,
      "away": 0
    },
    "player_stats": [
      {
        "name": "Mart\u00edn Maldonado",
        "team": "Unknown",
        "hits": 1,
        "rbi": 3
      },
      {
        "name": "Trey Mancini",
        "team": "Unknown",
        "hits": 0,
        "rbi": 0
      },
      {
        "name": "Kyle Tucker",
        "team": "Unknown",
        "hits": 1,
        "rbi": 0
      },
      {
        "name": "Alex Bregman",
        "team": "Unknown",
        "hits": 2,
        "rbi": 3
      },
      {
        "name": "Yuli Gurriel",
        "team": "Unknown",
        "hits": 3,
        "rbi": 0
      },
      {
        "name": "Jake Meyers",
        "team": "Unknown",
        "hits": 1,
        "rbi": 0
      },
      {
        "name": "Jose Altuve",
        "team": "Unknown",
        "hits": 0,
        "rbi": 0
      },
      {
        "name": "Jeremy Pe\u00f1a",
        "team": "Unknown",
        "hits": 1,
        "rbi": 0
      },
      {
        "name": "Aledmys D\u00edaz",
        "team": "Unknown",
        "hits": 1,
        "rbi": 1
      },
      {
        "name": "Jonah Heim",
        "team": "Unknown",
        "hits": 0,
        "rbi": 0
      },
      {
        "name": "Bubba Thompson",
        "team": "Unknown",
        "hits": 0,
        "rbi": 0
      },
      {
        "name": "Leody Taveras",
        "team": "Unknown",
        "hits": 2,
        "rbi": 1
      },
      {
        "name": "Nathaniel Lowe",
        "team": "Unknown",
        "hits": 1,
        "rbi": 1
      },
      {
        "name": "Corey Seager",
        "team": "Unknown",
        "hits": 1,
        "rbi": 0
      },
      {
        "name": "Marcus Semien",
        "team": "Unknown",
        "hits": 1,
        "rbi": 1
      },
      {
        "name": "Ezequiel Duran",
        "team": "Unknown",
        "hits": 1,
        "rbi": 0
      },
      {
        "name": "Charlie Culberson",
        "team": "Unknown",
        "hits": 1,
        "rbi": 0
      },
      {
        "name": "Adolis Garc\u00eda",
        "team": "Unknown",
        "hits": 1,
        "rbi": 0
      }
    ],
    "pitcher_stats": [
      {
        "name": "Framber Valdez",
        "team": "Unknown",
        "innings_pitched": "7.0",
        "strikeouts": 8,
        "earned_runs": 0
      },
      {
        "name": "Rafael Montero",
        "team": "Unknown",
        "innings_pitched": "1.0",
        "strikeouts": 2,
        "earned_runs": 1
      },
      {
        "name": "Seth Martinez",
        "team": "Unknown",
        "innings_pitched": "1.0",
        "strikeouts": 3,
        "earned_runs": 2
      },
      {
        "name": "Cole Ragans",
        "team": "Unknown",
        "innings_pitched": "4.1",
        "strikeouts": 1,
        "earned_runs": 5
      },
      {
        "name": "John King",
        "team": "Unknown",
        "innings_pitched": "1.2",
        "strikeouts": 1,
        "earned_runs": 0
      },
      {
        "name": "Garrett Richards",
        "team": "Unknown",
        "innings_pitched": "2.0",
        "strikeouts": 3,
        "earned_runs": 2
      }
    ]
  },
  {
    "date": "2022-08-11",
    "home_team": "Kansas City Royals",
    "away_team": "Chicago White Sox",
    "home_score": 5,
    "away_score": 3,
    "status": "Final",
    "game_id": 662645,
    "starting_pitchers": {
      "home": "Zack Greinke",
      "away": "Dylan Cease"
    },
    "first_inning_runs": {
      "home": 0,
      "away": 0
    },
    "player_stats": [
      {
        "name": "Salvador Perez",
        "team": "Unknown",
        "hits": 0,
        "rbi": 0
      },
      {
        "name": "Nicky Lopez",
        "team": "Unknown",
        "hits": 1,
        "rbi": 2
      },
      {
        "name": "MJ Melendez",
        "team": "Unknown",
        "hits": 1,
        "rbi": 1
      },
      {
        "name": "Nick Pratto",
        "team": "Unknown",
        "hits": 1,
        "rbi": 0
      },
      {
        "name": "Michael Massey",
        "team": "Unknown",
        "hits": 1,
        "rbi": 0
      },
      {
        "name": "Nate Eaton",
        "team": "Unknown",
        "hits": 1,
        "rbi": 0
      },
      {
        "name": "Hunter Dozier",
        "team": "Unknown",
        "hits": 0,
        "rbi": 0
      },
      {
        "name": "Vinnie Pasquantino",
        "team": "Unknown",
        "hits": 1,
        "rbi": 1
      },
      {
        "name": "Kyle Isbel",
        "team": "Unknown",
        "hits": 0,
        "rbi": 0
      },
      {
        "name": "Michael A. Taylor",
        "team": "Unknown",
        "hits": 1,
        "rbi": 1
      },
      {
        "name": "Bobby Witt Jr.",
        "team": "Unknown",
        "hits": 1,
        "rbi": 0
      },
      {
        "name": "Lenyn Sosa",
        "team": "Unknown",
        "hits": 0,
        "rbi": 0
      },
      {
        "name": "Yasmani Grandal",
        "team": "Unknown",
        "hits": 3,
        "rbi": 2
      },
      {
        "name": "Yo\u00e1n Moncada",
        "team": "Unknown",
        "hits": 1,
        "rbi": 0
      },
      {
        "name": "Josh Harrison",
        "team": "Unknown",
        "hits": 1,
        "rbi": 0
      },
      {
        "name": "Andrew Vaughn",
        "team": "Unknown",
        "hits": 2,
        "rbi": 1
      },
      {
        "name": "Jos\u00e9 Abreu",
        "team": "Unknown",
        "hits": 1,
        "rbi": 0
      },
      {
        "name": "Gavin Sheets",
        "team": "Unknown",
        "hits": 1,
        "rbi": 0
      },
      {
        "name": "Seby Zavala",
        "team": "Unknown",
        "hits": 2,
        "rbi": 0
      },
      {
        "name": "Eloy Jim\u00e9nez",
        "team": "Unknown",
        "hits": 2,
        "rbi": 0
      },
      {
        "name": "Luis Robert Jr.",
        "team": "Unknown",
        "hits": 1,
        "rbi": 0
      }
    ],
    "pitcher_stats": [
      {
        "name": "Jose Cuas",
        "team": "Unknown",
        "innings_pitched": "1.0",
        "strikeouts": 0,
        "earned_runs": 2
      },
      {
        "name": "Scott Barlow",
        "team": "Unknown",
        "innings_pitched": "1.0",
        "strikeouts": 2,
        "earned_runs": 1
      },
      {
        "name": "Zack Greinke",
        "team": "Unknown",
        "innings_pitched": "6.1",
        "strikeouts": 5,
        "earned_runs": 0
      },
      {
        "name": "Wyatt Mills",
        "team": "Unknown",
        "innings_pitched": "0.2",
        "strikeouts": 0,
        "earned_runs": 0
      },
      {
        "name": "Matt Foster",
        "team": "Unknown",
        "innings_pitched": "1.0",
        "strikeouts": 1,
        "earned_runs": 1
      },
      {
        "name": "Dylan Cease",
        "team": "Unknown",
        "innings_pitched": "6.0",
        "strikeouts": 8,
        "earned_runs": 1
      },
      {
        "name": "Joe Kelly",
        "team": "Unknown",
        "innings_pitched": "0.1",
        "strikeouts": 0,
        "earned_runs": 2
      },
      {
        "name": "Jos\u00e9 Ruiz",
        "team": "Unknown",
        "innings_pitched": "0.2",
        "strikeouts": 0,
        "earned_runs": 1
      }
    ]
  },
  {
    "date": "2022-08-11",
    "home_team": "Colorado Rockies",
    "away_team": "St. Louis Cardinals",
    "home_score": 8,
    "away_score": 6,
    "status": "Final",
    "game_id": 662891,
    "starting_pitchers": {
      "home": "Germ\u00e1n M\u00e1rquez",
      "away": "Dakota Hudson"
    },
    "first_inning_runs": {
      "home": 0,
      "away": 0
    },
    "player_stats": [
      {
        "name": "Brendan Rodgers",
        "team": "Unknown",
        "hits": 1,
        "rbi": 3
      },
      {
        "name": "Brian Serven",
        "team": "Unknown",
        "hits": 1,
        "rbi": 2
      },
      {
        "name": "Jose Iglesias",
        "team": "Unknown",
        "hits": 2,
        "rbi": 1
      },
      {
        "name": "Randal Grichuk",
        "team": "Unknown",
        "hits": 2,
        "rbi": 0
      },
      {
        "name": "Sam Hilliard",
        "team": "Unknown",
        "hits": 1,
        "rbi": 0
      },
      {
        "name": "Ryan McMahon",
        "team": "Unknown",
        "hits": 1,
        "rbi": 1
      },
      {
        "name": "Garrett Hampson",
        "team": "Unknown",
        "hits": 0,
        "rbi": 0
      },
      {
        "name": "Charlie Blackmon",
        "team": "Unknown",
        "hits": 1,
        "rbi": 1
      },
      {
        "name": "Elehuris Montero",
        "team": "Unknown",
        "hits": 0,
        "rbi": 0
      },
      {
        "name": "Nolan Gorman",
        "team": "Unknown",
        "hits": 2,
        "rbi": 1
      },
      {
        "name": "Corey Dickerson",
        "team": "Unknown",
        "hits": 3,
        "rbi": 1
      },
      {
        "name": "Nolan Arenado",
        "team": "Unknown",
        "hits": 1,
        "rbi": 1
      },
      {
        "name": "Lars Nootbaar",
        "team": "Unknown",
        "hits": 1,
        "rbi": 0
      },
      {
        "name": "Tyler O'Neill",
        "team": "Unknown",
        "hits": 0,
        "rbi": 0
      },
      {
        "name": "Paul DeJong",
        "team": "Unknown",
        "hits": 0,
        "rbi": 0
      },
      {
        "name": "Paul Goldschmidt",
        "team": "Unknown",
        "hits": 3,
        "rbi": 3
      },
      {
        "name": "Brendan Donovan",
        "team": "Unknown",
        "hits": 1,
        "rbi": 0
      },
      {
        "name": "Yadier Molina",
        "team": "Unknown",
        "hits": 1,
        "rbi": 0
      }
    ],
    "pitcher_stats": [
      {
        "name": "Alex Colom\u00e9",
        "team": "Unknown",
        "innings_pitched": "0.0",
        "strikeouts": 0,
        "earned_runs": 3
      },
      {
        "name": "Germ\u00e1n M\u00e1rquez",
        "team": "Unknown",
        "innings_pitched": "6.0",
        "strikeouts": 6,
        "earned_runs": 2
      },
      {
        "name": "Daniel Bard",
        "team": "Unknown",
        "innings_pitched": "1.0",
        "strikeouts": 1,
        "earned_runs": 1
      },
      {
        "name": "Carlos Est\u00e9vez",
        "team": "Unknown",
        "innings_pitched": "1.0",
        "strikeouts": 1,
        "earned_runs": 0
      },
      {
        "name": "Lucas Gilbreath",
        "team": "Unknown",
        "innings_pitched": "1.0",
        "strikeouts": 0,
        "earned_runs": 0
      },
      {
        "name": "Dakota Hudson",
        "team": "Unknown",
        "innings_pitched": "5.0",
        "strikeouts": 6,
        "earned_runs": 2
      },
      {
        "name": "Jake Woodford",
        "team": "Unknown",
        "innings_pitched": "1.2",
        "strikeouts": 2,
        "earned_runs": 0
      },
      {
        "name": "Jordan Hicks",
        "team": "Unknown",
        "innings_pitched": "1.1",
        "strikeouts": 1,
        "earned_runs": 2
      },
      {
        "name": "G\u00e9nesis Cabrera",
        "team": "Unknown",
        "innings_pitched": "0.0",
        "strikeouts": 0,
        "earned_runs": 4
      }
    ]
  },
  {
    "date": "2022-08-11",
    "home_team": "Arizona Diamondbacks",
    "away_team": "Pittsburgh Pirates",
    "home_score": 9,
    "away_score": 3,
    "status": "Final",
    "game_id": 663293,
    "starting_pitchers": {
      "home": "Merrill Kelly",
      "away": "JT Brubaker"
    },
    "first_inning_runs": {
      "home": 0,
      "away": 0
    },
    "player_stats": [
      {
        "name": "Cooper Hummel",
        "team": "Unknown",
        "hits": 0,
        "rbi": 0
      },
      {
        "name": "Josh Rojas",
        "team": "Unknown",
        "hits": 0,
        "rbi": 0
      },
      {
        "name": "Jake McCarthy",
        "team": "Unknown",
        "hits": 1,
        "rbi": 1
      },
      {
        "name": "Daulton Varsho",
        "team": "Unknown",
        "hits": 1,
        "rbi": 3
      },
      {
        "name": "Sergio Alc\u00e1ntara",
        "team": "Unknown",
        "hits": 2,
        "rbi": 0
      },
      {
        "name": "Carson Kelly",
        "team": "Unknown",
        "hits": 1,
        "rbi": 1
      },
      {
        "name": "Jordan Luplow",
        "team": "Unknown",
        "hits": 0,
        "rbi": 0
      },
      {
        "name": "Geraldo Perdomo",
        "team": "Unknown",
        "hits": 0,
        "rbi": 0
      },
      {
        "name": "Christian Walker",
        "team": "Unknown",
        "hits": 1,
        "rbi": 0
      },
      {
        "name": "Alek Thomas",
        "team": "Unknown",
        "hits": 0,
        "rbi": 1
      },
      {
        "name": "Emmanuel Rivera",
        "team": "Unknown",
        "hits": 3,
        "rbi": 3
      },
      {
        "name": "Bryan Reynolds",
        "team": "Unknown",
        "hits": 1,
        "rbi": 0
      },
      {
        "name": "Ben Gamel",
        "team": "Unknown",
        "hits": 0,
        "rbi": 0
      },
      {
        "name": "Rodolfo Castro",
        "team": "Unknown",
        "hits": 0,
        "rbi": 0
      },
      {
        "name": "Oneil Cruz",
        "team": "Unknown",
        "hits": 0,
        "rbi": 0
      },
      {
        "name": "Jos\u00e9 Godoy",
        "team": "Unknown",
        "hits": 0,
        "rbi": 0
      },
      {
        "name": "Greg Allen",
        "team": "Unknown",
        "hits": 1,
        "rbi": 1
      },
      {
        "name": "Ke'Bryan Hayes",
        "team": "Unknown",
        "hits": 2,
        "rbi": 0
      },
      {
        "name": "Michael Chavis",
        "team": "Unknown",
        "hits": 0,
        "rbi": 0
      },
      {
        "name": "Bligh Madris",
        "team": "Unknown",
        "hits": 0,
        "rbi": 0
      },
      {
        "name": "Josh VanMeter",
        "team": "Unknown",
        "hits": 1,
        "rbi": 0
      },
      {
        "name": "Tucupita Marcano",
        "team": "Unknown",
        "hits": 0,
        "rbi": 1
      },
      {
        "name": "Kevin Newman",
        "team": "Unknown",
        "hits": 0,
        "rbi": 0
      }
    ],
    "pitcher_stats": [
      {
        "name": "Merrill Kelly",
        "team": "Unknown",
        "innings_pitched": "5.0",
        "strikeouts": 6,
        "earned_runs": 3
      },
      {
        "name": "Joe Mantiply",
        "team": "Unknown",
        "innings_pitched": "1.0",
        "strikeouts": 2,
        "earned_runs": 0
      },
      {
        "name": "Tyler Holton",
        "team": "Unknown",
        "innings_pitched": "1.1",
        "strikeouts": 2,
        "earned_runs": 0
      },
      {
        "name": "Kevin Ginkel",
        "team": "Unknown",
        "innings_pitched": "0.2",
        "strikeouts": 0,
        "earned_runs": 0
      },
      {
        "name": "Mark Melancon",
        "team": "Unknown",
        "innings_pitched": "1.0",
        "strikeouts": 1,
        "earned_runs": 0
      },
      {
        "name": "JT Brubaker",
        "team": "Unknown",
        "innings_pitched": "5.0",
        "strikeouts": 6,
        "earned_runs": 2
      },
      {
        "name": "Chase De Jong",
        "team": "Unknown",
        "innings_pitched": "1.1",
        "strikeouts": 0,
        "earned_runs": 3
      },
      {
        "name": "Duane Underwood Jr.",
        "team": "Unknown",
        "innings_pitched": "1.2",
        "strikeouts": 0,
        "earned_runs": 0
      },
      {
        "name": "Yerry De los Santos",
        "team": "Unknown",
        "innings_pitched": "0.0",
        "strikeouts": 0,
        "earned_runs": 4
      }
    ]
  },
  {
    "date": "2022-08-11",
    "home_team": "Boston Red Sox",
    "away_team": "Baltimore Orioles",
    "home_score": 4,
    "away_score": 3,
    "status": "Final",
    "game_id": 663274,
    "starting_pitchers": {
      "home": "Josh Winckowski",
      "away": "Dean Kremer"
    },
    "first_inning_runs": {
      "home": 1,
      "away": 0
    },
    "player_stats": [
      {
        "name": "Alex Verdugo",
        "team": "Unknown",
        "hits": 1,
        "rbi": 1
      },
      {
        "name": "Kevin Plawecki",
        "team": "Unknown",
        "hits": 0,
        "rbi": 0
      },
      {
        "name": "Tommy Pham",
        "team": "Unknown",
        "hits": 1,
        "rbi": 1
      },
      {
        "name": "J.D. Martinez",
        "team": "Unknown",
        "hits": 0,
        "rbi": 0
      },
      {
        "name": "Christian Arroyo",
        "team": "Unknown",
        "hits": 1,
        "rbi": 0
      },
      {
        "name": "Rafael Devers",
        "team": "Unknown",
        "hits": 0,
        "rbi": 0
      },
      {
        "name": "Jarren Duran",
        "team": "Unknown",
        "hits": 1,
        "rbi": 0
      },
      {
        "name": "Xander Bogaerts",
        "team": "Unknown",
        "hits": 2,
        "rbi": 1
      },
      {
        "name": "Eric Hosmer",
        "team": "Unknown",
        "hits": 2,
        "rbi": 1
      },
      {
        "name": "Jorge Mateo",
        "team": "Unknown",
        "hits": 1,
        "rbi": 0
      },
      {
        "name": "Anthony Santander",
        "team": "Unknown",
        "hits": 0,
        "rbi": 0
      },
      {
        "name": "Ryan Mountcastle",
        "team": "Unknown",
        "hits": 1,
        "rbi": 0
      },
      {
        "name": "Adley Rutschman",
        "team": "Unknown",
        "hits": 0,
        "rbi": 0
      },
      {
        "name": "Rougned Odor",
        "team": "Unknown",
        "hits": 0,
        "rbi": 0
      },
      {
        "name": "Austin Hays",
        "team": "Unknown",
        "hits": 1,
        "rbi": 1
      },
      {
        "name": "Ram\u00f3n Ur\u00edas",
        "team": "Unknown",
        "hits": 1,
        "rbi": 0
      },
      {
        "name": "Terrin Vavra",
        "team": "Unknown",
        "hits": 2,
        "rbi": 2
      },
      {
        "name": "Cedric Mullins",
        "team": "Unknown",
        "hits": 2,
        "rbi": 0
      }
    ],
    "pitcher_stats": [
      {
        "name": "Josh Winckowski",
        "team": "Unknown",
        "innings_pitched": "5.2",
        "strikeouts": 2,
        "earned_runs": 3
      },
      {
        "name": "Austin Davis",
        "team": "Unknown",
        "innings_pitched": "0.1",
        "strikeouts": 0,
        "earned_runs": 0
      },
      {
        "name": "Matt Barnes",
        "team": "Unknown",
        "innings_pitched": "1.0",
        "strikeouts": 2,
        "earned_runs": 0
      },
      {
        "name": "John Schreiber",
        "team": "Unknown",
        "innings_pitched": "2.0",
        "strikeouts": 2,
        "earned_runs": 0
      },
      {
        "name": "Dean Kremer",
        "team": "Unknown",
        "innings_pitched": "5.2",
        "strikeouts": 6,
        "earned_runs": 4
      },
      {
        "name": "Keegan Akin",
        "team": "Unknown",
        "innings_pitched": "1.0",
        "strikeouts": 0,
        "earned_runs": 0
      },
      {
        "name": "Nick Vespi",
        "team": "Unknown",
        "innings_pitched": "0.1",
        "strikeouts": 0,
        "earned_runs": 0
      },
      {
        "name": "Bryan Baker",
        "team": "Unknown",
        "innings_pitched": "1.0",
        "strikeouts": 1,
        "earned_runs": 0
      }
    ]
  },
  {
    "date": "2022-08-11",
    "home_team": "Cincinnati Reds",
    "away_team": "Chicago Cubs",
    "home_score": 2,
    "away_score": 4,
    "status": "Final",
    "game_id": 663023,
    "starting_pitchers": {
      "home": "Nick Lodolo",
      "away": "Drew Smyly"
    },
    "first_inning_runs": {
      "home": 0,
      "away": 3
    },
    "player_stats": [
      {
        "name": "Jonathan India",
        "team": "Unknown",
        "hits": 0,
        "rbi": 0
      },
      {
        "name": "Austin Romine",
        "team": "Unknown",
        "hits": 0,
        "rbi": 0
      },
      {
        "name": "Donovan Solano",
        "team": "Unknown",
        "hits": 2,
        "rbi": 0
      },
      {
        "name": "Jake Fraley",
        "team": "Unknown",
        "hits": 0,
        "rbi": 0
      },
      {
        "name": "Albert Almora Jr.",
        "team": "Unknown",
        "hits": 0,
        "rbi": 0
      },
      {
        "name": "Matt Reynolds",
        "team": "Unknown",
        "hits": 2,
        "rbi": 2
      },
      {
        "name": "Nick Senzel",
        "team": "Unknown",
        "hits": 0,
        "rbi": 0
      },
      {
        "name": "Joey Votto",
        "team": "Unknown",
        "hits": 0,
        "rbi": 0
      },
      {
        "name": "Kyle Farmer",
        "team": "Unknown",
        "hits": 1,
        "rbi": 0
      },
      {
        "name": "Jose Barrero",
        "team": "Unknown",
        "hits": 1,
        "rbi": 0
      },
      {
        "name": "Aristides Aquino",
        "team": "Unknown",
        "hits": 1,
        "rbi": 0
      },
      {
        "name": "Willson Contreras",
        "team": "Unknown",
        "hits": 0,
        "rbi": 0
      },
      {
        "name": "Christopher Morel",
        "team": "Unknown",
        "hits": 0,
        "rbi": 0
      },
      {
        "name": "Nick Madrigal",
        "team": "Unknown",
        "hits": 3,
        "rbi": 1
      },
      {
        "name": "Ian Happ",
        "team": "Unknown",
        "hits": 2,
        "rbi": 1
      },
      {
        "name": "Patrick Wisdom",
        "team": "Unknown",
        "hits": 1,
        "rbi": 0
      },
      {
        "name": "Seiya Suzuki",
        "team": "Unknown",
        "hits": 1,
        "rbi": 1
      },
      {
        "name": "P.J. Higgins",
        "team": "Unknown",
        "hits": 1,
        "rbi": 0
      },
      {
        "name": "Nico Hoerner",
        "team": "Unknown",
        "hits": 1,
        "rbi": 1
      },
      {
        "name": "Rafael Ortega",
        "team": "Unknown",
        "hits": 0,
        "rbi": 0
      },
      {
        "name": "Nelson Vel\u00e1zquez",
        "team": "Unknown",
        "hits": 1,
        "rbi": 0
      }
    ],
    "pitcher_stats": [
      {
        "name": "Hunter Strickland",
        "team": "Unknown",
        "innings_pitched": "1.0",
        "strikeouts": 2,
        "earned_runs": 0
      },
      {
        "name": "Joel Kuhnel",
        "team": "Unknown",
        "innings_pitched": "1.0",
        "strikeouts": 0,
        "earned_runs": 0
      },
      {
        "name": "Nick Lodolo",
        "team": "Unknown",
        "innings_pitched": "4.2",
        "strikeouts": 6,
        "earned_runs": 4
      },
      {
        "name": "Buck Farmer",
        "team": "Unknown",
        "innings_pitched": "1.1",
        "strikeouts": 1,
        "earned_runs": 0
      },
      {
        "name": "Alexis D\u00edaz",
        "team": "Unknown",
        "innings_pitched": "1.0",
        "strikeouts": 3,
        "earned_runs": 0
      },
      {
        "name": "Michael Rucker",
        "team": "Unknown",
        "innings_pitched": "1.0",
        "strikeouts": 0,
        "earned_runs": 2
      },
      {
        "name": "Drew Smyly",
        "team": "Unknown",
        "innings_pitched": "5.0",
        "strikeouts": 9,
        "earned_runs": 0
      },
      {
        "name": "Rowan Wick",
        "team": "Unknown",
        "innings_pitched": "1.0",
        "strikeouts": 2,
        "earned_runs": 0
      },
      {
        "name": "Brandon Hughes",
        "team": "Unknown",
        "innings_pitched": "2.0",
        "strikeouts": 3,
        "earned_runs": 0
      }
    ]
  }
]