[
  {
    "date": "2022-09-19",
    "home_team": "Cleveland Guardians",
    "away_team": "Minnesota Twins",
    "home_score": 11,
    "away_score": 4,
    "status": "Final",
    "game_id": 663044,
    "starting_pitchers": {
      "home": "Cal Quantrill",
      "away": "Sonny Gray"
    },
    "first_inning_runs": {
      "home": 3,
      "away": 0
    },
    "player_stats": [
      {
        "name": "Josh Naylor",
        "team": "Unknown",
        "hits": 2,
        "rbi": 3
      },
      {
        "name": "Amed Rosario",
        "team": "Unknown",
        "hits": 2,
        "rbi": 3
      },
      {
        "name": "Andr\u00e9s Gim\u00e9nez",
        "team": "Unknown",
        "hits": 2,
        "rbi": 1
      },
      {
        "name": "Oscar Gonzalez",
        "team": "Unknown",
        "hits": 1,
        "rbi": 0
      },
      {
        "name": "Tyler Freeman",
        "team": "Unknown",
        "hits": 1,
        "rbi": 0
      },
      {
        "name": "Jos\u00e9 Ram\u00edrez",
        "team": "Unknown",
        "hits": 2,
        "rbi": 1
      },
      {
        "name": "Steven Kwan",
        "team": "Unknown",
        "hits": 2,
        "rbi": 1
      },
      {
        "name": "Luke Maile",
        "team": "Unknown",
        "hits": 1,
        "rbi": 1
      },
      {
        "name": "Myles Straw",
        "team": "Unknown",
        "hits": 1,
        "rbi": 0
      },
      {
        "name": "Mark Contreras",
        "team": "Unknown",
        "hits": 0,
        "rbi": 0
      },
      {
        "name": "Nick Gordon",
        "team": "Unknown",
        "hits": 2,
        "rbi": 2
      },
      {
        "name": "Jermaine Palacios",
        "team": "Unknown",
        "hits": 0,
        "rbi": 0
      },
      {
        "name": "Caleb Hamilton",
        "team": "Unknown",
        "hits": 0,
        "rbi": 0
      },
      {
        "name": "Gio Urshela",
        "team": "Unknown",
        "hits": 0,
        "rbi": 1
      },
      {
        "name": "Gilberto Celestino",
        "team": "Unknown",
        "hits": 2,
        "rbi": 0
      },
      {
        "name": "Jake Cave",
        "team": "Unknown",
        "hits": 1,
        "rbi": 0
      },
      {
        "name": "Carlos Correa",
        "team": "Unknown",
        "hits": 2,
        "rbi": 0
      },
      {
        "name": "Jose Miranda",
        "team": "Unknown",
        "hits": 1,
        "rbi": 0
      },
      {
        "name": "Gary S\u00e1nchez",
        "team": "Unknown",
        "hits": 0,
        "rbi": 0
      },
      {
        "name": "Sandy Le\u00f3n",
        "team": "Unknown",
        "hits": 0,
        "rbi": 0
      },
      {
        "name": "Luis Arraez",
        "team": "Unknown",
        "hits": 1,
        "rbi": 0
      },
      {
        "name": "Matt Wallner",
        "team": "Unknown",
        "hits": 1,
        "rbi": 0
      }
    ],
    "pitcher_stats": [
      {
        "name": "Nick Sandlin",
        "team": "Unknown",
        "innings_pitched": "1.1",
        "strikeouts": 0,
        "earned_runs": 1
      },
      {
        "name": "Cal Quantrill",
        "team": "Unknown",
        "innings_pitched": "5.1",
        "strikeouts": 2,
        "earned_runs": 3
      },
      {
        "name": "Sam Hentges",
        "team": "Unknown",
        "innings_pitched": "2.1",
        "strikeouts": 2,
        "earned_runs": 0
      },
      {
        "name": "Jermaine Palacios",
        "team": "Unknown",
        "innings_pitched": "0.1",
        "strikeouts": 0,
        "earned_runs": 0
      },
      {
        "name": "Emilio Pag\u00e1n",
        "team": "Unknown",
        "innings_pitched": "1.0",
        "strikeouts": 1,
        "earned_runs": 0
      },
      {
        "name": "Ronny Henriquez",
        "team": "Unknown",
        "innings_pitched": "4.0",
        "strikeouts": 2,
        "earned_runs": 3
      },
      {
        "name": "Sonny Gray",
        "team": "Unknown",
        "innings_pitched": "2.0",
        "strikeouts": 1,
        "earned_runs": 4
      },
      {
        "name": "Jorge L\u00f3pez",
        "team": "Unknown",
        "innings_pitched": "0.2",
        "strikeouts": 0,
        "earned_runs": 4
      }
    ]
  },
  {
    "date": "2022-09-19",
    "home_team": "Los Angeles Angels",
    "away_team": "Seattle Mariners",
    "home_score": 1,
    "away_score": 9,
    "status": "Final",
    "game_id": 663423,
    "starting_pitchers": {
      "home": "Jos\u00e9 Suarez",
      "away": "Logan Gilbert"
    },
    "first_inning_runs": {
      "home": 0,
      "away": 1
    },
    "player_stats": [
      {
        "name": "Luis Rengifo",
        "team": "Unknown",
        "hits": 1,
        "rbi": 0
      },
      {
        "name": "Mike Ford",
        "team": "Unknown",
        "hits": 0,
        "rbi": 0
      },
      {
        "name": "Mickey Moniak",
        "team": "Unknown",
        "hits": 1,
        "rbi": 0
      },
      {
        "name": "Livan Soto",
        "team": "Unknown",
        "hits": 1,
        "rbi": 0
      },
      {
        "name": "Michael Stefanic",
        "team": "Unknown",
        "hits": 0,
        "rbi": 0
      },
      {
        "name": "Matt Thaiss",
        "team": "Unknown",
        "hits": 0,
        "rbi": 0
      },
      {
        "name": "Taylor Ward",
        "team": "Unknown",
        "hits": 1,
        "rbi": 1
      },
      {
        "name": "Shohei Ohtani",
        "team": "Unknown",
        "hits": 2,
        "rbi": 0
      },
      {
        "name": "Magneuris Sierra",
        "team": "Unknown",
        "hits": 0,
        "rbi": 0
      },
      {
        "name": "Matt Duffy",
        "team": "Unknown",
        "hits": 2,
        "rbi": 0
      },
      {
        "name": "Adam Frazier",
        "team": "Unknown",
        "hits": 0,
        "rbi": 0
      },
      {
        "name": "Mitch Haniger",
        "team": "Unknown",
        "hits": 1,
        "rbi": 0
      },
      {
        "name": "J.P. Crawford",
        "team": "Unknown",
        "hits": 2,
        "rbi": 0
      },
      {
        "name": "Abraham Toro",
        "team": "Unknown",
        "hits": 0,
        "rbi": 0
      },
      {
        "name": "Dylan Moore",
        "team": "Unknown",
        "hits": 1,
        "rbi": 0
      },
      {
        "name": "Ty France",
        "team": "Unknown",
        "hits": 2,
        "rbi": 4
      },
      {
        "name": "Jake Lamb",
        "team": "Unknown",
        "hits": 0,
        "rbi": 0
      },
      {
        "name": "Sam Haggerty",
        "team": "Unknown",
        "hits": 1,
        "rbi": 0
      },
      {
        "name": "Curt Casali",
        "team": "Unknown",
        "hits": 0,
        "rbi": 0
      },
      {
        "name": "Carlos Santana",
        "team": "Unknown",
        "hits": 2,
        "rbi": 5
      }
    ],
    "pitcher_stats": [
      {
        "name": "Zack Weiss",
        "team": "Unknown",
        "innings_pitched": "2.0",
        "strikeouts": 3,
        "earned_runs": 3
      },
      {
        "name": "Jos\u00e9 Marte",
        "team": "Unknown",
        "innings_pitched": "1.0",
        "strikeouts": 2,
        "earned_runs": 0
      },
      {
        "name": "Jos\u00e9 Suarez",
        "team": "Unknown",
        "innings_pitched": "5.0",
        "strikeouts": 4,
        "earned_runs": 5
      },
      {
        "name": "Mike Mayers",
        "team": "Unknown",
        "innings_pitched": "1.0",
        "strikeouts": 2,
        "earned_runs": 1
      },
      {
        "name": "Penn Murfee",
        "team": "Unknown",
        "innings_pitched": "1.0",
        "strikeouts": 1,
        "earned_runs": 0
      },
      {
        "name": "Logan Gilbert",
        "team": "Unknown",
        "innings_pitched": "6.0",
        "strikeouts": 11,
        "earned_runs": 1
      },
      {
        "name": "Matthew Boyd",
        "team": "Unknown",
        "innings_pitched": "1.1",
        "strikeouts": 2,
        "earned_runs": 0
      },
      {
        "name": "Diego Castillo",
        "team": "Unknown",
        "innings_pitched": "0.2",
        "strikeouts": 1,
        "earned_runs": 0
      }
    ]
  },
  {
    "date": "2022-09-19",
    "home_team": "Tampa Bay Rays",
    "away_team": "Houston Astros",
    "home_score": 0,
    "away_score": 4,
    "status": "Final",
    "game_id": 662013,
    "starting_pitchers": {
      "home": "Drew Rasmussen",
      "away": "Luis Garcia"
    },
    "first_inning_runs": {
      "home": 0,
      "away": 1
    },
    "player_stats": [
      {
        "name": "Jose Siri",
        "team": "Unknown",
        "hits": 0,
        "rbi": 0
      },
      {
        "name": "Isaac Paredes",
        "team": "Unknown",
        "hits": 0,
        "rbi": 0
      },
      {
        "name": "Harold Ram\u00edrez",
        "team": "Unknown",
        "hits": 3,
        "rbi": 0
      },
      {
        "name": "Randy Arozarena",
        "team": "Unknown",
        "hits": 0,
        "rbi": 0
      },
      {
        "name": "Christian Bethancourt",
        "team": "Unknown",
        "hits": 1,
        "rbi": 0
      },
      {
        "name": "David Peralta",
        "team": "Unknown",
        "hits": 0,
        "rbi": 0
      },
      {
        "name": "Jonathan Aranda",
        "team": "Unknown",
        "hits": 0,
        "rbi": 0
      },
      {
        "name": "Yandy D\u00edaz",
        "team": "Unknown",
        "hits": 0,
        "rbi": 0
      },
      {
        "name": "Wander Franco",
        "team": "Unknown",
        "hits": 1,
        "rbi": 0
      },
      {
        "name": "Trey Mancini",
        "team": "Unknown",
        "hits": 0,
        "rbi": 0
      },
      {
        "name": "Kyle Tucker",
        "team": "Unknown",
        "hits": 1,
        "rbi": 0
      },
      {
        "name": "Alex Bregman",
        "team": "Unknown",
        "hits": 2,
        "rbi": 2
      },
      {
        "name": "Yuli Gurriel",
        "team": "Unknown",
        "hits": 0,
        "rbi": 0
      },
      {
        "name": "Jose Altuve",
        "team": "Unknown",
        "hits": 2,
        "rbi": 1
      },
      {
        "name": "Jeremy Pe\u00f1a",
        "team": "Unknown",
        "hits": 0,
        "rbi": 0
      },
      {
        "name": "Chas McCormick",
        "team": "Unknown",
        "hits": 0,
        "rbi": 0
      },
      {
        "name": "Christian V\u00e1zquez",
        "team": "Unknown",
        "hits": 0,
        "rbi": 0
      },
      {
        "name": "Yordan Alvarez",
        "team": "Unknown",
        "hits": 1,
        "rbi": 1
      }
    ],
    "pitcher_stats": [
      {
        "name": "Garrett Cleavinger",
        "team": "Unknown",
        "innings_pitched": "2.0",
        "strikeouts": 1,
        "earned_runs": 0
      },
      {
        "name": "JT Chargois",
        "team": "Unknown",
        "innings_pitched": "1.0",
        "strikeouts": 1,
        "earned_runs": 0
      },
      {
        "name": "Drew Rasmussen",
        "team": "Unknown",
        "innings_pitched": "6.0",
        "strikeouts": 3,
        "earned_runs": 4
      },
      {
        "name": "H\u00e9ctor Neris",
        "team": "Unknown",
        "innings_pitched": "1.0",
        "strikeouts": 2,
        "earned_runs": 0
      },
      {
        "name": "Hunter Brown",
        "team": "Unknown",
        "innings_pitched": "3.0",
        "strikeouts": 3,
        "earned_runs": 0
      },
      {
        "name": "Luis Garcia",
        "team": "Unknown",
        "innings_pitched": "5.0",
        "strikeouts": 4,
        "earned_runs": 0
      }
    ]
  },
  {
    "date": "2022-09-19",
    "home_team": "Miami Marlins",
    "away_team": "Chicago Cubs",
    "home_score": 10,
    "away_score": 3,
    "status": "Final",
    "game_id": 661299,
    "starting_pitchers": {
      "home": "Edward Cabrera",
      "away": "Wade Miley"
    },
    "first_inning_runs": {
      "home": 0,
      "away": 0
    },
    "player_stats": [
      {
        "name": "Garrett Cooper",
        "team": "Unknown",
        "hits": 1,
        "rbi": 0
      },
      {
        "name": "Jerar Encarnacion",
        "team": "Unknown",
        "hits": 1,
        "rbi": 0
      },
      {
        "name": "Bryan De La Cruz",
        "team": "Unknown",
        "hits": 2,
        "rbi": 4
      },
      {
        "name": "Charles Leblanc",
        "team": "Unknown",
        "hits": 2,
        "rbi": 2
      },
      {
        "name": "Brian Anderson",
        "team": "Unknown",
        "hits": 0,
        "rbi": 0
      },
      {
        "name": "Jon Berti",
        "team": "Unknown",
        "hits": 3,
        "rbi": 2
      },
      {
        "name": "Nick Fortes",
        "team": "Unknown",
        "hits": 2,
        "rbi": 0
      },
      {
        "name": "Miguel Rojas",
        "team": "Unknown",
        "hits": 3,
        "rbi": 1
      },
      {
        "name": "Jordan Groshans",
        "team": "Unknown",
        "hits": 0,
        "rbi": 0
      },
      {
        "name": "Zach McKinstry",
        "team": "Unknown",
        "hits": 2,
        "rbi": 1
      },
      {
        "name": "Christopher Morel",
        "team": "Unknown",
        "hits": 1,
        "rbi": 1
      },
      {
        "name": "Ian Happ",
        "team": "Unknown",
        "hits": 1,
        "rbi": 1
      },
      {
        "name": "Michael Hermosillo",
        "team": "Unknown",
        "hits": 0,
        "rbi": 0
      },
      {
        "name": "Yan Gomes",
        "team": "Unknown",
        "hits": 0,
        "rbi": 0
      },
      {
        "name": "P.J. Higgins",
        "team": "Unknown",
        "hits": 0,
        "rbi": 0
      },
      {
        "name": "David Bote",
        "team": "Unknown",
        "hits": 1,
        "rbi": 0
      },
      {
        "name": "Franmil Reyes",
        "team": "Unknown",
        "hits": 1,
        "rbi": 0
      },
      {
        "name": "Nelson Vel\u00e1zquez",
        "team": "Unknown",
        "hits": 0,
        "rbi": 0
      }
    ],
    "pitcher_stats": [
      {
        "name": "Richard Bleier",
        "team": "Unknown",
        "innings_pitched": "1.0",
        "strikeouts": 0,
        "earned_runs": 0
      },
      {
        "name": "Edward Cabrera",
        "team": "Unknown",
        "innings_pitched": "5.0",
        "strikeouts": 4,
        "earned_runs": 3
      },
      {
        "name": "Huascar Brazob\u00e1n",
        "team": "Unknown",
        "innings_pitched": "1.0",
        "strikeouts": 2,
        "earned_runs": 0
      },
      {
        "name": "Bryan Hoeing",
        "team": "Unknown",
        "innings_pitched": "1.0",
        "strikeouts": 1,
        "earned_runs": 0
      },
      {
        "name": "Andrew Nardi",
        "team": "Unknown",
        "innings_pitched": "1.0",
        "strikeouts": 2,
        "earned_runs": 0
      },
      {
        "name": "Michael Rucker",
        "team": "Unknown",
        "innings_pitched": "1.0",
        "strikeouts": 0,
        "earned_runs": 1
      },
      {
        "name": "Wade Miley",
        "team": "Unknown",
        "innings_pitched": "3.0",
        "strikeouts": 2,
        "earned_runs": 3
      },
      {
        "name": "Erich Uelmen",
        "team": "Unknown",
        "innings_pitched": "1.0",
        "strikeouts": 1,
        "earned_runs": 0
      },
      {
        "name": "Jeremiah Estrada",
        "team": "Unknown",
        "innings_pitched": "2.0",
        "strikeouts": 4,
        "earned_runs": 0
      },
      {
        "name": "Rowan Wick",
        "team": "Unknown",
        "innings_pitched": "1.0",
        "strikeouts": 0,
        "earned_runs": 2
      }
    ]
  },
  {
    "date": "2022-09-19",
    "home_team": "Baltimore Orioles",
    "away_team": "Detroit Tigers",
    "home_score": 0,
    "away_score": 11,
    "status": "Final",
    "game_id": 663263,
    "starting_pitchers": {
      "home": "Tyler Wells",
      "away": "Tyler Alexander"
    },
    "first_inning_runs": {
      "home": 0,
      "away": 1
    },
    "player_stats": [
      {
        "name": "Gunnar Henderson",
        "team": "Unknown",
        "hits": 0,
        "rbi": 0
      },
      {
        "name": "Jorge Mateo",
        "team": "Unknown",
        "hits": 0,
        "rbi": 0
      },
      {
        "name": "Anthony Santander",
        "team": "Unknown",
        "hits": 1,
        "rbi": 0
      },
      {
        "name": "Ryan Mountcastle",
        "team": "Unknown",
        "hits": 1,
        "rbi": 0
      },
      {
        "name": "Adley Rutschman",
        "team": "Unknown",
        "hits": 0,
        "rbi": 0
      },
      {
        "name": "Austin Hays",
        "team": "Unknown",
        "hits": 0,
        "rbi": 0
      },
      {
        "name": "Kyle Stowers",
        "team": "Unknown",
        "hits": 0,
        "rbi": 0
      },
      {
        "name": "Ram\u00f3n Ur\u00edas",
        "team": "Unknown",
        "hits": 0,
        "rbi": 0
      },
      {
        "name": "Terrin Vavra",
        "team": "Unknown",
        "hits": 0,
        "rbi": 0
      },
      {
        "name": "Jes\u00fas Aguilar",
        "team": "Unknown",
        "hits": 0,
        "rbi": 0
      },
      {
        "name": "Cedric Mullins",
        "team": "Unknown",
        "hits": 0,
        "rbi": 0
      },
      {
        "name": "Tucker Barnhart",
        "team": "Unknown",
        "hits": 3,
        "rbi": 0
      },
      {
        "name": "Javier B\u00e1ez",
        "team": "Unknown",
        "hits": 1,
        "rbi": 0
      },
      {
        "name": "Riley Greene",
        "team": "Unknown",
        "hits": 2,
        "rbi": 3
      },
      {
        "name": "Victor Reyes",
        "team": "Unknown",
        "hits": 0,
        "rbi": 0
      },
      {
        "name": "Jonathan Schoop",
        "team": "Unknown",
        "hits": 0,
        "rbi": 1
      },
      {
        "name": "Kerry Carpenter",
        "team": "Unknown",
        "hits": 1,
        "rbi": 0
      },
      {
        "name": "Willi Castro",
        "team": "Unknown",
        "hits": 0,
        "rbi": 0
      },
      {
        "name": "Spencer Torkelson",
        "team": "Unknown",
        "hits": 3,
        "rbi": 0
      },
      {
        "name": "Miguel Cabrera",
        "team": "Unknown",
        "hits": 2,
        "rbi": 1
      },
      {
        "name": "Akil Baddoo",
        "team": "Unknown",
        "hits": 1,
        "rbi": 2
      },
      {
        "name": "Ryan Kreidler",
        "team": "Unknown",
        "hits": 1,
        "rbi": 3
      }
    ],
    "pitcher_stats": [
      {
        "name": "Keegan Akin",
        "team": "Unknown",
        "innings_pitched": "1.0",
        "strikeouts": 1,
        "earned_runs": 1
      },
      {
        "name": "Tyler Wells",
        "team": "Unknown",
        "innings_pitched": "3.0",
        "strikeouts": 3,
        "earned_runs": 5
      },
      {
        "name": "Mike Baumann",
        "team": "Unknown",
        "innings_pitched": "2.0",
        "strikeouts": 2,
        "earned_runs": 1
      },
      {
        "name": "Ryan McKenna",
        "team": "Unknown",
        "innings_pitched": "1.0",
        "strikeouts": 0,
        "earned_runs": 2
      },
      {
        "name": "DL Hall",
        "team": "Unknown",
        "innings_pitched": "1.0",
        "strikeouts": 1,
        "earned_runs": 1
      },
      {
        "name": "Jake Reed",
        "team": "Unknown",
        "innings_pitched": "1.0",
        "strikeouts": 1,
        "earned_runs": 1
      },
      {
        "name": "Tyler Alexander",
        "team": "Unknown",
        "innings_pitched": "7.0",
        "strikeouts": 4,
        "earned_runs": 0
      },
      {
        "name": "Jos\u00e9 Cisnero",
        "team": "Unknown",
        "innings_pitched": "1.0",
        "strikeouts": 2,
        "earned_runs": 0
      },
      {
        "name": "Will Vest",
        "team": "Unknown",
        "innings_pitched": "1.0",
        "strikeouts": 0,
        "earned_runs": 0
      }
    ]
  },
  {
    "date": "2022-09-19",
    "home_team": "Atlanta Braves",
    "away_team": "Washington Nationals",
    "home_score": 5,
    "away_score": 2,
    "status": "Final",
    "game_id": 661470,
    "starting_pitchers": {
      "home": "Kyle Wright",
      "away": "Cory Abbott"
    },
    "first_inning_runs": {
      "home": 1,
      "away": 0
    },
    "player_stats": [
      {
        "name": "Michael Harris II",
        "team": "Unknown",
        "hits": 1,
        "rbi": 1
      },
      {
        "name": "Travis d'Arnaud",
        "team": "Unknown",
        "hits": 2,
        "rbi": 1
      },
      {
        "name": "Matt Olson",
        "team": "Unknown",
        "hits": 2,
        "rbi": 0
      },
      {
        "name": "Vaughn Grissom",
        "team": "Unknown",
        "hits": 0,
        "rbi": 0
      },
      {
        "name": "Ronald Acu\u00f1a Jr.",
        "team": "Unknown",
        "hits": 1,
        "rbi": 0
      },
      {
        "name": "Eddie Rosario",
        "team": "Unknown",
        "hits": 2,
        "rbi": 1
      },
      {
        "name": "William Contreras",
        "team": "Unknown",
        "hits": 1,
        "rbi": 1
      },
      {
        "name": "Dansby Swanson",
        "team": "Unknown",
        "hits": 0,
        "rbi": 0
      },
      {
        "name": "Austin Riley",
        "team": "Unknown",
        "hits": 1,
        "rbi": 1
      },
      {
        "name": "Victor Robles",
        "team": "Unknown",
        "hits": 0,
        "rbi": 1
      },
      {
        "name": "CJ Abrams",
        "team": "Unknown",
        "hits": 1,
        "rbi": 0
      },
      {
        "name": "Riley Adams",
        "team": "Unknown",
        "hits": 0,
        "rbi": 0
      },
      {
        "name": "Joey Meneses",
        "team": "Unknown",
        "hits": 4,
        "rbi": 0
      },
      {
        "name": "Ildemaro Vargas",
        "team": "Unknown",
        "hits": 2,
        "rbi": 0
      },
      {
        "name": "Alex Call",
        "team": "Unknown",
        "hits": 1,
        "rbi": 1
      },
      {
        "name": "Luke Voit",
        "team": "Unknown",
        "hits": 0,
        "rbi": 0
      },
      {
        "name": "Lane Thomas",
        "team": "Unknown",
        "hits": 1,
        "rbi": 0
      },
      {
        "name": "Luis Garc\u00eda Jr.",
        "team": "Unknown",
        "hits": 0,
        "rbi": 0
      }
    ],
    "pitcher_stats": [
      {
        "name": "Jesse Chavez",
        "team": "Unknown",
        "innings_pitched": "1.0",
        "strikeouts": 2,
        "earned_runs": 0
      },
      {
        "name": "Kenley Jansen",
        "team": "Unknown",
        "innings_pitched": "1.0",
        "strikeouts": 1,
        "earned_runs": 0
      },
      {
        "name": "Raisel Iglesias",
        "team": "Unknown",
        "innings_pitched": "1.0",
        "strikeouts": 2,
        "earned_runs": 0
      },
      {
        "name": "Kyle Wright",
        "team": "Unknown",
        "innings_pitched": "6.0",
        "strikeouts": 7,
        "earned_runs": 2
      },
      {
        "name": "Steve Cishek",
        "team": "Unknown",
        "innings_pitched": "1.0",
        "strikeouts": 0,
        "earned_runs": 1
      },
      {
        "name": "Mason Thompson",
        "team": "Unknown",
        "innings_pitched": "1.0",
        "strikeouts": 2,
        "earned_runs": 0
      },
      {
        "name": "Andr\u00e9s Machado",
        "team": "Unknown",
        "innings_pitched": "2.0",
        "strikeouts": 1,
        "earned_runs": 0
      },
      {
        "name": "Cory Abbott",
        "team": "Unknown",
        "innings_pitched": "4.0",
        "strikeouts": 0,
        "earned_runs": 4
      }
    ]
  },
  {
    "date": "2022-09-19",
    "home_team": "Milwaukee Brewers",
    "away_team": "New York Mets",
    "home_score": 2,
    "away_score": 7,
    "status": "Final",
    "game_id": 661161,
    "starting_pitchers": {
      "home": "Corbin Burnes",
      "away": "Max Scherzer"
    },
    "first_inning_runs": {
      "home": 0,
      "away": 0
    },
    "player_stats": [
      {
        "name": "Kolten Wong",
        "team": "Unknown",
        "hits": 0,
        "rbi": 0
      },
      {
        "name": "Victor Caratini",
        "team": "Unknown",
        "hits": 0,
        "rbi": 0
      },
      {
        "name": "Christian Yelich",
        "team": "Unknown",
        "hits": 2,
        "rbi": 0
      },
      {
        "name": "Jace Peterson",
        "team": "Unknown",
        "hits": 0,
        "rbi": 0
      },
      {
        "name": "Hunter Renfroe",
        "team": "Unknown",
        "hits": 0,
        "rbi": 0
      },
      {
        "name": "Rowdy Tellez",
        "team": "Unknown",
        "hits": 1,
        "rbi": 2
      },
      {
        "name": "Andrew McCutchen",
        "team": "Unknown",
        "hits": 1,
        "rbi": 0
      },
      {
        "name": "Garrett Mitchell",
        "team": "Unknown",
        "hits": 0,
        "rbi": 0
      },
      {
        "name": "Willy Adames",
        "team": "Unknown",
        "hits": 0,
        "rbi": 0
      },
      {
        "name": "Tom\u00e1s Nido",
        "team": "Unknown",
        "hits": 1,
        "rbi": 1
      },
      {
        "name": "Jeff McNeil",
        "team": "Unknown",
        "hits": 1,
        "rbi": 0
      },
      {
        "name": "Daniel Vogelbach",
        "team": "Unknown",
        "hits": 1,
        "rbi": 1
      },
      {
        "name": "Eduardo Escobar",
        "team": "Unknown",
        "hits": 2,
        "rbi": 0
      },
      {
        "name": "Mark Canha",
        "team": "Unknown",
        "hits": 0,
        "rbi": 0
      },
      {
        "name": "Pete Alonso",
        "team": "Unknown",
        "hits": 1,
        "rbi": 3
      },
      {
        "name": "Francisco Lindor",
        "team": "Unknown",
        "hits": 2,
        "rbi": 1
      },
      {
        "name": "Brandon Nimmo",
        "team": "Unknown",
        "hits": 1,
        "rbi": 0
      },
      {
        "name": "Tyler Naquin",
        "team": "Unknown",
        "hits": 1,
        "rbi": 1
      }
    ],
    "pitcher_stats": [
      {
        "name": "Justin Topa",
        "team": "Unknown",
        "innings_pitched": "1.0",
        "strikeouts": 1,
        "earned_runs": 2
      },
      {
        "name": "Corbin Burnes",
        "team": "Unknown",
        "innings_pitched": "5.2",
        "strikeouts": 4,
        "earned_runs": 5
      },
      {
        "name": "Jake Cousins",
        "team": "Unknown",
        "innings_pitched": "1.1",
        "strikeouts": 2,
        "earned_runs": 0
      },
      {
        "name": "Peter Strzelecki",
        "team": "Unknown",
        "innings_pitched": "1.0",
        "strikeouts": 2,
        "earned_runs": 0
      },
      {
        "name": "Adam Ottavino",
        "team": "Unknown",
        "innings_pitched": "1.0",
        "strikeouts": 2,
        "earned_runs": 0
      },
      {
        "name": "Max Scherzer",
        "team": "Unknown",
        "innings_pitched": "6.0",
        "strikeouts": 9,
        "earned_runs": 0
      },
      {
        "name": "Seth Lugo",
        "team": "Unknown",
        "innings_pitched": "1.0",
        "strikeouts": 1,
        "earned_runs": 0
      },
      {
        "name": "Tylor Megill",
        "team": "Unknown",
        "innings_pitched": "1.0",
        "strikeouts": 1,
        "earned_runs": 2
      }
    ]
  },
  {
    "date": "2022-09-19",
    "home_team": "Colorado Rockies",
    "away_team": "San Francisco Giants",
    "home_score": 7,
    "away_score": 10,
    "status": "Final",
    "game_id": 662886,
    "starting_pitchers": {
      "home": "Chad Kuhl",
      "away": "Jakob Junis"
    },
    "first_inning_runs": {
      "home": 1,
      "away": 1
    },
    "player_stats": [
      {
        "name": "Michael Toglia",
        "team": "Unknown",
        "hits": 3,
        "rbi": 2
      },
      {
        "name": "Brian Serven",
        "team": "Unknown",
        "hits": 1,
        "rbi": 0
      },
      {
        "name": "Yonathan Daza",
        "team": "Unknown",
        "hits": 1,
        "rbi": 1
      },
      {
        "name": "Randal Grichuk",
        "team": "Unknown",
        "hits": 0,
        "rbi": 0
      },
      {
        "name": "Connor Joe",
        "team": "Unknown",
        "hits": 1,
        "rbi": 1
      },
      {
        "name": "Ryan McMahon",
        "team": "Unknown",
        "hits": 2,
        "rbi": 0
      },
      {
        "name": "C.J. Cron",
        "team": "Unknown",
        "hits": 3,
        "rbi": 1
      },
      {
        "name": "Charlie Blackmon",
        "team": "Unknown",
        "hits": 3,
        "rbi": 1
      },
      {
        "name": "Elias D\u00edaz",
        "team": "Unknown",
        "hits": 0,
        "rbi": 0
      },
      {
        "name": "Elehuris Montero",
        "team": "Unknown",
        "hits": 0,
        "rbi": 0
      },
      {
        "name": "Alan Trejo",
        "team": "Unknown",
        "hits": 2,
        "rbi": 1
      },
      {
        "name": "Luis Gonz\u00e1lez",
        "team": "Unknown",
        "hits": 1,
        "rbi": 0
      },
      {
        "name": "Thairo Estrada",
        "team": "Unknown",
        "hits": 3,
        "rbi": 3
      },
      {
        "name": "Austin Wynns",
        "team": "Unknown",
        "hits": 1,
        "rbi": 0
      },
      {
        "name": "Joc Pederson",
        "team": "Unknown",
        "hits": 1,
        "rbi": 1
      },
      {
        "name": "David Villar",
        "team": "Unknown",
        "hits": 2,
        "rbi": 1
      },
      {
        "name": "Brandon Crawford",
        "team": "Unknown",
        "hits": 1,
        "rbi": 1
      },
      {
        "name": "Wilmer Flores",
        "team": "Unknown",
        "hits": 3,
        "rbi": 2
      },
      {
        "name": "LaMonte Wade Jr.",
        "team": "Unknown",
        "hits": 1,
        "rbi": 0
      },
      {
        "name": "Mike Yastrzemski",
        "team": "Unknown",
        "hits": 2,
        "rbi": 2
      },
      {
        "name": "J.D. Davis",
        "team": "Unknown",
        "hits": 0,
        "rbi": 0
      }
    ],
    "pitcher_stats": [
      {
        "name": "Gavin Hollowell",
        "team": "Unknown",
        "innings_pitched": "1.0",
        "strikeouts": 2,
        "earned_runs": 2
      },
      {
        "name": "Justin Lawrence",
        "team": "Unknown",
        "innings_pitched": "1.0",
        "strikeouts": 0,
        "earned_runs": 2
      },
      {
        "name": "Chad Smith",
        "team": "Unknown",
        "innings_pitched": "1.1",
        "strikeouts": 1,
        "earned_runs": 0
      },
      {
        "name": "Chad Kuhl",
        "team": "Unknown",
        "innings_pitched": "4.2",
        "strikeouts": 6,
        "earned_runs": 5
      },
      {
        "name": "Jake Bird",
        "team": "Unknown",
        "innings_pitched": "2.0",
        "strikeouts": 2,
        "earned_runs": 0
      },
      {
        "name": "Yunior Marte",
        "team": "Unknown",
        "innings_pitched": "1.0",
        "strikeouts": 1,
        "earned_runs": 0
      },
      {
        "name": "Cole Waites",
        "team": "Unknown",
        "innings_pitched": "1.0",
        "strikeouts": 1,
        "earned_runs": 0
      },
      {
        "name": "Scott Alexander",
        "team": "Unknown",
        "innings_pitched": "1.0",
        "strikeouts": 1,
        "earned_runs": 0
      },
      {
        "name": "Alex Young",
        "team": "Unknown",
        "innings_pitched": "1.2",
        "strikeouts": 0,
        "earned_runs": 0
      },
      {
        "name": "Camilo Doval",
        "team": "Unknown",
        "innings_pitched": "1.0",
        "strikeouts": 1,
        "earned_runs": 0
      },
      {
        "name": "Jakob Junis",
        "team": "Unknown",
        "innings_pitched": "4.1",
        "strikeouts": 2,
        "earned_runs": 5
      }
    ]
  },
  {
    "date": "2022-09-19",
    "home_team": "Los Angeles Dodgers",
    "away_team": "Arizona Diamondbacks",
    "home_score": 5,
    "away_score": 2,
    "status": "Final",
    "game_id": 662622,
    "starting_pitchers": {
      "home": "Clayton Kershaw",
      "away": "Merrill Kelly"
    },
    "first_inning_runs": {
      "home": 0,
      "away": 0
    },
    "player_stats": [
      {
        "name": "Will Smith",
        "team": "Unknown",
        "hits": 0,
        "rbi": 0
      },
      {
        "name": "Chris Taylor",
        "team": "Unknown",
        "hits": 1,
        "rbi": 3
      },
      {
        "name": "Max Muncy",
        "team": "Unknown",
        "hits": 1,
        "rbi": 0
      },
      {
        "name": "Freddie Freeman",
        "team": "Unknown",
        "hits": 0,
        "rbi": 0
      },
      {
        "name": "Cody Bellinger",
        "team": "Unknown",
        "hits": 1,
        "rbi": 0
      },
      {
        "name": "Gavin Lux",
        "team": "Unknown",
        "hits": 3,
        "rbi": 0
      },
      {
        "name": "Mookie Betts",
        "team": "Unknown",
        "hits": 0,
        "rbi": 0
      },
      {
        "name": "Joey Gallo",
        "team": "Unknown",
        "hits": 2,
        "rbi": 2
      },
      {
        "name": "Trea Turner",
        "team": "Unknown",
        "hits": 1,
        "rbi": 0
      },
      {
        "name": "Jake McCarthy",
        "team": "Unknown",
        "hits": 1,
        "rbi": 0
      },
      {
        "name": "Ketel Marte",
        "team": "Unknown",
        "hits": 0,
        "rbi": 0
      },
      {
        "name": "Daulton Varsho",
        "team": "Unknown",
        "hits": 1,
        "rbi": 0
      },
      {
        "name": "Sergio Alc\u00e1ntara",
        "team": "Unknown",
        "hits": 0,
        "rbi": 0
      },
      {
        "name": "Carson Kelly",
        "team": "Unknown",
        "hits": 2,
        "rbi": 0
      },
      {
        "name": "Jordan Luplow",
        "team": "Unknown",
        "hits": 1,
        "rbi": 0
      },
      {
        "name": "Stone Garrett",
        "team": "Unknown",
        "hits": 0,
        "rbi": 0
      },
      {
        "name": "Geraldo Perdomo",
        "team": "Unknown",
        "hits": 0,
        "rbi": 1
      },
      {
        "name": "Christian Walker",
        "team": "Unknown",
        "hits": 2,
        "rbi": 0
      },
      {
        "name": "Emmanuel Rivera",
        "team": "Unknown",
        "hits": 0,
        "rbi": 0
      }
    ],
    "pitcher_stats": [
      {
        "name": "Tommy Kahnle",
        "team": "Unknown",
        "innings_pitched": "1.0",
        "strikeouts": 1,
        "earned_runs": 0
      },
      {
        "name": "Evan Phillips",
        "team": "Unknown",
        "innings_pitched": "1.0",
        "strikeouts": 1,
        "earned_runs": 0
      },
      {
        "name": "Clayton Kershaw",
        "team": "Unknown",
        "innings_pitched": "6.0",
        "strikeouts": 10,
        "earned_runs": 1
      },
      {
        "name": "Craig Kimbrel",
        "team": "Unknown",
        "innings_pitched": "1.0",
        "strikeouts": 0,
        "earned_runs": 1
      },
      {
        "name": "Merrill Kelly",
        "team": "Unknown",
        "innings_pitched": "6.0",
        "strikeouts": 7,
        "earned_runs": 5
      },
      {
        "name": "Luis Fr\u00edas",
        "team": "Unknown",
        "innings_pitched": "2.0",
        "strikeouts": 1,
        "earned_runs": 0
      }
    ]
  }
]