[
  {
    "date": "2023-04-25",
    "home_team": "Cleveland Guardians",
    "away_team": "Colorado Rockies",
    "home_score": 1,
    "away_score": 5,
    "status": "Final",
    "game_id": 718440,
    "starting_pitchers": {
      "home": "Peyton Battenfield",
      "away": "Ryan Feltner"
    },
    "first_inning_runs": {
      "home": 0,
      "away": 1
    },
    "player_stats": [
      {
        "name": "Josh Naylor",
        "team": "Unknown",
        "hits": 1,
        "rbi": 0
      },
      {
        "name": "Mike Zunino",
        "team": "Unknown",
        "hits": 1,
        "rbi": 0
      },
      {
        "name": "Will Brennan",
        "team": "Unknown",
        "hits": 0,
        "rbi": 0
      },
      {
        "name": "Amed Rosario",
        "team": "Unknown",
        "hits": 1,
        "rbi": 1
      },
      {
        "name": "Josh Bell",
        "team": "Unknown",
        "hits": 1,
        "rbi": 0
      },
      {
        "name": "Andr\u00e9s Gim\u00e9nez",
        "team": "Unknown",
        "hits": 0,
        "rbi": 0
      },
      {
        "name": "Jos\u00e9 Ram\u00edrez",
        "team": "Unknown",
        "hits": 1,
        "rbi": 0
      },
      {
        "name": "Steven Kwan",
        "team": "Unknown",
        "hits": 1,
        "rbi": 0
      },
      {
        "name": "Myles Straw",
        "team": "Unknown",
        "hits": 0,
        "rbi": 0
      },
      {
        "name": "Jurickson Profar",
        "team": "Unknown",
        "hits": 0,
        "rbi": 1
      },
      {
        "name": "Ryan McMahon",
        "team": "Unknown",
        "hits": 0,
        "rbi": 0
      },
      {
        "name": "Kris Bryant",
        "team": "Unknown",
        "hits": 2,
        "rbi": 1
      },
      {
        "name": "Charlie Blackmon",
        "team": "Unknown",
        "hits": 2,
        "rbi": 2
      },
      {
        "name": "Mike Moustakas",
        "team": "Unknown",
        "hits": 0,
        "rbi": 0
      },
      {
        "name": "Brenton Doyle",
        "team": "Unknown",
        "hits": 3,
        "rbi": 1
      },
      {
        "name": "Elias D\u00edaz",
        "team": "Unknown",
        "hits": 1,
        "rbi": 0
      },
      {
        "name": "Ezequiel Tovar",
        "team": "Unknown",
        "hits": 0,
        "rbi": 0
      },
      {
        "name": "Alan Trejo",
        "team": "Unknown",
        "hits": 0,
        "rbi": 0
      }
    ],
    "pitcher_stats": [
      {
        "name": "James Karinchak",
        "team": "Unknown",
        "innings_pitched": "1.0",
        "strikeouts": 0,
        "earned_runs": 0
      },
      {
        "name": "Konnor Pilkington",
        "team": "Unknown",
        "innings_pitched": "2.0",
        "strikeouts": 2,
        "earned_runs": 0
      },
      {
        "name": "Enyel De Los Santos",
        "team": "Unknown",
        "innings_pitched": "1.1",
        "strikeouts": 2,
        "earned_runs": 1
      },
      {
        "name": "Peyton Battenfield",
        "team": "Unknown",
        "innings_pitched": "4.2",
        "strikeouts": 4,
        "earned_runs": 4
      },
      {
        "name": "Ryan Feltner",
        "team": "Unknown",
        "innings_pitched": "6.0",
        "strikeouts": 6,
        "earned_runs": 0
      },
      {
        "name": "Justin Lawrence",
        "team": "Unknown",
        "innings_pitched": "1.0",
        "strikeouts": 1,
        "earned_runs": 0
      },
      {
        "name": "Brent Suter",
        "team": "Unknown",
        "innings_pitched": "2.0",
        "strikeouts": 2,
        "earned_runs": 0
      }
    ]
  },
  {
    "date": "2023-04-25",
    "home_team": "Baltimore Orioles",
    "away_team": "Boston Red Sox",
    "home_score": 6,
    "away_score": 8,
    "status": "Final",
    "game_id": 718435,
    "starting_pitchers": {
      "home": "Kyle Bradish",
      "away": "Corey Kluber"
    },
    "first_inning_runs": {
      "home": 0,
      "away": 0
    },
    "player_stats": [
      {
        "name": "Adam Frazier",
        "team": "Unknown",
        "hits": 0,
        "rbi": 0
      },
      {
        "name": "Gunnar Henderson",
        "team": "Unknown",
        "hits": 2,
        "rbi": 1
      },
      {
        "name": "Jorge Mateo",
        "team": "Unknown",
        "hits": 1,
        "rbi": 1
      },
      {
        "name": "Anthony Santander",
        "team": "Unknown",
        "hits": 1,
        "rbi": 0
      },
      {
        "name": "Ryan Mountcastle",
        "team": "Unknown",
        "hits": 2,
        "rbi": 0
      },
      {
        "name": "Adley Rutschman",
        "team": "Unknown",
        "hits": 1,
        "rbi": 0
      },
      {
        "name": "Austin Hays",
        "team": "Unknown",
        "hits": 0,
        "rbi": 0
      },
      {
        "name": "Ram\u00f3n Ur\u00edas",
        "team": "Unknown",
        "hits": 1,
        "rbi": 0
      },
      {
        "name": "Terrin Vavra",
        "team": "Unknown",
        "hits": 2,
        "rbi": 0
      },
      {
        "name": "Cedric Mullins",
        "team": "Unknown",
        "hits": 1,
        "rbi": 4
      },
      {
        "name": "Reese McGuire",
        "team": "Unknown",
        "hits": 1,
        "rbi": 2
      },
      {
        "name": "Christian Arroyo",
        "team": "Unknown",
        "hits": 1,
        "rbi": 1
      },
      {
        "name": "Rafael Devers",
        "team": "Unknown",
        "hits": 0,
        "rbi": 1
      },
      {
        "name": "Jarren Duran",
        "team": "Unknown",
        "hits": 3,
        "rbi": 4
      },
      {
        "name": "Enrique Hern\u00e1ndez",
        "team": "Unknown",
        "hits": 1,
        "rbi": 0
      },
      {
        "name": "Enmanuel Valdez",
        "team": "Unknown",
        "hits": 1,
        "rbi": 0
      },
      {
        "name": "Alex Verdugo",
        "team": "Unknown",
        "hits": 1,
        "rbi": 0
      },
      {
        "name": "Masataka Yoshida",
        "team": "Unknown",
        "hits": 2,
        "rbi": 0
      },
      {
        "name": "Triston Casas",
        "team": "Unknown",
        "hits": 1,
        "rbi": 0
      },
      {
        "name": "Justin Turner",
        "team": "Unknown",
        "hits": 0,
        "rbi": 0
      }
    ],
    "pitcher_stats": [
      {
        "name": "Mike Baumann",
        "team": "Unknown",
        "innings_pitched": "2.2",
        "strikeouts": 2,
        "earned_runs": 0
      },
      {
        "name": "Kyle Bradish",
        "team": "Unknown",
        "innings_pitched": "2.1",
        "strikeouts": 1,
        "earned_runs": 7
      },
      {
        "name": "Austin Voth",
        "team": "Unknown",
        "innings_pitched": "3.0",
        "strikeouts": 2,
        "earned_runs": 1
      },
      {
        "name": "Cionel P\u00e9rez",
        "team": "Unknown",
        "innings_pitched": "1.0",
        "strikeouts": 0,
        "earned_runs": 0
      },
      {
        "name": "Kaleb Ort",
        "team": "Unknown",
        "innings_pitched": "0.1",
        "strikeouts": 0,
        "earned_runs": 4
      },
      {
        "name": "Kenley Jansen",
        "team": "Unknown",
        "innings_pitched": "0.2",
        "strikeouts": 0,
        "earned_runs": 0
      },
      {
        "name": "Josh Winckowski",
        "team": "Unknown",
        "innings_pitched": "2.0",
        "strikeouts": 1,
        "earned_runs": 0
      },
      {
        "name": "Corey Kluber",
        "team": "Unknown",
        "innings_pitched": "6.0",
        "strikeouts": 3,
        "earned_runs": 1
      }
    ]
  },
  {
    "date": "2023-04-25",
    "home_team": "Pittsburgh Pirates",
    "away_team": "Los Angeles Dodgers",
    "home_score": 7,
    "away_score": 8,
    "status": "Final",
    "game_id": 718432,
    "starting_pitchers": {
      "home": "Johan Oviedo",
      "away": "Noah Syndergaard"
    },
    "first_inning_runs": {
      "home": 1,
      "away": 2
    },
    "player_stats": [
      {
        "name": "Tucupita Marcano",
        "team": "Unknown",
        "hits": 1,
        "rbi": 0
      },
      {
        "name": "Rodolfo Castro",
        "team": "Unknown",
        "hits": 1,
        "rbi": 0
      },
      {
        "name": "Austin Hedges",
        "team": "Unknown",
        "hits": 1,
        "rbi": 1
      },
      {
        "name": "Connor Joe",
        "team": "Unknown",
        "hits": 0,
        "rbi": 0
      },
      {
        "name": "Ke'Bryan Hayes",
        "team": "Unknown",
        "hits": 2,
        "rbi": 2
      },
      {
        "name": "Jack Suwinski",
        "team": "Unknown",
        "hits": 2,
        "rbi": 0
      },
      {
        "name": "Carlos Santana",
        "team": "Unknown",
        "hits": 2,
        "rbi": 1
      },
      {
        "name": "Ji Hwan Bae",
        "team": "Unknown",
        "hits": 2,
        "rbi": 0
      },
      {
        "name": "Andrew McCutchen",
        "team": "Unknown",
        "hits": 1,
        "rbi": 3
      },
      {
        "name": "Chris Taylor",
        "team": "Unknown",
        "hits": 3,
        "rbi": 3
      },
      {
        "name": "Austin Barnes",
        "team": "Unknown",
        "hits": 0,
        "rbi": 1
      },
      {
        "name": "Jason Heyward",
        "team": "Unknown",
        "hits": 0,
        "rbi": 0
      },
      {
        "name": "Michael Busch",
        "team": "Unknown",
        "hits": 1,
        "rbi": 1
      },
      {
        "name": "Freddie Freeman",
        "team": "Unknown",
        "hits": 1,
        "rbi": 1
      },
      {
        "name": "David Peralta",
        "team": "Unknown",
        "hits": 0,
        "rbi": 0
      },
      {
        "name": "James Outman",
        "team": "Unknown",
        "hits": 2,
        "rbi": 0
      },
      {
        "name": "Trayce Thompson",
        "team": "Unknown",
        "hits": 0,
        "rbi": 0
      },
      {
        "name": "Mookie Betts",
        "team": "Unknown",
        "hits": 0,
        "rbi": 0
      },
      {
        "name": "Miguel Vargas",
        "team": "Unknown",
        "hits": 2,
        "rbi": 2
      }
    ],
    "pitcher_stats": [
      {
        "name": "Jose E. Hernandez",
        "team": "Unknown",
        "innings_pitched": "1.0",
        "strikeouts": 2,
        "earned_runs": 0
      },
      {
        "name": "Colin Holderman",
        "team": "Unknown",
        "innings_pitched": "1.0",
        "strikeouts": 1,
        "earned_runs": 3
      },
      {
        "name": "Johan Oviedo",
        "team": "Unknown",
        "innings_pitched": "5.1",
        "strikeouts": 4,
        "earned_runs": 4
      },
      {
        "name": "Duane Underwood Jr.",
        "team": "Unknown",
        "innings_pitched": "1.0",
        "strikeouts": 0,
        "earned_runs": 0
      },
      {
        "name": "Robert Stephenson",
        "team": "Unknown",
        "innings_pitched": "0.2",
        "strikeouts": 0,
        "earned_runs": 0
      },
      {
        "name": "Victor Gonz\u00e1lez",
        "team": "Unknown",
        "innings_pitched": "1.0",
        "strikeouts": 1,
        "earned_runs": 0
      },
      {
        "name": "Shelby Miller",
        "team": "Unknown",
        "innings_pitched": "1.0",
        "strikeouts": 1,
        "earned_runs": 0
      },
      {
        "name": "Noah Syndergaard",
        "team": "Unknown",
        "innings_pitched": "4.0",
        "strikeouts": 2,
        "earned_runs": 7
      },
      {
        "name": "Caleb Ferguson",
        "team": "Unknown",
        "innings_pitched": "1.0",
        "strikeouts": 1,
        "earned_runs": 0
      },
      {
        "name": "Yency Almonte",
        "team": "Unknown",
        "innings_pitched": "1.0",
        "strikeouts": 2,
        "earned_runs": 0
      },
      {
        "name": "Evan Phillips",
        "team": "Unknown",
        "innings_pitched": "1.0",
        "strikeouts": 1,
        "earned_runs": 0
      }
    ]
  },
  {
    "date": "2023-04-25",
    "home_team": "Tampa Bay Rays",
    "away_team": "Houston Astros",
    "home_score": 0,
    "away_score": 5,
    "status": "Final",
    "game_id": 718436,
    "starting_pitchers": {
      "home": "Drew Rasmussen",
      "away": "Luis Garcia"
    },
    "first_inning_runs": {
      "home": 0,
      "away": 0
    },
    "player_stats": [
      {
        "name": "Taylor Walls",
        "team": "Unknown",
        "hits": 1,
        "rbi": 0
      },
      {
        "name": "Jose Siri",
        "team": "Unknown",
        "hits": 0,
        "rbi": 0
      },
      {
        "name": "Isaac Paredes",
        "team": "Unknown",
        "hits": 0,
        "rbi": 0
      },
      {
        "name": "Francisco Mej\u00eda",
        "team": "Unknown",
        "hits": 0,
        "rbi": 0
      },
      {
        "name": "Randy Arozarena",
        "team": "Unknown",
        "hits": 1,
        "rbi": 0
      },
      {
        "name": "Josh Lowe",
        "team": "Unknown",
        "hits": 1,
        "rbi": 0
      },
      {
        "name": "Yandy D\u00edaz",
        "team": "Unknown",
        "hits": 1,
        "rbi": 0
      },
      {
        "name": "Wander Franco",
        "team": "Unknown",
        "hits": 1,
        "rbi": 0
      },
      {
        "name": "Luke Raley",
        "team": "Unknown",
        "hits": 0,
        "rbi": 0
      },
      {
        "name": "Corey Julks",
        "team": "Unknown",
        "hits": 2,
        "rbi": 1
      },
      {
        "name": "Mart\u00edn Maldonado",
        "team": "Unknown",
        "hits": 0,
        "rbi": 0
      },
      {
        "name": "Kyle Tucker",
        "team": "Unknown",
        "hits": 2,
        "rbi": 1
      },
      {
        "name": "Mauricio Dub\u00f3n",
        "team": "Unknown",
        "hits": 2,
        "rbi": 0
      },
      {
        "name": "Alex Bregman",
        "team": "Unknown",
        "hits": 0,
        "rbi": 0
      },
      {
        "name": "Jake Meyers",
        "team": "Unknown",
        "hits": 2,
        "rbi": 1
      },
      {
        "name": "Jos\u00e9 Abreu",
        "team": "Unknown",
        "hits": 1,
        "rbi": 1
      },
      {
        "name": "David Hensley",
        "team": "Unknown",
        "hits": 0,
        "rbi": 0
      },
      {
        "name": "Jeremy Pe\u00f1a",
        "team": "Unknown",
        "hits": 2,
        "rbi": 1
      }
    ],
    "pitcher_stats": [
      {
        "name": "Jason Adam",
        "team": "Unknown",
        "innings_pitched": "1.0",
        "strikeouts": 0,
        "earned_runs": 0
      },
      {
        "name": "Jalen Beeks",
        "team": "Unknown",
        "innings_pitched": "1.0",
        "strikeouts": 0,
        "earned_runs": 0
      },
      {
        "name": "Heath Hembree",
        "team": "Unknown",
        "innings_pitched": "1.1",
        "strikeouts": 2,
        "earned_runs": 0
      },
      {
        "name": "Colin Poche",
        "team": "Unknown",
        "innings_pitched": "1.0",
        "strikeouts": 0,
        "earned_runs": 0
      },
      {
        "name": "Drew Rasmussen",
        "team": "Unknown",
        "innings_pitched": "4.2",
        "strikeouts": 5,
        "earned_runs": 5
      },
      {
        "name": "Rafael Montero",
        "team": "Unknown",
        "innings_pitched": "1.0",
        "strikeouts": 1,
        "earned_runs": 0
      },
      {
        "name": "Ryan Pressly",
        "team": "Unknown",
        "innings_pitched": "1.0",
        "strikeouts": 0,
        "earned_runs": 0
      },
      {
        "name": "Luis Garcia",
        "team": "Unknown",
        "innings_pitched": "6.0",
        "strikeouts": 7,
        "earned_runs": 0
      },
      {
        "name": "Phil Maton",
        "team": "Unknown",
        "innings_pitched": "1.0",
        "strikeouts": 0,
        "earned_runs": 0
      }
    ]
  },
  {
    "date": "2023-04-25",
    "home_team": "Cincinnati Reds",
    "away_team": "Texas Rangers",
    "home_score": 7,
    "away_score": 6,
    "status": "Final",
    "game_id": 718434,
    "starting_pitchers": {
      "home": "Luke Weaver",
      "away": "Mart\u00edn P\u00e9rez"
    },
    "first_inning_runs": {
      "home": 0,
      "away": 1
    },
    "player_stats": [
      {
        "name": "Jonathan India",
        "team": "Unknown",
        "hits": 1,
        "rbi": 2
      },
      {
        "name": "Jake Fraley",
        "team": "Unknown",
        "hits": 1,
        "rbi": 2
      },
      {
        "name": "TJ Friedl",
        "team": "Unknown",
        "hits": 0,
        "rbi": 0
      },
      {
        "name": "Nick Senzel",
        "team": "Unknown",
        "hits": 3,
        "rbi": 2
      },
      {
        "name": "Kevin Newman",
        "team": "Unknown",
        "hits": 1,
        "rbi": 0
      },
      {
        "name": "Spencer Steer",
        "team": "Unknown",
        "hits": 0,
        "rbi": 0
      },
      {
        "name": "Luke Maile",
        "team": "Unknown",
        "hits": 1,
        "rbi": 0
      },
      {
        "name": "Tyler Stephenson",
        "team": "Unknown",
        "hits": 2,
        "rbi": 0
      },
      {
        "name": "Henry Ramos",
        "team": "Unknown",
        "hits": 2,
        "rbi": 1
      },
      {
        "name": "Jose Barrero",
        "team": "Unknown",
        "hits": 0,
        "rbi": 0
      },
      {
        "name": "Stuart Fairchild",
        "team": "Unknown",
        "hits": 0,
        "rbi": 0
      },
      {
        "name": "Jonah Heim",
        "team": "Unknown",
        "hits": 0,
        "rbi": 1
      },
      {
        "name": "Leody Taveras",
        "team": "Unknown",
        "hits": 0,
        "rbi": 0
      },
      {
        "name": "Nathaniel Lowe",
        "team": "Unknown",
        "hits": 2,
        "rbi": 1
      },
      {
        "name": "Marcus Semien",
        "team": "Unknown",
        "hits": 1,
        "rbi": 1
      },
      {
        "name": "Josh Jung",
        "team": "Unknown",
        "hits": 1,
        "rbi": 2
      },
      {
        "name": "Ezequiel Duran",
        "team": "Unknown",
        "hits": 0,
        "rbi": 0
      },
      {
        "name": "Travis Jankowski",
        "team": "Unknown",
        "hits": 3,
        "rbi": 0
      },
      {
        "name": "Josh Smith",
        "team": "Unknown",
        "hits": 1,
        "rbi": 1
      },
      {
        "name": "Adolis Garc\u00eda",
        "team": "Unknown",
        "hits": 2,
        "rbi": 0
      }
    ],
    "pitcher_stats": [
      {
        "name": "Luke Weaver",
        "team": "Unknown",
        "innings_pitched": "5.2",
        "strikeouts": 8,
        "earned_runs": 6
      },
      {
        "name": "Reiver Sanmartin",
        "team": "Unknown",
        "innings_pitched": "1.0",
        "strikeouts": 1,
        "earned_runs": 0
      },
      {
        "name": "Derek Law",
        "team": "Unknown",
        "innings_pitched": "1.1",
        "strikeouts": 3,
        "earned_runs": 0
      },
      {
        "name": "Alexis D\u00edaz",
        "team": "Unknown",
        "innings_pitched": "1.0",
        "strikeouts": 2,
        "earned_runs": 0
      },
      {
        "name": "Cole Ragans",
        "team": "Unknown",
        "innings_pitched": "0.2",
        "strikeouts": 0,
        "earned_runs": 5
      },
      {
        "name": "Ian Kennedy",
        "team": "Unknown",
        "innings_pitched": "0.1",
        "strikeouts": 1,
        "earned_runs": 1
      },
      {
        "name": "Jonathan Hern\u00e1ndez",
        "team": "Unknown",
        "innings_pitched": "0.2",
        "strikeouts": 1,
        "earned_runs": 0
      },
      {
        "name": "Mart\u00edn P\u00e9rez",
        "team": "Unknown",
        "innings_pitched": "6.1",
        "strikeouts": 5,
        "earned_runs": 0
      }
    ]
  },
  {
    "date": "2023-04-25",
    "home_team": "Philadelphia Phillies",
    "away_team": "Seattle Mariners",
    "home_score": 3,
    "away_score": 5,
    "status": "Final",
    "game_id": 718430,
    "starting_pitchers": {
      "home": "Bailey Falter",
      "away": "Marco Gonzales"
    },
    "first_inning_runs": {
      "home": 0,
      "away": 0
    },
    "player_stats": [
      {
        "name": "Brandon Marsh",
        "team": "Unknown",
        "hits": 1,
        "rbi": 0
      },
      {
        "name": "J.T. Realmuto",
        "team": "Unknown",
        "hits": 1,
        "rbi": 0
      },
      {
        "name": "Edmundo Sosa",
        "team": "Unknown",
        "hits": 1,
        "rbi": 1
      },
      {
        "name": "Nick Castellanos",
        "team": "Unknown",
        "hits": 2,
        "rbi": 0
      },
      {
        "name": "Alec Bohm",
        "team": "Unknown",
        "hits": 1,
        "rbi": 1
      },
      {
        "name": "Cristian Pache",
        "team": "Unknown",
        "hits": 2,
        "rbi": 0
      },
      {
        "name": "Bryson Stott",
        "team": "Unknown",
        "hits": 1,
        "rbi": 0
      },
      {
        "name": "Kyle Schwarber",
        "team": "Unknown",
        "hits": 0,
        "rbi": 0
      },
      {
        "name": "Jake Cave",
        "team": "Unknown",
        "hits": 1,
        "rbi": 1
      },
      {
        "name": "Trea Turner",
        "team": "Unknown",
        "hits": 0,
        "rbi": 0
      },
      {
        "name": "Jos\u00e9 Caballero",
        "team": "Unknown",
        "hits": 1,
        "rbi": 1
      },
      {
        "name": "J.P. Crawford",
        "team": "Unknown",
        "hits": 1,
        "rbi": 1
      },
      {
        "name": "Cal Raleigh",
        "team": "Unknown",
        "hits": 1,
        "rbi": 0
      },
      {
        "name": "AJ Pollock",
        "team": "Unknown",
        "hits": 0,
        "rbi": 0
      },
      {
        "name": "Teoscar Hern\u00e1ndez",
        "team": "Unknown",
        "hits": 1,
        "rbi": 2
      },
      {
        "name": "Eugenio Su\u00e1rez",
        "team": "Unknown",
        "hits": 1,
        "rbi": 0
      },
      {
        "name": "Ty France",
        "team": "Unknown",
        "hits": 0,
        "rbi": 0
      },
      {
        "name": "Julio Rodr\u00edguez",
        "team": "Unknown",
        "hits": 0,
        "rbi": 0
      },
      {
        "name": "Jarred Kelenic",
        "team": "Unknown",
        "hits": 3,
        "rbi": 1
      }
    ],
    "pitcher_stats": [
      {
        "name": "Yunior Marte",
        "team": "Unknown",
        "innings_pitched": "1.0",
        "strikeouts": 1,
        "earned_runs": 0
      },
      {
        "name": "Connor Brogdon",
        "team": "Unknown",
        "innings_pitched": "1.0",
        "strikeouts": 0,
        "earned_runs": 1
      },
      {
        "name": "Andrew Vasquez",
        "team": "Unknown",
        "innings_pitched": "1.0",
        "strikeouts": 1,
        "earned_runs": 0
      },
      {
        "name": "Bailey Falter",
        "team": "Unknown",
        "innings_pitched": "6.0",
        "strikeouts": 7,
        "earned_runs": 3
      },
      {
        "name": "Justin Topa",
        "team": "Unknown",
        "innings_pitched": "1.0",
        "strikeouts": 0,
        "earned_runs": 0
      },
      {
        "name": "Matt Brash",
        "team": "Unknown",
        "innings_pitched": "1.0",
        "strikeouts": 2,
        "earned_runs": 1
      },
      {
        "name": "Paul Sewald",
        "team": "Unknown",
        "innings_pitched": "1.0",
        "strikeouts": 2,
        "earned_runs": 1
      },
      {
        "name": "Marco Gonzales",
        "team": "Unknown",
        "innings_pitched": "5.0",
        "strikeouts": 2,
        "earned_runs": 1
      },
      {
        "name": "Gabe Speier",
        "team": "Unknown",
        "innings_pitched": "1.0",
        "strikeouts": 1,
        "earned_runs": 0
      }
    ]
  },
  {
    "date": "2023-04-25",
    "home_team": "Toronto Blue Jays",
    "away_team": "Chicago White Sox",
    "home_score": 7,
    "away_score": 0,
    "status": "Final",
    "game_id": 718433,
    "starting_pitchers": {
      "home": "Jos\u00e9 Berr\u00edos",
      "away": "Mike Clevinger"
    },
    "first_inning_runs": {
      "home": 0,
      "away": 0
    },
    "player_stats": [
      {
        "name": "Bo Bichette",
        "team": "Unknown",
        "hits": 1,
        "rbi": 0
      },
      {
        "name": "Daulton Varsho",
        "team": "Unknown",
        "hits": 0,
        "rbi": 0
      },
      {
        "name": "Matt Chapman",
        "team": "Unknown",
        "hits": 1,
        "rbi": 0
      },
      {
        "name": "Whit Merrifield",
        "team": "Unknown",
        "hits": 0,
        "rbi": 0
      },
      {
        "name": "Kevin Kiermaier",
        "team": "Unknown",
        "hits": 1,
        "rbi": 2
      },
      {
        "name": "George Springer",
        "team": "Unknown",
        "hits": 3,
        "rbi": 1
      },
      {
        "name": "Vladimir Guerrero Jr.",
        "team": "Unknown",
        "hits": 1,
        "rbi": 0
      },
      {
        "name": "Danny Jansen",
        "team": "Unknown",
        "hits": 3,
        "rbi": 4
      },
      {
        "name": "Brandon Belt",
        "team": "Unknown",
        "hits": 0,
        "rbi": 0
      },
      {
        "name": "Yasmani Grandal",
        "team": "Unknown",
        "hits": 0,
        "rbi": 0
      },
      {
        "name": "Jake Burger",
        "team": "Unknown",
        "hits": 1,
        "rbi": 0
      },
      {
        "name": "Romy Gonzalez",
        "team": "Unknown",
        "hits": 0,
        "rbi": 0
      },
      {
        "name": "Andrew Vaughn",
        "team": "Unknown",
        "hits": 0,
        "rbi": 0
      },
      {
        "name": "Gavin Sheets",
        "team": "Unknown",
        "hits": 1,
        "rbi": 0
      },
      {
        "name": "Andrew Benintendi",
        "team": "Unknown",
        "hits": 1,
        "rbi": 0
      },
      {
        "name": "Eloy Jim\u00e9nez",
        "team": "Unknown",
        "hits": 0,
        "rbi": 0
      },
      {
        "name": "Elvis Andrus",
        "team": "Unknown",
        "hits": 1,
        "rbi": 0
      },
      {
        "name": "Luis Robert Jr.",
        "team": "Unknown",
        "hits": 0,
        "rbi": 0
      }
    ],
    "pitcher_stats": [
      {
        "name": "Jos\u00e9 Berr\u00edos",
        "team": "Unknown",
        "innings_pitched": "7.0",
        "strikeouts": 9,
        "earned_runs": 0
      },
      {
        "name": "Anthony Bass",
        "team": "Unknown",
        "innings_pitched": "1.0",
        "strikeouts": 0,
        "earned_runs": 0
      },
      {
        "name": "Nate Pearson",
        "team": "Unknown",
        "innings_pitched": "1.0",
        "strikeouts": 1,
        "earned_runs": 0
      },
      {
        "name": "Mike Clevinger",
        "team": "Unknown",
        "innings_pitched": "5.0",
        "strikeouts": 3,
        "earned_runs": 6
      },
      {
        "name": "Tanner Banks",
        "team": "Unknown",
        "innings_pitched": "3.0",
        "strikeouts": 2,
        "earned_runs": 1
      }
    ]
  },
  {
    "date": "2023-04-25",
    "home_team": "New York Mets",
    "away_team": "Washington Nationals",
    "home_score": 0,
    "away_score": 5,
    "status": "Final",
    "game_id": 718431,
    "starting_pitchers": {
      "home": "Jos\u00e9 Butt\u00f3",
      "away": "Josiah Gray"
    },
    "first_inning_runs": {
      "home": 0,
      "away": 0
    },
    "player_stats": [
      {
        "name": "Luis Guillorme",
        "team": "Unknown",
        "hits": 0,
        "rbi": 0
      },
      {
        "name": "Francisco Alvarez",
        "team": "Unknown",
        "hits": 1,
        "rbi": 0
      },
      {
        "name": "Jeff McNeil",
        "team": "Unknown",
        "hits": 0,
        "rbi": 0
      },
      {
        "name": "Daniel Vogelbach",
        "team": "Unknown",
        "hits": 1,
        "rbi": 0
      },
      {
        "name": "Brett Baty",
        "team": "Unknown",
        "hits": 1,
        "rbi": 0
      },
      {
        "name": "Pete Alonso",
        "team": "Unknown",
        "hits": 0,
        "rbi": 0
      },
      {
        "name": "Starling Marte",
        "team": "Unknown",
        "hits": 0,
        "rbi": 0
      },
      {
        "name": "Francisco Lindor",
        "team": "Unknown",
        "hits": 1,
        "rbi": 0
      },
      {
        "name": "Brandon Nimmo",
        "team": "Unknown",
        "hits": 1,
        "rbi": 0
      },
      {
        "name": "Victor Robles",
        "team": "Unknown",
        "hits": 1,
        "rbi": 0
      },
      {
        "name": "CJ Abrams",
        "team": "Unknown",
        "hits": 0,
        "rbi": 0
      },
      {
        "name": "Joey Meneses",
        "team": "Unknown",
        "hits": 3,
        "rbi": 2
      },
      {
        "name": "Jeimer Candelario",
        "team": "Unknown",
        "hits": 0,
        "rbi": 0
      },
      {
        "name": "Dominic Smith",
        "team": "Unknown",
        "hits": 1,
        "rbi": 0
      },
      {
        "name": "Alex Call",
        "team": "Unknown",
        "hits": 2,
        "rbi": 0
      },
      {
        "name": "Keibert Ruiz",
        "team": "Unknown",
        "hits": 3,
        "rbi": 1
      },
      {
        "name": "Lane Thomas",
        "team": "Unknown",
        "hits": 0,
        "rbi": 0
      },
      {
        "name": "Luis Garc\u00eda Jr.",
        "team": "Unknown",
        "hits": 1,
        "rbi": 2
      }
    ],
    "pitcher_stats": [
      {
        "name": "Jimmy Yacabonis",
        "team": "Unknown",
        "innings_pitched": "2.0",
        "strikeouts": 3,
        "earned_runs": 3
      },
      {
        "name": "Adam Ottavino",
        "team": "Unknown",
        "innings_pitched": "1.0",
        "strikeouts": 0,
        "earned_runs": 0
      },
      {
        "name": "Tommy Hunter",
        "team": "Unknown",
        "innings_pitched": "1.1",
        "strikeouts": 1,
        "earned_runs": 0
      },
      {
        "name": "Jos\u00e9 Butt\u00f3",
        "team": "Unknown",
        "innings_pitched": "4.2",
        "strikeouts": 1,
        "earned_runs": 2
      },
      {
        "name": "Mason Thompson",
        "team": "Unknown",
        "innings_pitched": "3.0",
        "strikeouts": 4,
        "earned_runs": 0
      },
      {
        "name": "Josiah Gray",
        "team": "Unknown",
        "innings_pitched": "6.0",
        "strikeouts": 9,
        "earned_runs": 0
      }
    ]
  },
  {
    "date": "2023-04-25",
    "home_team": "Atlanta Braves",
    "away_team": "Miami Marlins",
    "home_score": 7,
    "away_score": 4,
    "status": "Final",
    "game_id": 718429,
    "starting_pitchers": {
      "home": "Charlie Morton",
      "away": "Bryan Hoeing"
    },
    "first_inning_runs": {
      "home": 1,
      "away": 0
    },
    "player_stats": [
      {
        "name": "Sam Hilliard",
        "team": "Unknown",
        "hits": 1,
        "rbi": 1
      },
      {
        "name": "Matt Olson",
        "team": "Unknown",
        "hits": 0,
        "rbi": 0
      },
      {
        "name": "Vaughn Grissom",
        "team": "Unknown",
        "hits": 1,
        "rbi": 1
      },
      {
        "name": "Sean Murphy",
        "team": "Unknown",
        "hits": 1,
        "rbi": 0
      },
      {
        "name": "Ronald Acu\u00f1a Jr.",
        "team": "Unknown",
        "hits": 2,
        "rbi": 0
      },
      {
        "name": "Eddie Rosario",
        "team": "Unknown",
        "hits": 1,
        "rbi": 1
      },
      {
        "name": "Kevin Pillar",
        "team": "Unknown",
        "hits": 1,
        "rbi": 1
      },
      {
        "name": "Ozzie Albies",
        "team": "Unknown",
        "hits": 2,
        "rbi": 2
      },
      {
        "name": "Austin Riley",
        "team": "Unknown",
        "hits": 1,
        "rbi": 1
      },
      {
        "name": "Jean Segura",
        "team": "Unknown",
        "hits": 0,
        "rbi": 0
      },
      {
        "name": "Bryan De La Cruz",
        "team": "Unknown",
        "hits": 1,
        "rbi": 1
      },
      {
        "name": "Jorge Soler",
        "team": "Unknown",
        "hits": 1,
        "rbi": 0
      },
      {
        "name": "Yuli Gurriel",
        "team": "Unknown",
        "hits": 2,
        "rbi": 1
      },
      {
        "name": "Garrett Hampson",
        "team": "Unknown",
        "hits": 1,
        "rbi": 0
      },
      {
        "name": "Jon Berti",
        "team": "Unknown",
        "hits": 1,
        "rbi": 0
      },
      {
        "name": "Avisa\u00edl Garc\u00eda",
        "team": "Unknown",
        "hits": 1,
        "rbi": 1
      },
      {
        "name": "Nick Fortes",
        "team": "Unknown",
        "hits": 0,
        "rbi": 0
      },
      {
        "name": "Jazz Chisholm Jr.",
        "team": "Unknown",
        "hits": 2,
        "rbi": 1
      },
      {
        "name": "Jes\u00fas S\u00e1nchez",
        "team": "Unknown",
        "hits": 1,
        "rbi": 0
      }
    ],
    "pitcher_stats": [
      {
        "name": "Dylan Lee",
        "team": "Unknown",
        "innings_pitched": "0.1",
        "strikeouts": 1,
        "earned_runs": 2
      },
      {
        "name": "Jesse Chavez",
        "team": "Unknown",
        "innings_pitched": "1.0",
        "strikeouts": 1,
        "earned_runs": 1
      },
      {
        "name": "Collin McHugh",
        "team": "Unknown",
        "innings_pitched": "0.2",
        "strikeouts": 0,
        "earned_runs": 0
      },
      {
        "name": "Charlie Morton",
        "team": "Unknown",
        "innings_pitched": "7.0",
        "strikeouts": 9,
        "earned_runs": 1
      },
      {
        "name": "Bryan Hoeing",
        "team": "Unknown",
        "innings_pitched": "3.2",
        "strikeouts": 2,
        "earned_runs": 4
      },
      {
        "name": "Steven Okert",
        "team": "Unknown",
        "innings_pitched": "1.1",
        "strikeouts": 3,
        "earned_runs": 0
      },
      {
        "name": "Tanner Scott",
        "team": "Unknown",
        "innings_pitched": "1.0",
        "strikeouts": 2,
        "earned_runs": 2
      },
      {
        "name": "Devin Smeltzer",
        "team": "Unknown",
        "innings_pitched": "1.0",
        "strikeouts": 0,
        "earned_runs": 0
      },
      {
        "name": "Andrew Nardi",
        "team": "Unknown",
        "innings_pitched": "1.0",
        "strikeouts": 0,
        "earned_runs": 1
      }
    ]
  },
  {
    "date": "2023-04-25",
    "home_team": "Chicago Cubs",
    "away_team": "San Diego Padres",
    "home_score": 6,
    "away_score": 0,
    "status": "Final",
    "game_id": 718426,
    "starting_pitchers": {
      "home": "Justin Steele",
      "away": "Blake Snell"
    },
    "first_inning_runs": {
      "home": 0,
      "away": 0
    },
    "player_stats": [
      {
        "name": "Trey Mancini",
        "team": "Unknown",
        "hits": 1,
        "rbi": 0
      },
      {
        "name": "Ian Happ",
        "team": "Unknown",
        "hits": 0,
        "rbi": 0
      },
      {
        "name": "Patrick Wisdom",
        "team": "Unknown",
        "hits": 0,
        "rbi": 0
      },
      {
        "name": "Yan Gomes",
        "team": "Unknown",
        "hits": 4,
        "rbi": 3
      },
      {
        "name": "Seiya Suzuki",
        "team": "Unknown",
        "hits": 0,
        "rbi": 0
      },
      {
        "name": "Dansby Swanson",
        "team": "Unknown",
        "hits": 0,
        "rbi": 0
      },
      {
        "name": "Nico Hoerner",
        "team": "Unknown",
        "hits": 1,
        "rbi": 3
      },
      {
        "name": "Eric Hosmer",
        "team": "Unknown",
        "hits": 0,
        "rbi": 0
      },
      {
        "name": "Nelson Vel\u00e1zquez",
        "team": "Unknown",
        "hits": 1,
        "rbi": 0
      },
      {
        "name": "Matt Carpenter",
        "team": "Unknown",
        "hits": 1,
        "rbi": 0
      },
      {
        "name": "Manny Machado",
        "team": "Unknown",
        "hits": 0,
        "rbi": 0
      },
      {
        "name": "Fernando Tatis Jr.",
        "team": "Unknown",
        "hits": 1,
        "rbi": 0
      },
      {
        "name": "Juan Soto",
        "team": "Unknown",
        "hits": 0,
        "rbi": 0
      },
      {
        "name": "Xander Bogaerts",
        "team": "Unknown",
        "hits": 1,
        "rbi": 0
      },
      {
        "name": "Trent Grisham",
        "team": "Unknown",
        "hits": 0,
        "rbi": 0
      },
      {
        "name": "Jake Cronenworth",
        "team": "Unknown",
        "hits": 0,
        "rbi": 0
      },
      {
        "name": "Ha-Seong Kim",
        "team": "Unknown",
        "hits": 1,
        "rbi": 0
      },
      {
        "name": "Austin Nola",
        "team": "Unknown",
        "hits": 1,
        "rbi": 0
      }
    ],
    "pitcher_stats": [
      {
        "name": "Adbert Alzolay",
        "team": "Unknown",
        "innings_pitched": "0.2",
        "strikeouts": 2,
        "earned_runs": 0
      },
      {
        "name": "Keegan Thompson",
        "team": "Unknown",
        "innings_pitched": "1.0",
        "strikeouts": 1,
        "earned_runs": 0
      },
      {
        "name": "Michael Rucker",
        "team": "Unknown",
        "innings_pitched": "1.0",
        "strikeouts": 1,
        "earned_runs": 0
      },
      {
        "name": "Mark Leiter Jr.",
        "team": "Unknown",
        "innings_pitched": "1.0",
        "strikeouts": 1,
        "earned_runs": 0
      },
      {
        "name": "Justin Steele",
        "team": "Unknown",
        "innings_pitched": "5.1",
        "strikeouts": 5,
        "earned_runs": 0
      },
      {
        "name": "Steven Wilson",
        "team": "Unknown",
        "innings_pitched": "0.2",
        "strikeouts": 0,
        "earned_runs": 4
      },
      {
        "name": "Ryan Weathers",
        "team": "Unknown",
        "innings_pitched": "1.0",
        "strikeouts": 0,
        "earned_runs": 0
      },
      {
        "name": "Ray Kerr",
        "team": "Unknown",
        "innings_pitched": "0.1",
        "strikeouts": 0,
        "earned_runs": 0
      },
      {
        "name": "Blake Snell",
        "team": "Unknown",
        "innings_pitched": "5.0",
        "strikeouts": 5,
        "earned_runs": 2
      },
      {
        "name": "Luis Garc\u00eda",
        "team": "Unknown",
        "innings_pitched": "1.0",
        "strikeouts": 0,
        "earned_runs": 0
      }
    ]
  },
  {
    "date": "2023-04-25",
    "home_team": "Minnesota Twins",
    "away_team": "New York Yankees",
    "home_score": 6,
    "away_score": 2,
    "status": "Final",
    "game_id": 718427,
    "starting_pitchers": {
      "home": "Joe Ryan",
      "away": "Nestor Cortes"
    },
    "first_inning_runs": {
      "home": 0,
      "away": 1
    },
    "player_stats": [
      {
        "name": "Donovan Solano",
        "team": "Unknown",
        "hits": 1,
        "rbi": 1
      },
      {
        "name": "Willi Castro",
        "team": "Unknown",
        "hits": 0,
        "rbi": 0
      },
      {
        "name": "Ryan Jeffers",
        "team": "Unknown",
        "hits": 1,
        "rbi": 0
      },
      {
        "name": "Carlos Correa",
        "team": "Unknown",
        "hits": 0,
        "rbi": 0
      },
      {
        "name": "Jose Miranda",
        "team": "Unknown",
        "hits": 0,
        "rbi": 0
      },
      {
        "name": "Joey Gallo",
        "team": "Unknown",
        "hits": 1,
        "rbi": 0
      },
      {
        "name": "Trevor Larnach",
        "team": "Unknown",
        "hits": 1,
        "rbi": 2
      },
      {
        "name": "Jorge Polanco",
        "team": "Unknown",
        "hits": 2,
        "rbi": 1
      },
      {
        "name": "Michael A. Taylor",
        "team": "Unknown",
        "hits": 0,
        "rbi": 0
      },
      {
        "name": "Byron Buxton",
        "team": "Unknown",
        "hits": 2,
        "rbi": 2
      },
      {
        "name": "DJ LeMahieu",
        "team": "Unknown",
        "hits": 1,
        "rbi": 1
      },
      {
        "name": "Oswald Peraza",
        "team": "Unknown",
        "hits": 0,
        "rbi": 0
      },
      {
        "name": "Anthony Rizzo",
        "team": "Unknown",
        "hits": 0,
        "rbi": 0
      },
      {
        "name": "Aaron Judge",
        "team": "Unknown",
        "hits": 1,
        "rbi": 0
      },
      {
        "name": "Aaron Hicks",
        "team": "Unknown",
        "hits": 1,
        "rbi": 0
      },
      {
        "name": "Franchy Cordero",
        "team": "Unknown",
        "hits": 0,
        "rbi": 0
      },
      {
        "name": "Jose Trevino",
        "team": "Unknown",
        "hits": 1,
        "rbi": 0
      },
      {
        "name": "Anthony Volpe",
        "team": "Unknown",
        "hits": 2,
        "rbi": 0
      },
      {
        "name": "Willie Calhoun",
        "team": "Unknown",
        "hits": 2,
        "rbi": 0
      }
    ],
    "pitcher_stats": [
      {
        "name": "Jhoan Duran",
        "team": "Unknown",
        "innings_pitched": "1.0",
        "strikeouts": 1,
        "earned_runs": 0
      },
      {
        "name": "Jorge L\u00f3pez",
        "team": "Unknown",
        "innings_pitched": "1.0",
        "strikeouts": 1,
        "earned_runs": 0
      },
      {
        "name": "Joe Ryan",
        "team": "Unknown",
        "innings_pitched": "7.0",
        "strikeouts": 7,
        "earned_runs": 1
      },
      {
        "name": "Nestor Cortes",
        "team": "Unknown",
        "innings_pitched": "5.0",
        "strikeouts": 6,
        "earned_runs": 3
      },
      {
        "name": "Ron Marinaccio",
        "team": "Unknown",
        "innings_pitched": "1.0",
        "strikeouts": 2,
        "earned_runs": 2
      },
      {
        "name": "Nick Ramirez",
        "team": "Unknown",
        "innings_pitched": "2.0",
        "strikeouts": 1,
        "earned_runs": 0
      }
    ]
  },
  {
    "date": "2023-04-25",
    "home_team": "Milwaukee Brewers",
    "away_team": "Detroit Tigers",
    "home_score": 3,
    "away_score": 4,
    "status": "Final",
    "game_id": 718428,
    "starting_pitchers": {
      "home": "Eric Lauer",
      "away": "Spencer Turnbull"
    },
    "first_inning_runs": {
      "home": 0,
      "away": 0
    },
    "player_stats": [
      {
        "name": "Joey Wiemer",
        "team": "Unknown",
        "hits": 1,
        "rbi": 0
      },
      {
        "name": "Christian Yelich",
        "team": "Unknown",
        "hits": 0,
        "rbi": 1
      },
      {
        "name": "Jesse Winker",
        "team": "Unknown",
        "hits": 0,
        "rbi": 0
      },
      {
        "name": "Rowdy Tellez",
        "team": "Unknown",
        "hits": 1,
        "rbi": 1
      },
      {
        "name": "Brian Anderson",
        "team": "Unknown",
        "hits": 0,
        "rbi": 0
      },
      {
        "name": "Owen Miller",
        "team": "Unknown",
        "hits": 1,
        "rbi": 1
      },
      {
        "name": "William Contreras",
        "team": "Unknown",
        "hits": 0,
        "rbi": 0
      },
      {
        "name": "Brice Turang",
        "team": "Unknown",
        "hits": 1,
        "rbi": 0
      },
      {
        "name": "Luke Voit",
        "team": "Unknown",
        "hits": 1,
        "rbi": 0
      },
      {
        "name": "Willy Adames",
        "team": "Unknown",
        "hits": 0,
        "rbi": 0
      },
      {
        "name": "Nick Maton",
        "team": "Unknown",
        "hits": 0,
        "rbi": 0
      },
      {
        "name": "Javier B\u00e1ez",
        "team": "Unknown",
        "hits": 2,
        "rbi": 0
      },
      {
        "name": "Riley Greene",
        "team": "Unknown",
        "hits": 0,
        "rbi": 0
      },
      {
        "name": "Jonathan Schoop",
        "team": "Unknown",
        "hits": 1,
        "rbi": 0
      },
      {
        "name": "Kerry Carpenter",
        "team": "Unknown",
        "hits": 1,
        "rbi": 3
      },
      {
        "name": "Tyler Nevin",
        "team": "Unknown",
        "hits": 0,
        "rbi": 0
      },
      {
        "name": "Spencer Torkelson",
        "team": "Unknown",
        "hits": 2,
        "rbi": 1
      },
      {
        "name": "Jake Rogers",
        "team": "Unknown",
        "hits": 0,
        "rbi": 0
      },
      {
        "name": "Miguel Cabrera",
        "team": "Unknown",
        "hits": 2,
        "rbi": 0
      },
      {
        "name": "Eric Haase",
        "team": "Unknown",
        "hits": 1,
        "rbi": 0
      },
      {
        "name": "Matt Vierling",
        "team": "Unknown",
        "hits": 3,
        "rbi": 0
      }
    ],
    "pitcher_stats": [
      {
        "name": "Joel Payamps",
        "team": "Unknown",
        "innings_pitched": "2.0",
        "strikeouts": 2,
        "earned_runs": 0
      },
      {
        "name": "Eric Lauer",
        "team": "Unknown",
        "innings_pitched": "3.0",
        "strikeouts": 4,
        "earned_runs": 4
      },
      {
        "name": "Elvis Peguero",
        "team": "Unknown",
        "innings_pitched": "3.0",
        "strikeouts": 2,
        "earned_runs": 0
      },
      {
        "name": "Peter Strzelecki",
        "team": "Unknown",
        "innings_pitched": "1.0",
        "strikeouts": 0,
        "earned_runs": 0
      },
      {
        "name": "Tyler Alexander",
        "team": "Unknown",
        "innings_pitched": "1.0",
        "strikeouts": 2,
        "earned_runs": 1
      },
      {
        "name": "Mason Englert",
        "team": "Unknown",
        "innings_pitched": "2.2",
        "strikeouts": 4,
        "earned_runs": 0
      },
      {
        "name": "Spencer Turnbull",
        "team": "Unknown",
        "innings_pitched": "4.0",
        "strikeouts": 2,
        "earned_runs": 2
      },
      {
        "name": "Jason Foley",
        "team": "Unknown",
        "innings_pitched": "1.1",
        "strikeouts": 2,
        "earned_runs": 0
      }
    ]
  },
  {
    "date": "2023-04-25",
    "home_team": "Los Angeles Angels",
    "away_team": "Oakland Athletics",
    "home_score": 5,
    "away_score": 3,
    "status": "Final",
    "game_id": 718425,
    "starting_pitchers": {
      "home": "Griffin Canning",
      "away": "Mason Miller"
    },
    "first_inning_runs": {
      "home": 4,
      "away": 1
    },
    "player_stats": [
      {
        "name": "Brett Phillips",
        "team": "Unknown",
        "hits": 0,
        "rbi": 0
      },
      {
        "name": "Luis Rengifo",
        "team": "Unknown",
        "hits": 1,
        "rbi": 1
      },
      {
        "name": "Zach Neto",
        "team": "Unknown",
        "hits": 0,
        "rbi": 0
      },
      {
        "name": "Matt Thaiss",
        "team": "Unknown",
        "hits": 1,
        "rbi": 0
      },
      {
        "name": "Taylor Ward",
        "team": "Unknown",
        "hits": 2,
        "rbi": 1
      },
      {
        "name": "Brandon Drury",
        "team": "Unknown",
        "hits": 2,
        "rbi": 2
      },
      {
        "name": "Mike Trout",
        "team": "Unknown",
        "hits": 2,
        "rbi": 0
      },
      {
        "name": "Gio Urshela",
        "team": "Unknown",
        "hits": 2,
        "rbi": 1
      },
      {
        "name": "Anthony Rendon",
        "team": "Unknown",
        "hits": 0,
        "rbi": 0
      },
      {
        "name": "Shohei Ohtani",
        "team": "Unknown",
        "hits": 0,
        "rbi": 0
      },
      {
        "name": "Brent Rooker",
        "team": "Unknown",
        "hits": 1,
        "rbi": 0
      },
      {
        "name": "Conner Capel",
        "team": "Unknown",
        "hits": 0,
        "rbi": 0
      },
      {
        "name": "Jace Peterson",
        "team": "Unknown",
        "hits": 1,
        "rbi": 1
      },
      {
        "name": "Esteury Ruiz",
        "team": "Unknown",
        "hits": 0,
        "rbi": 0
      },
      {
        "name": "Jordan Diaz",
        "team": "Unknown",
        "hits": 1,
        "rbi": 1
      },
      {
        "name": "Ryan Noda",
        "team": "Unknown",
        "hits": 1,
        "rbi": 0
      },
      {
        "name": "Tony Kemp",
        "team": "Unknown",
        "hits": 0,
        "rbi": 0
      },
      {
        "name": "Shea Langeliers",
        "team": "Unknown",
        "hits": 1,
        "rbi": 1
      },
      {
        "name": "Jes\u00fas Aguilar",
        "team": "Unknown",
        "hits": 0,
        "rbi": 0
      },
      {
        "name": "Kevin Smith",
        "team": "Unknown",
        "hits": 1,
        "rbi": 0
      }
    ],
    "pitcher_stats": [
      {
        "name": "Aaron Loup",
        "team": "Unknown",
        "innings_pitched": "1.0",
        "strikeouts": 2,
        "earned_runs": 0
      },
      {
        "name": "Griffin Canning",
        "team": "Unknown",
        "innings_pitched": "5.0",
        "strikeouts": 7,
        "earned_runs": 3
      },
      {
        "name": "Matt Moore",
        "team": "Unknown",
        "innings_pitched": "1.1",
        "strikeouts": 1,
        "earned_runs": 0
      },
      {
        "name": "Carlos Est\u00e9vez",
        "team": "Unknown",
        "innings_pitched": "1.2",
        "strikeouts": 1,
        "earned_runs": 0
      },
      {
        "name": "Sam Long",
        "team": "Unknown",
        "innings_pitched": "2.0",
        "strikeouts": 1,
        "earned_runs": 0
      },
      {
        "name": "Mason Miller",
        "team": "Unknown",
        "innings_pitched": "4.0",
        "strikeouts": 6,
        "earned_runs": 4
      },
      {
        "name": "Richard Lovelady",
        "team": "Unknown",
        "innings_pitched": "1.0",
        "strikeouts": 1,
        "earned_runs": 0
      },
      {
        "name": "Adam Oller",
        "team": "Unknown",
        "innings_pitched": "1.0",
        "strikeouts": 0,
        "earned_runs": 1
      }
    ]
  },
  {
    "date": "2023-04-25",
    "home_team": "Arizona Diamondbacks",
    "away_team": "Kansas City Royals",
    "home_score": 4,
    "away_score": 5,
    "status": "Final",
    "game_id": 718422,
    "starting_pitchers": {
      "home": "Ryne Nelson",
      "away": "Brady Singer"
    },
    "first_inning_runs": {
      "home": 0,
      "away": 1
    },
    "player_stats": [
      {
        "name": "Josh Rojas",
        "team": "Unknown",
        "hits": 0,
        "rbi": 1
      },
      {
        "name": "Ketel Marte",
        "team": "Unknown",
        "hits": 0,
        "rbi": 0
      },
      {
        "name": "Geraldo Perdomo",
        "team": "Unknown",
        "hits": 1,
        "rbi": 0
      },
      {
        "name": "Gabriel Moreno",
        "team": "Unknown",
        "hits": 1,
        "rbi": 0
      },
      {
        "name": "Corbin Carroll",
        "team": "Unknown",
        "hits": 3,
        "rbi": 0
      },
      {
        "name": "Lourdes Gurriel Jr.",
        "team": "Unknown",
        "hits": 2,
        "rbi": 0
      },
      {
        "name": "Christian Walker",
        "team": "Unknown",
        "hits": 0,
        "rbi": 1
      },
      {
        "name": "Pavin Smith",
        "team": "Unknown",
        "hits": 1,
        "rbi": 0
      },
      {
        "name": "Alek Thomas",
        "team": "Unknown",
        "hits": 1,
        "rbi": 0
      },
      {
        "name": "Emmanuel Rivera",
        "team": "Unknown",
        "hits": 1,
        "rbi": 1
      },
      {
        "name": "Salvador Perez",
        "team": "Unknown",
        "hits": 2,
        "rbi": 0
      },
      {
        "name": "Edward Olivares",
        "team": "Unknown",
        "hits": 2,
        "rbi": 1
      },
      {
        "name": "Nicky Lopez",
        "team": "Unknown",
        "hits": 2,
        "rbi": 1
      },
      {
        "name": "Michael Massey",
        "team": "Unknown",
        "hits": 2,
        "rbi": 1
      },
      {
        "name": "Hunter Dozier",
        "team": "Unknown",
        "hits": 1,
        "rbi": 0
      },
      {
        "name": "Vinnie Pasquantino",
        "team": "Unknown",
        "hits": 1,
        "rbi": 0
      },
      {
        "name": "Kyle Isbel",
        "team": "Unknown",
        "hits": 2,
        "rbi": 0
      },
      {
        "name": "Franmil Reyes",
        "team": "Unknown",
        "hits": 0,
        "rbi": 1
      },
      {
        "name": "Bobby Witt Jr.",
        "team": "Unknown",
        "hits": 2,
        "rbi": 0
      }
    ],
    "pitcher_stats": [
      {
        "name": "Kevin Ginkel",
        "team": "Unknown",
        "innings_pitched": "1.0",
        "strikeouts": 0,
        "earned_runs": 0
      },
      {
        "name": "Ryne Nelson",
        "team": "Unknown",
        "innings_pitched": "5.0",
        "strikeouts": 3,
        "earned_runs": 4
      },
      {
        "name": "Anthony Misiewicz",
        "team": "Unknown",
        "innings_pitched": "1.0",
        "strikeouts": 0,
        "earned_runs": 1
      },
      {
        "name": "Jos\u00e9 Ruiz",
        "team": "Unknown",
        "innings_pitched": "2.0",
        "strikeouts": 1,
        "earned_runs": 0
      },
      {
        "name": "Scott Barlow",
        "team": "Unknown",
        "innings_pitched": "1.2",
        "strikeouts": 2,
        "earned_runs": 0
      },
      {
        "name": "Brady Singer",
        "team": "Unknown",
        "innings_pitched": "6.0",
        "strikeouts": 5,
        "earned_runs": 1
      },
      {
        "name": "Taylor Clarke",
        "team": "Unknown",
        "innings_pitched": "1.0",
        "strikeouts": 1,
        "earned_runs": 1
      },
      {
        "name": "Aroldis Chapman",
        "team": "Unknown",
        "innings_pitched": "0.1",
        "strikeouts": 1,
        "earned_runs": 1
      }
    ]
  },
  {
    "date": "2023-04-25",
    "home_team": "San Francisco Giants",
    "away_team": "St. Louis Cardinals",
    "home_score": 5,
    "away_score": 4,
    "status": "Final",
    "game_id": 718439,
    "starting_pitchers": {
      "home": "John Brebbia",
      "away": "Jake Woodford"
    },
    "first_inning_runs": {
      "home": 0,
      "away": 0
    },
    "player_stats": [
      {
        "name": "Blake Sabol",
        "team": "Unknown",
        "hits": 2,
        "rbi": 2
      },
      {
        "name": "Michael Conforto",
        "team": "Unknown",
        "hits": 1,
        "rbi": 0
      },
      {
        "name": "Thairo Estrada",
        "team": "Unknown",
        "hits": 1,
        "rbi": 0
      },
      {
        "name": "Joc Pederson",
        "team": "Unknown",
        "hits": 2,
        "rbi": 0
      },
      {
        "name": "David Villar",
        "team": "Unknown",
        "hits": 0,
        "rbi": 0
      },
      {
        "name": "Brandon Crawford",
        "team": "Unknown",
        "hits": 0,
        "rbi": 0
      },
      {
        "name": "LaMonte Wade Jr.",
        "team": "Unknown",
        "hits": 1,
        "rbi": 0
      },
      {
        "name": "Mike Yastrzemski",
        "team": "Unknown",
        "hits": 2,
        "rbi": 2
      },
      {
        "name": "J.D. Davis",
        "team": "Unknown",
        "hits": 0,
        "rbi": 0
      },
      {
        "name": "Nolan Gorman",
        "team": "Unknown",
        "hits": 0,
        "rbi": 0
      },
      {
        "name": "Dylan Carlson",
        "team": "Unknown",
        "hits": 2,
        "rbi": 0
      },
      {
        "name": "Willson Contreras",
        "team": "Unknown",
        "hits": 2,
        "rbi": 0
      },
      {
        "name": "Nolan Arenado",
        "team": "Unknown",
        "hits": 0,
        "rbi": 0
      },
      {
        "name": "Lars Nootbaar",
        "team": "Unknown",
        "hits": 0,
        "rbi": 0
      },
      {
        "name": "Tyler O'Neill",
        "team": "Unknown",
        "hits": 1,
        "rbi": 1
      },
      {
        "name": "Alec Burleson",
        "team": "Unknown",
        "hits": 0,
        "rbi": 0
      },
      {
        "name": "Paul DeJong",
        "team": "Unknown",
        "hits": 1,
        "rbi": 0
      },
      {
        "name": "Paul Goldschmidt",
        "team": "Unknown",
        "hits": 2,
        "rbi": 2
      },
      {
        "name": "Tommy Edman",
        "team": "Unknown",
        "hits": 1,
        "rbi": 1
      },
      {
        "name": "Brendan Donovan",
        "team": "Unknown",
        "hits": 0,
        "rbi": 0
      }
    ],
    "pitcher_stats": [
      {
        "name": "Scott Alexander",
        "team": "Unknown",
        "innings_pitched": "0.1",
        "strikeouts": 0,
        "earned_runs": 3
      },
      {
        "name": "Sean Manaea",
        "team": "Unknown",
        "innings_pitched": "1.1",
        "strikeouts": 2,
        "earned_runs": 1
      },
      {
        "name": "John Brebbia",
        "team": "Unknown",
        "innings_pitched": "1.1",
        "strikeouts": 2,
        "earned_runs": 0
      },
      {
        "name": "Sean Hjelle",
        "team": "Unknown",
        "innings_pitched": "1.0",
        "strikeouts": 0,
        "earned_runs": 0
      },
      {
        "name": "Tyler Rogers",
        "team": "Unknown",
        "innings_pitched": "2.0",
        "strikeouts": 1,
        "earned_runs": 0
      },
      {
        "name": "Camilo Doval",
        "team": "Unknown",
        "innings_pitched": "0.2",
        "strikeouts": 1,
        "earned_runs": 0
      },
      {
        "name": "Jakob Junis",
        "team": "Unknown",
        "innings_pitched": "1.0",
        "strikeouts": 1,
        "earned_runs": 0
      },
      {
        "name": "Taylor Rogers",
        "team": "Unknown",
        "innings_pitched": "1.1",
        "strikeouts": 1,
        "earned_runs": 0
      },
      {
        "name": "Giovanny Gallegos",
        "team": "Unknown",
        "innings_pitched": "1.0",
        "strikeouts": 0,
        "earned_runs": 0
      },
      {
        "name": "Ryan Helsley",
        "team": "Unknown",
        "innings_pitched": "0.2",
        "strikeouts": 1,
        "earned_runs": 3
      },
      {
        "name": "Jake Woodford",
        "team": "Unknown",
        "innings_pitched": "5.1",
        "strikeouts": 4,
        "earned_runs": 2
      },
      {
        "name": "G\u00e9nesis Cabrera",
        "team": "Unknown",
        "innings_pitched": "1.2",
        "strikeouts": 4,
        "earned_runs": 0
      }
    ]
  }
]