[
  {
    "date": "2024-03-07",
    "home_team": "St. Louis Cardinals",
    "away_team": "Houston Astros",
    "home_score": 3,
    "away_score": 6,
    "status": "Final",
    "game_id": 748079,
    "starting_pitchers": {
      "home": "Kyle Gibson",
      "away": "Cristian Javier"
    },
    "first_inning_runs": {
      "home": 0,
      "away": 4
    },
    "player_stats": [
      {
        "name": "Jordan Walker",
        "team": "Unknown",
        "hits": 1,
        "rbi": 1
      },
      {
        "name": "Dylan Carlson",
        "team": "Unknown",
        "hits": 0,
        "rbi": 0
      },
      {
        "name": "Willson Contreras",
        "team": "Unknown",
        "hits": 1,
        "rbi": 0
      },
      {
        "name": "Nolan Arenado",
        "team": "Unknown",
        "hits": 0,
        "rbi": 0
      },
      {
        "name": "Alec Burleson",
        "team": "Unknown",
        "hits": 1,
        "rbi": 1
      },
      {
        "name": "Paul Goldschmidt",
        "team": "Unknown",
        "hits": 0,
        "rbi": 0
      },
      {
        "name": "Thomas Saggese",
        "team": "Unknown",
        "hits": 0,
        "rbi": 0
      },
      {
        "name": "Matt Koperniak",
        "team": "Unknown",
        "hits": 0,
        "rbi": 0
      },
      {
        "name": "Jos\u00e9 Ferm\u00edn",
        "team": "Unknown",
        "hits": 1,
        "rbi": 0
      },
      {
        "name": "Matt Carpenter",
        "team": "Unknown",
        "hits": 1,
        "rbi": 1
      },
      {
        "name": "Luken Baker",
        "team": "Unknown",
        "hits": 0,
        "rbi": 0
      },
      {
        "name": "Alfonso Rivas III",
        "team": "Unknown",
        "hits": 0,
        "rbi": 0
      },
      {
        "name": "Nick Raposo",
        "team": "Unknown",
        "hits": 0,
        "rbi": 0
      },
      {
        "name": "Brendan Donovan",
        "team": "Unknown",
        "hits": 1,
        "rbi": 0
      },
      {
        "name": "C\u00e9sar Prieto",
        "team": "Unknown",
        "hits": 1,
        "rbi": 0
      },
      {
        "name": "Masyn Winn",
        "team": "Unknown",
        "hits": 0,
        "rbi": 0
      },
      {
        "name": "Jared Young",
        "team": "Unknown",
        "hits": 0,
        "rbi": 0
      },
      {
        "name": "Shay Whitcomb",
        "team": "Unknown",
        "hits": 0,
        "rbi": 0
      },
      {
        "name": "Grae Kessinger",
        "team": "Unknown",
        "hits": 1,
        "rbi": 1
      },
      {
        "name": "Corey Julks",
        "team": "Unknown",
        "hits": 0,
        "rbi": 0
      },
      {
        "name": "Kyle Tucker",
        "team": "Unknown",
        "hits": 2,
        "rbi": 1
      },
      {
        "name": "Luke Berryhill",
        "team": "Unknown",
        "hits": 0,
        "rbi": 0
      },
      {
        "name": "Mauricio Dub\u00f3n",
        "team": "Unknown",
        "hits": 2,
        "rbi": 0
      },
      {
        "name": "Alex Bregman",
        "team": "Unknown",
        "hits": 0,
        "rbi": 0
      },
      {
        "name": "Jake Meyers",
        "team": "Unknown",
        "hits": 0,
        "rbi": 0
      },
      {
        "name": "Will Wagner",
        "team": "Unknown",
        "hits": 0,
        "rbi": 0
      },
      {
        "name": "Jose Altuve",
        "team": "Unknown",
        "hits": 1,
        "rbi": 0
      },
      {
        "name": "Joey Loperfido",
        "team": "Unknown",
        "hits": 1,
        "rbi": 1
      },
      {
        "name": "Jeremy Pe\u00f1a",
        "team": "Unknown",
        "hits": 1,
        "rbi": 0
      },
      {
        "name": "Trey Cabbage",
        "team": "Unknown",
        "hits": 0,
        "rbi": 0
      },
      {
        "name": "Jos\u00e9 Abreu",
        "team": "Unknown",
        "hits": 1,
        "rbi": 1
      },
      {
        "name": "David Hensley",
        "team": "Unknown",
        "hits": 0,
        "rbi": 0
      },
      {
        "name": "Yainer Diaz",
        "team": "Unknown",
        "hits": 0,
        "rbi": 1
      },
      {
        "name": "Chas McCormick",
        "team": "Unknown",
        "hits": 3,
        "rbi": 1
      },
      {
        "name": "Yordan Alvarez",
        "team": "Unknown",
        "hits": 2,
        "rbi": 0
      }
    ],
    "pitcher_stats": [
      {
        "name": "Matthew Liberatore",
        "team": "Unknown",
        "innings_pitched": "3.0",
        "strikeouts": 2,
        "earned_runs": 0
      },
      {
        "name": "Keynan Middleton",
        "team": "Unknown",
        "innings_pitched": "1.0",
        "strikeouts": 1,
        "earned_runs": 0
      },
      {
        "name": "Kyle Gibson",
        "team": "Unknown",
        "innings_pitched": "3.0",
        "strikeouts": 3,
        "earned_runs": 4
      },
      {
        "name": "John King",
        "team": "Unknown",
        "innings_pitched": "1.0",
        "strikeouts": 2,
        "earned_runs": 1
      },
      {
        "name": "Andrew Kittredge",
        "team": "Unknown",
        "innings_pitched": "1.0",
        "strikeouts": 1,
        "earned_runs": 0
      },
      {
        "name": "Parker Mushinski",
        "team": "Unknown",
        "innings_pitched": "1.0",
        "strikeouts": 0,
        "earned_runs": 0
      },
      {
        "name": "Cristian Javier",
        "team": "Unknown",
        "innings_pitched": "3.0",
        "strikeouts": 6,
        "earned_runs": 2
      },
      {
        "name": "Mark Washington",
        "team": "Unknown",
        "innings_pitched": "1.0",
        "strikeouts": 1,
        "earned_runs": 0
      },
      {
        "name": "Seth Martinez",
        "team": "Unknown",
        "innings_pitched": "1.0",
        "strikeouts": 1,
        "earned_runs": 0
      },
      {
        "name": "Ryan Pressly",
        "team": "Unknown",
        "innings_pitched": "1.0",
        "strikeouts": 2,
        "earned_runs": 1
      },
      {
        "name": "Dylan Coleman",
        "team": "Unknown",
        "innings_pitched": "1.0",
        "strikeouts": 2,
        "earned_runs": 0
      },
      {
        "name": "Josh Hader",
        "team": "Unknown",
        "innings_pitched": "1.0",
        "strikeouts": 0,
        "earned_runs": 0
      }
    ]
  },
  {
    "date": "2024-03-07",
    "home_team": "Tampa Bay Rays",
    "away_team": "Philadelphia Phillies",
    "home_score": 3,
    "away_score": 2,
    "status": "Final",
    "game_id": 748076,
    "starting_pitchers": {
      "home": "Jacob Lopez",
      "away": "Aaron Nola"
    },
    "first_inning_runs": {
      "home": 3,
      "away": 0
    },
    "player_stats": [
      {
        "name": "Tristan Peters",
        "team": "Unknown",
        "hits": 1,
        "rbi": 0
      },
      {
        "name": "Tanner Murray",
        "team": "Unknown",
        "hits": 0,
        "rbi": 0
      },
      {
        "name": "Francisco Mej\u00eda",
        "team": "Unknown",
        "hits": 0,
        "rbi": 0
      },
      {
        "name": "Nick Meyer",
        "team": "Unknown",
        "hits": 0,
        "rbi": 0
      },
      {
        "name": "Austin Shenton",
        "team": "Unknown",
        "hits": 0,
        "rbi": 0
      },
      {
        "name": "Niko Hulsizer",
        "team": "Unknown",
        "hits": 0,
        "rbi": 0
      },
      {
        "name": "Junior Caminero",
        "team": "Unknown",
        "hits": 0,
        "rbi": 0
      },
      {
        "name": "Ruben Cardenas",
        "team": "Unknown",
        "hits": 0,
        "rbi": 0
      },
      {
        "name": "Jose Siri",
        "team": "Unknown",
        "hits": 1,
        "rbi": 2
      },
      {
        "name": "Isaac Paredes",
        "team": "Unknown",
        "hits": 2,
        "rbi": 0
      },
      {
        "name": "Harold Ram\u00edrez",
        "team": "Unknown",
        "hits": 1,
        "rbi": 1
      },
      {
        "name": "Jos\u00e9 Caballero",
        "team": "Unknown",
        "hits": 1,
        "rbi": 0
      },
      {
        "name": "Ronny Simon",
        "team": "Unknown",
        "hits": 1,
        "rbi": 0
      },
      {
        "name": "Amed Rosario",
        "team": "Unknown",
        "hits": 1,
        "rbi": 0
      },
      {
        "name": "Jake Mangum",
        "team": "Unknown",
        "hits": 2,
        "rbi": 0
      },
      {
        "name": "Curtis Mead",
        "team": "Unknown",
        "hits": 0,
        "rbi": 0
      },
      {
        "name": "Alex Jackson",
        "team": "Unknown",
        "hits": 0,
        "rbi": 0
      },
      {
        "name": "Marcus Lee Sang",
        "team": "Unknown",
        "hits": 0,
        "rbi": 0
      },
      {
        "name": "Kendall Simmons",
        "team": "Unknown",
        "hits": 0,
        "rbi": 0
      },
      {
        "name": "Aramis Garcia",
        "team": "Unknown",
        "hits": 1,
        "rbi": 2
      },
      {
        "name": "Edmundo Sosa",
        "team": "Unknown",
        "hits": 2,
        "rbi": 0
      },
      {
        "name": "Rodolfo Castro",
        "team": "Unknown",
        "hits": 0,
        "rbi": 0
      },
      {
        "name": "Bryson Stott",
        "team": "Unknown",
        "hits": 1,
        "rbi": 0
      },
      {
        "name": "Nick Podkul",
        "team": "Unknown",
        "hits": 1,
        "rbi": 0
      },
      {
        "name": "William Simoneit",
        "team": "Unknown",
        "hits": 0,
        "rbi": 0
      },
      {
        "name": "Johan Rojas",
        "team": "Unknown",
        "hits": 1,
        "rbi": 0
      },
      {
        "name": "Carlos De La Cruz",
        "team": "Unknown",
        "hits": 1,
        "rbi": 0
      },
      {
        "name": "Cody Roberts",
        "team": "Unknown",
        "hits": 0,
        "rbi": 0
      },
      {
        "name": "Matt Kroon",
        "team": "Unknown",
        "hits": 0,
        "rbi": 0
      },
      {
        "name": "Esteban Quiroz",
        "team": "Unknown",
        "hits": 0,
        "rbi": 0
      },
      {
        "name": "Ethan Wilson",
        "team": "Unknown",
        "hits": 0,
        "rbi": 0
      },
      {
        "name": "Cal Stevenson",
        "team": "Unknown",
        "hits": 0,
        "rbi": 0
      },
      {
        "name": "Trevor Schwecke",
        "team": "Unknown",
        "hits": 0,
        "rbi": 0
      }
    ],
    "pitcher_stats": [
      {
        "name": "Shawn Armstrong",
        "team": "Unknown",
        "innings_pitched": "1.0",
        "strikeouts": 2,
        "earned_runs": 2
      },
      {
        "name": "Zac Houston",
        "team": "Unknown",
        "innings_pitched": "1.0",
        "strikeouts": 1,
        "earned_runs": 0
      },
      {
        "name": "Brendan McKay",
        "team": "Unknown",
        "innings_pitched": "1.0",
        "strikeouts": 1,
        "earned_runs": 0
      },
      {
        "name": "Logan Workman",
        "team": "Unknown",
        "innings_pitched": "1.2",
        "strikeouts": 3,
        "earned_runs": 0
      },
      {
        "name": "Trevor Brigden",
        "team": "Unknown",
        "innings_pitched": "1.0",
        "strikeouts": 2,
        "earned_runs": 0
      },
      {
        "name": "Mason Montgomery",
        "team": "Unknown",
        "innings_pitched": "1.1",
        "strikeouts": 1,
        "earned_runs": 0
      },
      {
        "name": "Jacob Lopez",
        "team": "Unknown",
        "innings_pitched": "2.0",
        "strikeouts": 2,
        "earned_runs": 0
      },
      {
        "name": "Max Lazar",
        "team": "Unknown",
        "innings_pitched": "1.0",
        "strikeouts": 1,
        "earned_runs": 0
      },
      {
        "name": "Aaron Nola",
        "team": "Unknown",
        "innings_pitched": "3.2",
        "strikeouts": 5,
        "earned_runs": 3
      },
      {
        "name": "Andrew Baker",
        "team": "Unknown",
        "innings_pitched": "0.1",
        "strikeouts": 0,
        "earned_runs": 0
      },
      {
        "name": "Ryan Burr",
        "team": "Unknown",
        "innings_pitched": "0.2",
        "strikeouts": 1,
        "earned_runs": 0
      },
      {
        "name": "Yunior Marte",
        "team": "Unknown",
        "innings_pitched": "1.0",
        "strikeouts": 0,
        "earned_runs": 0
      },
      {
        "name": "Tyler Phillips",
        "team": "Unknown",
        "innings_pitched": "1.0",
        "strikeouts": 0,
        "earned_runs": 0
      },
      {
        "name": "Taylor Lehman",
        "team": "Unknown",
        "innings_pitched": "0.1",
        "strikeouts": 0,
        "earned_runs": 0
      }
    ]
  },
  {
    "date": "2024-03-07",
    "home_team": "Boston Red Sox",
    "away_team": "Atlanta Braves",
    "home_score": 2,
    "away_score": 3,
    "status": "Final",
    "game_id": 748075,
    "starting_pitchers": {
      "home": "Nick Pivetta",
      "away": "Bryce Elder"
    },
    "first_inning_runs": {
      "home": 1,
      "away": 0
    },
    "player_stats": [
      {
        "name": "Nick Yorke",
        "team": "Unknown",
        "hits": 0,
        "rbi": 0
      },
      {
        "name": "Wilyer Abreu",
        "team": "Unknown",
        "hits": 1,
        "rbi": 0
      },
      {
        "name": "Connor Wong",
        "team": "Unknown",
        "hits": 0,
        "rbi": 0
      },
      {
        "name": "Jarren Duran",
        "team": "Unknown",
        "hits": 1,
        "rbi": 0
      },
      {
        "name": "Enmanuel Valdez",
        "team": "Unknown",
        "hits": 0,
        "rbi": 0
      },
      {
        "name": "Masataka Yoshida",
        "team": "Unknown",
        "hits": 1,
        "rbi": 1
      },
      {
        "name": "Mark Contreras",
        "team": "Unknown",
        "hits": 0,
        "rbi": 0
      },
      {
        "name": "Pablo Reyes",
        "team": "Unknown",
        "hits": 0,
        "rbi": 0
      },
      {
        "name": "Rob Refsnyder",
        "team": "Unknown",
        "hits": 1,
        "rbi": 1
      },
      {
        "name": "Reese McGuire",
        "team": "Unknown",
        "hits": 0,
        "rbi": 0
      },
      {
        "name": "David Hamilton",
        "team": "Unknown",
        "hits": 0,
        "rbi": 0
      },
      {
        "name": "Rafael Devers",
        "team": "Unknown",
        "hits": 0,
        "rbi": 0
      },
      {
        "name": "Ceddanne Rafaela",
        "team": "Unknown",
        "hits": 0,
        "rbi": 0
      },
      {
        "name": "Triston Casas",
        "team": "Unknown",
        "hits": 0,
        "rbi": 0
      },
      {
        "name": "Dalton Guthrie",
        "team": "Unknown",
        "hits": 0,
        "rbi": 0
      },
      {
        "name": "Chadwick Tromp",
        "team": "Unknown",
        "hits": 1,
        "rbi": 0
      },
      {
        "name": "Bryson Horne",
        "team": "Unknown",
        "hits": 0,
        "rbi": 0
      },
      {
        "name": "Cal Conley",
        "team": "Unknown",
        "hits": 0,
        "rbi": 0
      },
      {
        "name": "Jordan Luplow",
        "team": "Unknown",
        "hits": 1,
        "rbi": 2
      },
      {
        "name": "Matt Olson",
        "team": "Unknown",
        "hits": 2,
        "rbi": 0
      },
      {
        "name": "David Fletcher",
        "team": "Unknown",
        "hits": 0,
        "rbi": 0
      },
      {
        "name": "Forrest Wall",
        "team": "Unknown",
        "hits": 0,
        "rbi": 0
      },
      {
        "name": "Marcell Ozuna",
        "team": "Unknown",
        "hits": 0,
        "rbi": 0
      },
      {
        "name": "Luke Williams",
        "team": "Unknown",
        "hits": 0,
        "rbi": 0
      },
      {
        "name": "Luke Waddell",
        "team": "Unknown",
        "hits": 1,
        "rbi": 0
      },
      {
        "name": "Andrew Velazquez",
        "team": "Unknown",
        "hits": 0,
        "rbi": 0
      },
      {
        "name": "Nacho Alvarez Jr.",
        "team": "Unknown",
        "hits": 1,
        "rbi": 0
      },
      {
        "name": "Luis Liberato",
        "team": "Unknown",
        "hits": 0,
        "rbi": 0
      },
      {
        "name": "Michael Harris II",
        "team": "Unknown",
        "hits": 1,
        "rbi": 1
      },
      {
        "name": "Drake Baldwin",
        "team": "Unknown",
        "hits": 1,
        "rbi": 0
      },
      {
        "name": "Eli White",
        "team": "Unknown",
        "hits": 0,
        "rbi": 0
      },
      {
        "name": "Austin Riley",
        "team": "Unknown",
        "hits": 1,
        "rbi": 0
      },
      {
        "name": "Jarred Kelenic",
        "team": "Unknown",
        "hits": 0,
        "rbi": 0
      }
    ],
    "pitcher_stats": [
      {
        "name": "Tanner Houck",
        "team": "Unknown",
        "innings_pitched": "3.0",
        "strikeouts": 4,
        "earned_runs": 1
      },
      {
        "name": "Joely Rodr\u00edguez",
        "team": "Unknown",
        "innings_pitched": "1.0",
        "strikeouts": 2,
        "earned_runs": 0
      },
      {
        "name": "Joe Jacques",
        "team": "Unknown",
        "innings_pitched": "1.0",
        "strikeouts": 1,
        "earned_runs": 0
      },
      {
        "name": "Nick Pivetta",
        "team": "Unknown",
        "innings_pitched": "3.0",
        "strikeouts": 4,
        "earned_runs": 2
      },
      {
        "name": "Lucas Luetge",
        "team": "Unknown",
        "innings_pitched": "1.0",
        "strikeouts": 2,
        "earned_runs": 0
      },
      {
        "name": "Kodi Whitley",
        "team": "Unknown",
        "innings_pitched": "0.2",
        "strikeouts": 0,
        "earned_runs": 0
      },
      {
        "name": "Reynaldo L\u00f3pez",
        "team": "Unknown",
        "innings_pitched": "3.0",
        "strikeouts": 4,
        "earned_runs": 0
      },
      {
        "name": "Bryce Elder",
        "team": "Unknown",
        "innings_pitched": "3.1",
        "strikeouts": 6,
        "earned_runs": 1
      },
      {
        "name": "Ray Kerr",
        "team": "Unknown",
        "innings_pitched": "0.2",
        "strikeouts": 1,
        "earned_runs": 0
      },
      {
        "name": "Trey Riley",
        "team": "Unknown",
        "innings_pitched": "0.1",
        "strikeouts": 0,
        "earned_runs": 0
      },
      {
        "name": "Ken Giles",
        "team": "Unknown",
        "innings_pitched": "1.0",
        "strikeouts": 1,
        "earned_runs": 1
      }
    ]
  },
  {
    "date": "2024-03-07",
    "home_team": "Texas Rangers",
    "away_team": "Arizona Diamondbacks",
    "home_score": 7,
    "away_score": 5,
    "status": "Final",
    "game_id": 748074,
    "starting_pitchers": {
      "home": "Jos\u00e9 Ure\u00f1a",
      "away": "Zac Gallen"
    },
    "first_inning_runs": {
      "home": 2,
      "away": 0
    },
    "player_stats": [
      {
        "name": "Jonah Heim",
        "team": "Unknown",
        "hits": 1,
        "rbi": 0
      },
      {
        "name": "Evan Carter",
        "team": "Unknown",
        "hits": 0,
        "rbi": 0
      },
      {
        "name": "Sebastian Walcott",
        "team": "Unknown",
        "hits": 0,
        "rbi": 0
      },
      {
        "name": "Abimelec Ortiz",
        "team": "Unknown",
        "hits": 0,
        "rbi": 0
      },
      {
        "name": "Matt Duffy",
        "team": "Unknown",
        "hits": 0,
        "rbi": 0
      },
      {
        "name": "Aaron Zavala",
        "team": "Unknown",
        "hits": 1,
        "rbi": 0
      },
      {
        "name": "Cameron Cauley",
        "team": "Unknown",
        "hits": 2,
        "rbi": 2
      },
      {
        "name": "Kellen Strahm",
        "team": "Unknown",
        "hits": 2,
        "rbi": 0
      },
      {
        "name": "Jos\u00e9 Godoy",
        "team": "Unknown",
        "hits": 0,
        "rbi": 0
      },
      {
        "name": "Keyber Rodriguez",
        "team": "Unknown",
        "hits": 1,
        "rbi": 0
      },
      {
        "name": "Josh Hatcher",
        "team": "Unknown",
        "hits": 1,
        "rbi": 2
      },
      {
        "name": "Trevor Hauver",
        "team": "Unknown",
        "hits": 0,
        "rbi": 0
      },
      {
        "name": "Travis Jankowski",
        "team": "Unknown",
        "hits": 0,
        "rbi": 0
      },
      {
        "name": "Josh Smith",
        "team": "Unknown",
        "hits": 0,
        "rbi": 0
      },
      {
        "name": "Marcus Semien",
        "team": "Unknown",
        "hits": 1,
        "rbi": 0
      },
      {
        "name": "Jared Walsh",
        "team": "Unknown",
        "hits": 1,
        "rbi": 1
      },
      {
        "name": "Adolis Garc\u00eda",
        "team": "Unknown",
        "hits": 1,
        "rbi": 1
      },
      {
        "name": "Tim Tawa",
        "team": "Unknown",
        "hits": 0,
        "rbi": 0
      },
      {
        "name": "Cristofer Torin",
        "team": "Unknown",
        "hits": 0,
        "rbi": 0
      },
      {
        "name": "Andy Weber",
        "team": "Unknown",
        "hits": 1,
        "rbi": 0
      },
      {
        "name": "Wyatt Crenshaw",
        "team": "Unknown",
        "hits": 0,
        "rbi": 0
      },
      {
        "name": "Jake McCarthy",
        "team": "Unknown",
        "hits": 0,
        "rbi": 0
      },
      {
        "name": "Blaze Alexander",
        "team": "Unknown",
        "hits": 1,
        "rbi": 0
      },
      {
        "name": "Gabriel Moreno",
        "team": "Unknown",
        "hits": 0,
        "rbi": 0
      },
      {
        "name": "Kevin Newman",
        "team": "Unknown",
        "hits": 0,
        "rbi": 0
      },
      {
        "name": "Tristin English",
        "team": "Unknown",
        "hits": 2,
        "rbi": 2
      },
      {
        "name": "Adrian Del Castillo",
        "team": "Unknown",
        "hits": 0,
        "rbi": 0
      },
      {
        "name": "Jace Peterson",
        "team": "Unknown",
        "hits": 0,
        "rbi": 0
      },
      {
        "name": "Brett Johnson",
        "team": "Unknown",
        "hits": 0,
        "rbi": 0
      },
      {
        "name": "Kevin Sim",
        "team": "Unknown",
        "hits": 1,
        "rbi": 2
      },
      {
        "name": "Jorge Barrosa",
        "team": "Unknown",
        "hits": 1,
        "rbi": 0
      },
      {
        "name": "Alek Thomas",
        "team": "Unknown",
        "hits": 0,
        "rbi": 0
      },
      {
        "name": "Albert Almora Jr.",
        "team": "Unknown",
        "hits": 0,
        "rbi": 0
      },
      {
        "name": "Christian Walker",
        "team": "Unknown",
        "hits": 1,
        "rbi": 0
      },
      {
        "name": "Emmanuel Rivera",
        "team": "Unknown",
        "hits": 0,
        "rbi": 1
      }
    ],
    "pitcher_stats": [
      {
        "name": "Blake Taylor",
        "team": "Unknown",
        "innings_pitched": "1.0",
        "strikeouts": 0,
        "earned_runs": 0
      },
      {
        "name": "Chasen Shreve",
        "team": "Unknown",
        "innings_pitched": "1.0",
        "strikeouts": 1,
        "earned_runs": 1
      },
      {
        "name": "Grant Anderson",
        "team": "Unknown",
        "innings_pitched": "1.0",
        "strikeouts": 1,
        "earned_runs": 0
      },
      {
        "name": "Jonathan Holder",
        "team": "Unknown",
        "innings_pitched": "0.2",
        "strikeouts": 1,
        "earned_runs": 3
      },
      {
        "name": "Grant Wolfram",
        "team": "Unknown",
        "innings_pitched": "0.1",
        "strikeouts": 1,
        "earned_runs": 0
      },
      {
        "name": "Kirby Yates",
        "team": "Unknown",
        "innings_pitched": "1.0",
        "strikeouts": 1,
        "earned_runs": 0
      },
      {
        "name": "Jos\u00e9 Ure\u00f1a",
        "team": "Unknown",
        "innings_pitched": "4.0",
        "strikeouts": 3,
        "earned_runs": 1
      },
      {
        "name": "Kyle Nelson",
        "team": "Unknown",
        "innings_pitched": "1.0",
        "strikeouts": 2,
        "earned_runs": 0
      },
      {
        "name": "Slade Cecconi",
        "team": "Unknown",
        "innings_pitched": "2.1",
        "strikeouts": 3,
        "earned_runs": 3
      },
      {
        "name": "Jos\u00e9 Castillo",
        "team": "Unknown",
        "innings_pitched": "0.2",
        "strikeouts": 0,
        "earned_runs": 0
      },
      {
        "name": "Zac Gallen",
        "team": "Unknown",
        "innings_pitched": "2.0",
        "strikeouts": 2,
        "earned_runs": 2
      },
      {
        "name": "Josh Green",
        "team": "Unknown",
        "innings_pitched": "1.0",
        "strikeouts": 1,
        "earned_runs": 2
      },
      {
        "name": "Ryan Thompson",
        "team": "Unknown",
        "innings_pitched": "1.0",
        "strikeouts": 1,
        "earned_runs": 0
      }
    ]
  },
  {
    "date": "2024-03-07",
    "home_team": "Chicago White Sox",
    "away_team": "Milwaukee Brewers",
    "home_score": 2,
    "away_score": 8,
    "status": "Final",
    "game_id": 748067,
    "starting_pitchers": {
      "home": "Dylan Cease",
      "away": "Aaron Ashby"
    },
    "first_inning_runs": {
      "home": 0,
      "away": 0
    },
    "player_stats": [
      {
        "name": "Mark Payton",
        "team": "Unknown",
        "hits": 0,
        "rbi": 0
      },
      {
        "name": "Braden Shewmake",
        "team": "Unknown",
        "hits": 0,
        "rbi": 0
      },
      {
        "name": "Gavin Sheets",
        "team": "Unknown",
        "hits": 0,
        "rbi": 0
      },
      {
        "name": "Tim Elko",
        "team": "Unknown",
        "hits": 0,
        "rbi": 0
      },
      {
        "name": "Zach Remillard",
        "team": "Unknown",
        "hits": 0,
        "rbi": 0
      },
      {
        "name": "Peyton Burdick",
        "team": "Unknown",
        "hits": 0,
        "rbi": 0
      },
      {
        "name": "Danny Mendick",
        "team": "Unknown",
        "hits": 0,
        "rbi": 0
      },
      {
        "name": "Rafael Ortega",
        "team": "Unknown",
        "hits": 0,
        "rbi": 1
      },
      {
        "name": "Yo\u00e1n Moncada",
        "team": "Unknown",
        "hits": 0,
        "rbi": 0
      },
      {
        "name": "Korey Lee",
        "team": "Unknown",
        "hits": 0,
        "rbi": 0
      },
      {
        "name": "Paul DeJong",
        "team": "Unknown",
        "hits": 0,
        "rbi": 0
      },
      {
        "name": "Andrew Vaughn",
        "team": "Unknown",
        "hits": 0,
        "rbi": 0
      },
      {
        "name": "Chuckie Robinson",
        "team": "Unknown",
        "hits": 1,
        "rbi": 0
      },
      {
        "name": "Mike Moustakas",
        "team": "Unknown",
        "hits": 0,
        "rbi": 0
      },
      {
        "name": "Kevin Pillar",
        "team": "Unknown",
        "hits": 0,
        "rbi": 1
      },
      {
        "name": "Eloy Jim\u00e9nez",
        "team": "Unknown",
        "hits": 1,
        "rbi": 0
      },
      {
        "name": "Yonny Hern\u00e1ndez",
        "team": "Unknown",
        "hits": 2,
        "rbi": 2
      },
      {
        "name": "Brewer Hicklen",
        "team": "Unknown",
        "hits": 2,
        "rbi": 1
      },
      {
        "name": "Darrien Miller",
        "team": "Unknown",
        "hits": 0,
        "rbi": 0
      },
      {
        "name": "Vinny Capra",
        "team": "Unknown",
        "hits": 1,
        "rbi": 0
      },
      {
        "name": "Wes Clarke",
        "team": "Unknown",
        "hits": 1,
        "rbi": 3
      },
      {
        "name": "Rhys Hoskins",
        "team": "Unknown",
        "hits": 1,
        "rbi": 0
      },
      {
        "name": "Joey Wiemer",
        "team": "Unknown",
        "hits": 0,
        "rbi": 0
      },
      {
        "name": "Jadher Areinamo",
        "team": "Unknown",
        "hits": 1,
        "rbi": 0
      },
      {
        "name": "Hedbert Perez",
        "team": "Unknown",
        "hits": 0,
        "rbi": 0
      },
      {
        "name": "Daniel Guilarte",
        "team": "Unknown",
        "hits": 0,
        "rbi": 0
      },
      {
        "name": "Gregory Barrios",
        "team": "Unknown",
        "hits": 0,
        "rbi": 0
      },
      {
        "name": "Reidy Mercado",
        "team": "Unknown",
        "hits": 0,
        "rbi": 0
      },
      {
        "name": "Reece Walling",
        "team": "Unknown",
        "hits": 1,
        "rbi": 2
      },
      {
        "name": "Andruw Monasterio",
        "team": "Unknown",
        "hits": 1,
        "rbi": 0
      },
      {
        "name": "Dylan O'Rae",
        "team": "Unknown",
        "hits": 0,
        "rbi": 0
      },
      {
        "name": "Jeferson Quero",
        "team": "Unknown",
        "hits": 0,
        "rbi": 0
      },
      {
        "name": "Luis Lara",
        "team": "Unknown",
        "hits": 0,
        "rbi": 0
      }
    ],
    "pitcher_stats": [
      {
        "name": "Dylan Cease",
        "team": "Unknown",
        "innings_pitched": "3.0",
        "strikeouts": 5,
        "earned_runs": 1
      },
      {
        "name": "Fraser Ellard",
        "team": "Unknown",
        "innings_pitched": "0.1",
        "strikeouts": 1,
        "earned_runs": 0
      },
      {
        "name": "Tanner Banks",
        "team": "Unknown",
        "innings_pitched": "1.0",
        "strikeouts": 2,
        "earned_runs": 0
      },
      {
        "name": "Jake Cousins",
        "team": "Unknown",
        "innings_pitched": "1.0",
        "strikeouts": 2,
        "earned_runs": 0
      },
      {
        "name": "Alex Speas",
        "team": "Unknown",
        "innings_pitched": "1.0",
        "strikeouts": 1,
        "earned_runs": 1
      },
      {
        "name": "Tim Hill",
        "team": "Unknown",
        "innings_pitched": "1.0",
        "strikeouts": 0,
        "earned_runs": 0
      },
      {
        "name": "Bryan Shaw",
        "team": "Unknown",
        "innings_pitched": "0.2",
        "strikeouts": 0,
        "earned_runs": 6
      },
      {
        "name": "Jordan Leasure",
        "team": "Unknown",
        "innings_pitched": "1.0",
        "strikeouts": 1,
        "earned_runs": 0
      },
      {
        "name": "Tyler Woessner",
        "team": "Unknown",
        "innings_pitched": "2.0",
        "strikeouts": 1,
        "earned_runs": 0
      },
      {
        "name": "Justin King",
        "team": "Unknown",
        "innings_pitched": "1.0",
        "strikeouts": 2,
        "earned_runs": 0
      },
      {
        "name": "Abner Uribe",
        "team": "Unknown",
        "innings_pitched": "1.0",
        "strikeouts": 0,
        "earned_runs": 0
      },
      {
        "name": "Brett Wichrowski",
        "team": "Unknown",
        "innings_pitched": "1.0",
        "strikeouts": 1,
        "earned_runs": 0
      },
      {
        "name": "Jake Polancic",
        "team": "Unknown",
        "innings_pitched": "0.1",
        "strikeouts": 0,
        "earned_runs": 0
      },
      {
        "name": "Elvis Peguero",
        "team": "Unknown",
        "innings_pitched": "1.0",
        "strikeouts": 1,
        "earned_runs": 0
      },
      {
        "name": "Aaron Ashby",
        "team": "Unknown",
        "innings_pitched": "2.2",
        "strikeouts": 2,
        "earned_runs": 2
      }
    ]
  },
  {
    "date": "2024-03-07",
    "home_team": "Seattle Mariners",
    "away_team": "Los Angeles Angels",
    "home_score": 5,
    "away_score": 0,
    "status": "Final",
    "game_id": 748073,
    "starting_pitchers": {
      "home": "Bryan Woo",
      "away": "Griffin Canning"
    },
    "first_inning_runs": {
      "home": 1,
      "away": 0
    },
    "player_stats": [
      {
        "name": "Luis Ur\u00edas",
        "team": "Unknown",
        "hits": 1,
        "rbi": 0
      },
      {
        "name": "Michael Chavis",
        "team": "Unknown",
        "hits": 0,
        "rbi": 0
      },
      {
        "name": "Julio Rodr\u00edguez",
        "team": "Unknown",
        "hits": 0,
        "rbi": 0
      },
      {
        "name": "Mitch Haniger",
        "team": "Unknown",
        "hits": 0,
        "rbi": 0
      },
      {
        "name": "Jonny Farmelo",
        "team": "Unknown",
        "hits": 0,
        "rbi": 0
      },
      {
        "name": "Dominic Canzone",
        "team": "Unknown",
        "hits": 1,
        "rbi": 0
      },
      {
        "name": "Seby Zavala",
        "team": "Unknown",
        "hits": 0,
        "rbi": 0
      },
      {
        "name": "Morgan McCullough",
        "team": "Unknown",
        "hits": 0,
        "rbi": 0
      },
      {
        "name": "Jorge Polanco",
        "team": "Unknown",
        "hits": 1,
        "rbi": 1
      },
      {
        "name": "Spencer Packard",
        "team": "Unknown",
        "hits": 1,
        "rbi": 0
      },
      {
        "name": "Nick Solak",
        "team": "Unknown",
        "hits": 0,
        "rbi": 0
      },
      {
        "name": "Mitch Garver",
        "team": "Unknown",
        "hits": 0,
        "rbi": 0
      },
      {
        "name": "Leo Rivas",
        "team": "Unknown",
        "hits": 1,
        "rbi": 2
      },
      {
        "name": "Harry Ford",
        "team": "Unknown",
        "hits": 0,
        "rbi": 0
      },
      {
        "name": "Alberto Rodriguez",
        "team": "Unknown",
        "hits": 0,
        "rbi": 0
      },
      {
        "name": "Matt Thaiss",
        "team": "Unknown",
        "hits": 1,
        "rbi": 0
      },
      {
        "name": "Willie Calhoun",
        "team": "Unknown",
        "hits": 0,
        "rbi": 0
      },
      {
        "name": "Jason Martin",
        "team": "Unknown",
        "hits": 0,
        "rbi": 0
      },
      {
        "name": "Luis Rengifo",
        "team": "Unknown",
        "hits": 0,
        "rbi": 0
      },
      {
        "name": "Livan Soto",
        "team": "Unknown",
        "hits": 0,
        "rbi": 0
      },
      {
        "name": "Cole Fontenelle",
        "team": "Unknown",
        "hits": 0,
        "rbi": 0
      },
      {
        "name": "Sam Brown",
        "team": "Unknown",
        "hits": 0,
        "rbi": 0
      },
      {
        "name": "Mickey Moniak",
        "team": "Unknown",
        "hits": 2,
        "rbi": 0
      },
      {
        "name": "Miguel San\u00f3",
        "team": "Unknown",
        "hits": 0,
        "rbi": 0
      },
      {
        "name": "Kyren Paris",
        "team": "Unknown",
        "hits": 1,
        "rbi": 0
      },
      {
        "name": "Jo Adell",
        "team": "Unknown",
        "hits": 0,
        "rbi": 0
      },
      {
        "name": "Chad Wallach",
        "team": "Unknown",
        "hits": 0,
        "rbi": 0
      },
      {
        "name": "Nelson Rada",
        "team": "Unknown",
        "hits": 0,
        "rbi": 0
      }
    ],
    "pitcher_stats": [
      {
        "name": "Bryan Woo",
        "team": "Unknown",
        "innings_pitched": "2.2",
        "strikeouts": 3,
        "earned_runs": 0
      },
      {
        "name": "Austin Voth",
        "team": "Unknown",
        "innings_pitched": "1.1",
        "strikeouts": 1,
        "earned_runs": 0
      },
      {
        "name": "Travis Kuhn",
        "team": "Unknown",
        "innings_pitched": "1.0",
        "strikeouts": 0,
        "earned_runs": 0
      },
      {
        "name": "Collin Snider",
        "team": "Unknown",
        "innings_pitched": "1.0",
        "strikeouts": 1,
        "earned_runs": 0
      },
      {
        "name": "Mauricio Llovera",
        "team": "Unknown",
        "innings_pitched": "1.0",
        "strikeouts": 1,
        "earned_runs": 0
      },
      {
        "name": "Brandyn Garcia",
        "team": "Unknown",
        "innings_pitched": "1.0",
        "strikeouts": 1,
        "earned_runs": 0
      },
      {
        "name": "Carlos Vargas",
        "team": "Unknown",
        "innings_pitched": "1.0",
        "strikeouts": 2,
        "earned_runs": 0
      },
      {
        "name": "Adam Kolarek",
        "team": "Unknown",
        "innings_pitched": "0.2",
        "strikeouts": 2,
        "earned_runs": 3
      },
      {
        "name": "Griffin Canning",
        "team": "Unknown",
        "innings_pitched": "2.2",
        "strikeouts": 4,
        "earned_runs": 1
      },
      {
        "name": "Zac Kristofak",
        "team": "Unknown",
        "innings_pitched": "0.1",
        "strikeouts": 1,
        "earned_runs": 0
      },
      {
        "name": "Andrew Wantz",
        "team": "Unknown",
        "innings_pitched": "3.0",
        "strikeouts": 3,
        "earned_runs": 0
      },
      {
        "name": "Matt Moore",
        "team": "Unknown",
        "innings_pitched": "1.0",
        "strikeouts": 0,
        "earned_runs": 0
      },
      {
        "name": "Jared Southard",
        "team": "Unknown",
        "innings_pitched": "0.1",
        "strikeouts": 0,
        "earned_runs": 1
      }
    ]
  },
  {
    "date": "2024-03-07",
    "home_team": "Detroit Tigers",
    "away_team": "Toronto Blue Jays",
    "home_score": 4,
    "away_score": 5,
    "status": "Final",
    "game_id": 748077,
    "starting_pitchers": {
      "home": "Kenta Maeda",
      "away": "Bowden Francis"
    },
    "first_inning_runs": {
      "home": 1,
      "away": 0
    },
    "player_stats": [
      {
        "name": "Jace Jung",
        "team": "Unknown",
        "hits": 1,
        "rbi": 1
      },
      {
        "name": "Carson Kelly",
        "team": "Unknown",
        "hits": 1,
        "rbi": 0
      },
      {
        "name": "Mark Canha",
        "team": "Unknown",
        "hits": 0,
        "rbi": 1
      },
      {
        "name": "Dillon Dingler",
        "team": "Unknown",
        "hits": 0,
        "rbi": 0
      },
      {
        "name": "Ryan Kreidler",
        "team": "Unknown",
        "hits": 1,
        "rbi": 0
      },
      {
        "name": "Wenceel P\u00e9rez",
        "team": "Unknown",
        "hits": 0,
        "rbi": 0
      },
      {
        "name": "Keston Hiura",
        "team": "Unknown",
        "hits": 0,
        "rbi": 0
      },
      {
        "name": "Ryan Vilade",
        "team": "Unknown",
        "hits": 0,
        "rbi": 0
      },
      {
        "name": "Riley Greene",
        "team": "Unknown",
        "hits": 2,
        "rbi": 0
      },
      {
        "name": "Eddys Leonard",
        "team": "Unknown",
        "hits": 0,
        "rbi": 0
      },
      {
        "name": "Parker Meadows",
        "team": "Unknown",
        "hits": 2,
        "rbi": 2
      },
      {
        "name": "Colt Keith",
        "team": "Unknown",
        "hits": 0,
        "rbi": 0
      },
      {
        "name": "Corey Joyce",
        "team": "Unknown",
        "hits": 0,
        "rbi": 0
      },
      {
        "name": "Buddy Kennedy",
        "team": "Unknown",
        "hits": 1,
        "rbi": 0
      },
      {
        "name": "Spencer Torkelson",
        "team": "Unknown",
        "hits": 0,
        "rbi": 0
      },
      {
        "name": "Ernie Clement",
        "team": "Unknown",
        "hits": 0,
        "rbi": 0
      },
      {
        "name": "Daulton Varsho",
        "team": "Unknown",
        "hits": 0,
        "rbi": 0
      },
      {
        "name": "Luis De Los Santos",
        "team": "Unknown",
        "hits": 0,
        "rbi": 0
      },
      {
        "name": "Leo Jim\u00e9nez",
        "team": "Unknown",
        "hits": 0,
        "rbi": 0
      },
      {
        "name": "Rafael Lantigua",
        "team": "Unknown",
        "hits": 0,
        "rbi": 0
      },
      {
        "name": "Spencer Horwitz",
        "team": "Unknown",
        "hits": 0,
        "rbi": 0
      },
      {
        "name": "Eduardo Escobar",
        "team": "Unknown",
        "hits": 1,
        "rbi": 1
      },
      {
        "name": "Isiah Kiner-Falefa",
        "team": "Unknown",
        "hits": 2,
        "rbi": 1
      },
      {
        "name": "Cavan Biggio",
        "team": "Unknown",
        "hits": 1,
        "rbi": 0
      },
      {
        "name": "Will Robertson",
        "team": "Unknown",
        "hits": 0,
        "rbi": 0
      },
      {
        "name": "Steward Berroa",
        "team": "Unknown",
        "hits": 0,
        "rbi": 0
      },
      {
        "name": "Danny Jansen",
        "team": "Unknown",
        "hits": 0,
        "rbi": 0
      },
      {
        "name": "Damiano Palmegiani",
        "team": "Unknown",
        "hits": 0,
        "rbi": 0
      },
      {
        "name": "Daniel Vogelbach",
        "team": "Unknown",
        "hits": 1,
        "rbi": 1
      },
      {
        "name": "Kevin Kiermaier",
        "team": "Unknown",
        "hits": 1,
        "rbi": 1
      },
      {
        "name": "George Springer",
        "team": "Unknown",
        "hits": 1,
        "rbi": 0
      }
    ],
    "pitcher_stats": [
      {
        "name": "Andrew Chafin",
        "team": "Unknown",
        "innings_pitched": "1.0",
        "strikeouts": 1,
        "earned_runs": 1
      },
      {
        "name": "Jason Foley",
        "team": "Unknown",
        "innings_pitched": "1.0",
        "strikeouts": 1,
        "earned_runs": 0
      },
      {
        "name": "Kenta Maeda",
        "team": "Unknown",
        "innings_pitched": "3.0",
        "strikeouts": 1,
        "earned_runs": 2
      },
      {
        "name": "Adam Wolf",
        "team": "Unknown",
        "innings_pitched": "0.1",
        "strikeouts": 0,
        "earned_runs": 0
      },
      {
        "name": "Alex Lange",
        "team": "Unknown",
        "innings_pitched": "1.0",
        "strikeouts": 2,
        "earned_runs": 0
      },
      {
        "name": "Brenan Hanifee",
        "team": "Unknown",
        "innings_pitched": "0.2",
        "strikeouts": 1,
        "earned_runs": 2
      },
      {
        "name": "Alex Faedo",
        "team": "Unknown",
        "innings_pitched": "2.0",
        "strikeouts": 4,
        "earned_runs": 0
      },
      {
        "name": "Nate Pearson",
        "team": "Unknown",
        "innings_pitched": "1.0",
        "strikeouts": 2,
        "earned_runs": 0
      },
      {
        "name": "Andrew Bash",
        "team": "Unknown",
        "innings_pitched": "0.1",
        "strikeouts": 0,
        "earned_runs": 0
      },
      {
        "name": "Bowden Francis",
        "team": "Unknown",
        "innings_pitched": "3.2",
        "strikeouts": 5,
        "earned_runs": 1
      },
      {
        "name": "Chad Dallas",
        "team": "Unknown",
        "innings_pitched": "1.2",
        "strikeouts": 3,
        "earned_runs": 2
      },
      {
        "name": "Yosver Zulueta",
        "team": "Unknown",
        "innings_pitched": "0.1",
        "strikeouts": 0,
        "earned_runs": 0
      },
      {
        "name": "Zach Pop",
        "team": "Unknown",
        "innings_pitched": "1.0",
        "strikeouts": 0,
        "earned_runs": 0
      },
      {
        "name": "Hagen Danner",
        "team": "Unknown",
        "innings_pitched": "1.0",
        "strikeouts": 0,
        "earned_runs": 1
      }
    ]
  },
  {
    "date": "2024-03-07",
    "home_team": "New York Mets",
    "away_team": "Washington Nationals",
    "home_score": 3,
    "away_score": 1,
    "status": "Final",
    "game_id": 748078,
    "starting_pitchers": {
      "home": "Jose Quintana",
      "away": "Jake Irvin"
    },
    "first_inning_runs": {
      "home": 0,
      "away": 0
    },
    "player_stats": [
      {
        "name": "Joey Wendle",
        "team": "Unknown",
        "hits": 0,
        "rbi": 0
      },
      {
        "name": "Harrison Bader",
        "team": "Unknown",
        "hits": 0,
        "rbi": 0
      },
      {
        "name": "Brett Baty",
        "team": "Unknown",
        "hits": 1,
        "rbi": 0
      },
      {
        "name": "Jose Iglesias",
        "team": "Unknown",
        "hits": 1,
        "rbi": 0
      },
      {
        "name": "Pete Alonso",
        "team": "Unknown",
        "hits": 0,
        "rbi": 0
      },
      {
        "name": "Starling Marte",
        "team": "Unknown",
        "hits": 0,
        "rbi": 0
      },
      {
        "name": "Alex Ram\u00edrez",
        "team": "Unknown",
        "hits": 0,
        "rbi": 0
      },
      {
        "name": "Francisco Alvarez",
        "team": "Unknown",
        "hits": 1,
        "rbi": 2
      },
      {
        "name": "Austin Allen",
        "team": "Unknown",
        "hits": 0,
        "rbi": 0
      },
      {
        "name": "Mark Vientos",
        "team": "Unknown",
        "hits": 0,
        "rbi": 0
      },
      {
        "name": "Francisco Lindor",
        "team": "Unknown",
        "hits": 0,
        "rbi": 1
      },
      {
        "name": "Brandon Nimmo",
        "team": "Unknown",
        "hits": 2,
        "rbi": 0
      },
      {
        "name": "Brady House",
        "team": "Unknown",
        "hits": 1,
        "rbi": 0
      },
      {
        "name": "Nasim Nu\u00f1ez",
        "team": "Unknown",
        "hits": 0,
        "rbi": 0
      },
      {
        "name": "Ildemaro Vargas",
        "team": "Unknown",
        "hits": 1,
        "rbi": 0
      },
      {
        "name": "Carter Kieboom",
        "team": "Unknown",
        "hits": 1,
        "rbi": 0
      },
      {
        "name": "James Wood",
        "team": "Unknown",
        "hits": 0,
        "rbi": 0
      },
      {
        "name": "Alex Call",
        "team": "Unknown",
        "hits": 0,
        "rbi": 0
      },
      {
        "name": "Lane Thomas",
        "team": "Unknown",
        "hits": 1,
        "rbi": 0
      },
      {
        "name": "Lewin D\u00edaz",
        "team": "Unknown",
        "hits": 0,
        "rbi": 0
      },
      {
        "name": "Darren Baker",
        "team": "Unknown",
        "hits": 1,
        "rbi": 0
      },
      {
        "name": "Drew Millas",
        "team": "Unknown",
        "hits": 0,
        "rbi": 0
      },
      {
        "name": "Dylan Crews",
        "team": "Unknown",
        "hits": 0,
        "rbi": 0
      },
      {
        "name": "Joey Meneses",
        "team": "Unknown",
        "hits": 1,
        "rbi": 0
      },
      {
        "name": "Robert Hassell III",
        "team": "Unknown",
        "hits": 0,
        "rbi": 0
      },
      {
        "name": "Jacob Young",
        "team": "Unknown",
        "hits": 1,
        "rbi": 1
      },
      {
        "name": "Joey Gallo",
        "team": "Unknown",
        "hits": 0,
        "rbi": 0
      }
    ],
    "pitcher_stats": [
      {
        "name": "Shintaro Fujinami",
        "team": "Unknown",
        "innings_pitched": "1.0",
        "strikeouts": 0,
        "earned_runs": 0
      },
      {
        "name": "Josh Walker",
        "team": "Unknown",
        "innings_pitched": "1.0",
        "strikeouts": 2,
        "earned_runs": 0
      },
      {
        "name": "Grant Hartwig",
        "team": "Unknown",
        "innings_pitched": "1.0",
        "strikeouts": 1,
        "earned_runs": 0
      },
      {
        "name": "Jorge L\u00f3pez",
        "team": "Unknown",
        "innings_pitched": "1.0",
        "strikeouts": 0,
        "earned_runs": 0
      },
      {
        "name": "Jake Diekman",
        "team": "Unknown",
        "innings_pitched": "1.0",
        "strikeouts": 0,
        "earned_runs": 0
      },
      {
        "name": "Jose Quintana",
        "team": "Unknown",
        "innings_pitched": "3.0",
        "strikeouts": 6,
        "earned_runs": 0
      },
      {
        "name": "Adam Ottavino",
        "team": "Unknown",
        "innings_pitched": "1.0",
        "strikeouts": 1,
        "earned_runs": 0
      },
      {
        "name": "Jordan Weems",
        "team": "Unknown",
        "innings_pitched": "1.0",
        "strikeouts": 1,
        "earned_runs": 0
      },
      {
        "name": "Jacob Barnes",
        "team": "Unknown",
        "innings_pitched": "1.0",
        "strikeouts": 0,
        "earned_runs": 0
      },
      {
        "name": "Robert Gsellman",
        "team": "Unknown",
        "innings_pitched": "1.0",
        "strikeouts": 1,
        "earned_runs": 1
      },
      {
        "name": "Richard Bleier",
        "team": "Unknown",
        "innings_pitched": "1.0",
        "strikeouts": 1,
        "earned_runs": 2
      },
      {
        "name": "Jake Irvin",
        "team": "Unknown",
        "innings_pitched": "4.0",
        "strikeouts": 5,
        "earned_runs": 0
      }
    ]
  },
  {
    "date": "2024-03-07",
    "home_team": "New York Yankees",
    "away_team": "Detroit Tigers",
    "home_score": 5,
    "away_score": 11,
    "status": "Final",
    "game_id": 748081,
    "starting_pitchers": {
      "home": "Luke Weaver",
      "away": "Jack Flaherty"
    },
    "first_inning_runs": {
      "home": 3,
      "away": 0
    },
    "player_stats": [
      {
        "name": "Oscar Gonzalez",
        "team": "Unknown",
        "hits": 0,
        "rbi": 0
      },
      {
        "name": "Austin Wells",
        "team": "Unknown",
        "hits": 2,
        "rbi": 3
      },
      {
        "name": "Agust\u00edn Ram\u00edrez",
        "team": "Unknown",
        "hits": 1,
        "rbi": 1
      },
      {
        "name": "Trent Grisham",
        "team": "Unknown",
        "hits": 1,
        "rbi": 0
      },
      {
        "name": "Everson Pereira",
        "team": "Unknown",
        "hits": 1,
        "rbi": 1
      },
      {
        "name": "Oswaldo Cabrera",
        "team": "Unknown",
        "hits": 0,
        "rbi": 0
      },
      {
        "name": "Jose Rojas",
        "team": "Unknown",
        "hits": 0,
        "rbi": 0
      },
      {
        "name": "Carlos Narv\u00e1ez",
        "team": "Unknown",
        "hits": 0,
        "rbi": 0
      },
      {
        "name": "Anthony Volpe",
        "team": "Unknown",
        "hits": 2,
        "rbi": 0
      },
      {
        "name": "Greg Allen",
        "team": "Unknown",
        "hits": 1,
        "rbi": 0
      },
      {
        "name": "Josh VanMeter",
        "team": "Unknown",
        "hits": 0,
        "rbi": 0
      },
      {
        "name": "Ben Rice",
        "team": "Unknown",
        "hits": 1,
        "rbi": 0
      },
      {
        "name": "Giancarlo Stanton",
        "team": "Unknown",
        "hits": 0,
        "rbi": 0
      },
      {
        "name": "Kevin Smith",
        "team": "Unknown",
        "hits": 0,
        "rbi": 0
      },
      {
        "name": "Jorbit Vivas",
        "team": "Unknown",
        "hits": 0,
        "rbi": 0
      },
      {
        "name": "Jahmai Jones",
        "team": "Unknown",
        "hits": 1,
        "rbi": 0
      },
      {
        "name": "Brandon Lockridge",
        "team": "Unknown",
        "hits": 0,
        "rbi": 0
      },
      {
        "name": "George Lombard Jr.",
        "team": "Unknown",
        "hits": 0,
        "rbi": 0
      },
      {
        "name": "Andrew Navigato",
        "team": "Unknown",
        "hits": 2,
        "rbi": 3
      },
      {
        "name": "Hao-Yu  Lee",
        "team": "Unknown",
        "hits": 0,
        "rbi": 0
      },
      {
        "name": "Jake Holton",
        "team": "Unknown",
        "hits": 1,
        "rbi": 2
      },
      {
        "name": "Eliezer Alfonzo",
        "team": "Unknown",
        "hits": 2,
        "rbi": 1
      },
      {
        "name": "Anthony Bemboom",
        "team": "Unknown",
        "hits": 0,
        "rbi": 0
      },
      {
        "name": "Justyn-Henry Malloy",
        "team": "Unknown",
        "hits": 0,
        "rbi": 0
      },
      {
        "name": "Zach McKinstry",
        "team": "Unknown",
        "hits": 2,
        "rbi": 1
      },
      {
        "name": "Javier B\u00e1ez",
        "team": "Unknown",
        "hits": 1,
        "rbi": 0
      },
      {
        "name": "Kerry Carpenter",
        "team": "Unknown",
        "hits": 0,
        "rbi": 0
      },
      {
        "name": "Justice Bigbie",
        "team": "Unknown",
        "hits": 0,
        "rbi": 0
      },
      {
        "name": "Jake Rogers",
        "team": "Unknown",
        "hits": 0,
        "rbi": 0
      },
      {
        "name": "Andy Ib\u00e1\u00f1ez",
        "team": "Unknown",
        "hits": 2,
        "rbi": 2
      },
      {
        "name": "TJ Hopkins",
        "team": "Unknown",
        "hits": 1,
        "rbi": 0
      },
      {
        "name": "Gio Urshela",
        "team": "Unknown",
        "hits": 1,
        "rbi": 1
      },
      {
        "name": "Akil Baddoo",
        "team": "Unknown",
        "hits": 1,
        "rbi": 0
      },
      {
        "name": "Matt Vierling",
        "team": "Unknown",
        "hits": 0,
        "rbi": 0
      },
      {
        "name": "Ben Malgeri",
        "team": "Unknown",
        "hits": 0,
        "rbi": 0
      },
      {
        "name": "Cristian Santana",
        "team": "Unknown",
        "hits": 1,
        "rbi": 0
      }
    ],
    "pitcher_stats": [
      {
        "name": "Victor Gonz\u00e1lez",
        "team": "Unknown",
        "innings_pitched": "1.0",
        "strikeouts": 2,
        "earned_runs": 0
      },
      {
        "name": "Ryan Anderson",
        "team": "Unknown",
        "innings_pitched": "1.0",
        "strikeouts": 0,
        "earned_runs": 3
      },
      {
        "name": "Ian Hamilton",
        "team": "Unknown",
        "innings_pitched": "2.0",
        "strikeouts": 5,
        "earned_runs": 0
      },
      {
        "name": "Luke Weaver",
        "team": "Unknown",
        "innings_pitched": "1.1",
        "strikeouts": 2,
        "earned_runs": 3
      },
      {
        "name": "Caleb Ferguson",
        "team": "Unknown",
        "innings_pitched": "1.0",
        "strikeouts": 1,
        "earned_runs": 0
      },
      {
        "name": "Danny Watson",
        "team": "Unknown",
        "innings_pitched": "0.2",
        "strikeouts": 0,
        "earned_runs": 0
      },
      {
        "name": "Anthony Misiewicz",
        "team": "Unknown",
        "innings_pitched": "0.2",
        "strikeouts": 1,
        "earned_runs": 3
      },
      {
        "name": "Ron Marinaccio",
        "team": "Unknown",
        "innings_pitched": "1.1",
        "strikeouts": 1,
        "earned_runs": 0
      },
      {
        "name": "Miguel D\u00edaz",
        "team": "Unknown",
        "innings_pitched": "1.0",
        "strikeouts": 0,
        "earned_runs": 0
      },
      {
        "name": "RJ Petit",
        "team": "Unknown",
        "innings_pitched": "0.2",
        "strikeouts": 2,
        "earned_runs": 0
      },
      {
        "name": "Beau Brieske",
        "team": "Unknown",
        "innings_pitched": "1.2",
        "strikeouts": 0,
        "earned_runs": 0
      },
      {
        "name": "Drew Anderson",
        "team": "Unknown",
        "innings_pitched": "1.2",
        "strikeouts": 4,
        "earned_runs": 1
      },
      {
        "name": "Jack Flaherty",
        "team": "Unknown",
        "innings_pitched": "1.2",
        "strikeouts": 3,
        "earned_runs": 4
      },
      {
        "name": "Calvin Coker",
        "team": "Unknown",
        "innings_pitched": "0.1",
        "strikeouts": 0,
        "earned_runs": 0
      },
      {
        "name": "Jack Anderson",
        "team": "Unknown",
        "innings_pitched": "1.0",
        "strikeouts": 2,
        "earned_runs": 0
      },
      {
        "name": "Shelby Miller",
        "team": "Unknown",
        "innings_pitched": "1.0",
        "strikeouts": 2,
        "earned_runs": 0
      }
    ]
  },
  {
    "date": "2024-03-07",
    "home_team": "Cincinnati Reds",
    "away_team": "Chicago Cubs",
    "home_score": 2,
    "away_score": 2,
    "status": "Final: Tied",
    "game_id": 748072,
    "starting_pitchers": {
      "home": "Hunter Greene",
      "away": "Hayden Wesneski"
    },
    "first_inning_runs": {
      "home": 1,
      "away": 2
    },
    "player_stats": [
      {
        "name": "Elly De La Cruz",
        "team": "Unknown",
        "hits": 1,
        "rbi": 0
      },
      {
        "name": "Mike Ford",
        "team": "Unknown",
        "hits": 1,
        "rbi": 0
      },
      {
        "name": "Will Benson",
        "team": "Unknown",
        "hits": 0,
        "rbi": 0
      },
      {
        "name": "P.J. Higgins",
        "team": "Unknown",
        "hits": 0,
        "rbi": 0
      },
      {
        "name": "Bubba Thompson",
        "team": "Unknown",
        "hits": 0,
        "rbi": 0
      },
      {
        "name": "Josh Harrison",
        "team": "Unknown",
        "hits": 1,
        "rbi": 1
      },
      {
        "name": "Tony Kemp",
        "team": "Unknown",
        "hits": 1,
        "rbi": 0
      },
      {
        "name": "Spencer Steer",
        "team": "Unknown",
        "hits": 1,
        "rbi": 1
      },
      {
        "name": "Ivan Johnson",
        "team": "Unknown",
        "hits": 0,
        "rbi": 0
      },
      {
        "name": "Conner Capel",
        "team": "Unknown",
        "hits": 1,
        "rbi": 0
      },
      {
        "name": "Austin Wynns",
        "team": "Unknown",
        "hits": 2,
        "rbi": 0
      },
      {
        "name": "Noelvi Marte",
        "team": "Unknown",
        "hits": 0,
        "rbi": 0
      },
      {
        "name": "TJ Friedl",
        "team": "Unknown",
        "hits": 0,
        "rbi": 0
      },
      {
        "name": "Hern\u00e1n P\u00e9rez",
        "team": "Unknown",
        "hits": 1,
        "rbi": 0
      },
      {
        "name": "Rece Hinds",
        "team": "Unknown",
        "hits": 0,
        "rbi": 0
      },
      {
        "name": "Jacob Hurtubise",
        "team": "Unknown",
        "hits": 0,
        "rbi": 0
      },
      {
        "name": "Alex McGarry",
        "team": "Unknown",
        "hits": 0,
        "rbi": 0
      },
      {
        "name": "Miguel Hernandez",
        "team": "Unknown",
        "hits": 0,
        "rbi": 0
      },
      {
        "name": "Alexander Canario",
        "team": "Unknown",
        "hits": 1,
        "rbi": 0
      },
      {
        "name": "Luis V\u00e1zquez",
        "team": "Unknown",
        "hits": 1,
        "rbi": 0
      },
      {
        "name": "Yohendrick Pinango",
        "team": "Unknown",
        "hits": 0,
        "rbi": 0
      },
      {
        "name": "Owen Caissie",
        "team": "Unknown",
        "hits": 0,
        "rbi": 0
      },
      {
        "name": "Bradlee Beesley",
        "team": "Unknown",
        "hits": 0,
        "rbi": 0
      },
      {
        "name": "Jorge Alfaro",
        "team": "Unknown",
        "hits": 0,
        "rbi": 0
      },
      {
        "name": "Chase Strumpf",
        "team": "Unknown",
        "hits": 0,
        "rbi": 0
      },
      {
        "name": "Pete Crow-Armstrong",
        "team": "Unknown",
        "hits": 0,
        "rbi": 0
      },
      {
        "name": "Bryce Windham",
        "team": "Unknown",
        "hits": 0,
        "rbi": 0
      },
      {
        "name": "James Triantos",
        "team": "Unknown",
        "hits": 0,
        "rbi": 0
      },
      {
        "name": "Matt Shaw",
        "team": "Unknown",
        "hits": 0,
        "rbi": 0
      },
      {
        "name": "Matt Mervis",
        "team": "Unknown",
        "hits": 0,
        "rbi": 0
      },
      {
        "name": "Garrett Cooper",
        "team": "Unknown",
        "hits": 0,
        "rbi": 0
      },
      {
        "name": "Michael Busch",
        "team": "Unknown",
        "hits": 1,
        "rbi": 2
      },
      {
        "name": "David Bote",
        "team": "Unknown",
        "hits": 0,
        "rbi": 0
      },
      {
        "name": "Kevin Alc\u00e1ntara",
        "team": "Unknown",
        "hits": 0,
        "rbi": 0
      }
    ],
    "pitcher_stats": [
      {
        "name": "Hunter Greene",
        "team": "Unknown",
        "innings_pitched": "3.0",
        "strikeouts": 5,
        "earned_runs": 2
      },
      {
        "name": "Owen Holt",
        "team": "Unknown",
        "innings_pitched": "1.0",
        "strikeouts": 0,
        "earned_runs": 0
      },
      {
        "name": "Tyler Gilbert",
        "team": "Unknown",
        "innings_pitched": "2.0",
        "strikeouts": 3,
        "earned_runs": 0
      },
      {
        "name": "Casey Legumina",
        "team": "Unknown",
        "innings_pitched": "2.0",
        "strikeouts": 3,
        "earned_runs": 0
      },
      {
        "name": "Tony Santillan",
        "team": "Unknown",
        "innings_pitched": "1.0",
        "strikeouts": 2,
        "earned_runs": 0
      },
      {
        "name": "Michael Arias",
        "team": "Unknown",
        "innings_pitched": "0.2",
        "strikeouts": 2,
        "earned_runs": 0
      },
      {
        "name": "Porter Hodge",
        "team": "Unknown",
        "innings_pitched": "1.0",
        "strikeouts": 2,
        "earned_runs": 0
      },
      {
        "name": "Edwin Escobar",
        "team": "Unknown",
        "innings_pitched": "1.0",
        "strikeouts": 0,
        "earned_runs": 1
      },
      {
        "name": "Riley Thompson",
        "team": "Unknown",
        "innings_pitched": "1.0",
        "strikeouts": 2,
        "earned_runs": 0
      },
      {
        "name": "Cam Sanders",
        "team": "Unknown",
        "innings_pitched": "1.1",
        "strikeouts": 2,
        "earned_runs": 0
      },
      {
        "name": "Jose Romero",
        "team": "Unknown",
        "innings_pitched": "1.0",
        "strikeouts": 1,
        "earned_runs": 0
      },
      {
        "name": "Hayden Wesneski",
        "team": "Unknown",
        "innings_pitched": "3.0",
        "strikeouts": 4,
        "earned_runs": 1
      }
    ]
  },
  {
    "date": "2024-03-07",
    "home_team": "Oakland Athletics",
    "away_team": "Cleveland Guardians",
    "home_score": "0",
    "away_score": "0",
    "status": "Cancelled",
    "game_id": 748071,
    "starting_pitchers": {
      "home": "Alex Wood",
      "away": "Shane Bieber"
    },
    "first_inning_runs": {
      "home": 0,
      "away": 0
    },
    "player_stats": [],
    "pitcher_stats": []
  },
  {
    "date": "2024-03-07",
    "home_team": "Colorado Rockies",
    "away_team": "Kansas City Royals",
    "home_score": "0",
    "away_score": "0",
    "status": "Cancelled",
    "game_id": 748069,
    "starting_pitchers": {
      "home": "Cal Quantrill",
      "away": "Cole Ragans"
    },
    "first_inning_runs": {
      "home": 0,
      "away": 0
    },
    "player_stats": [],
    "pitcher_stats": []
  },
  {
    "date": "2024-03-07",
    "home_team": "San Francisco Giants",
    "away_team": "Los Angeles Dodgers",
    "home_score": "0",
    "away_score": "0",
    "status": "Cancelled",
    "game_id": 748070,
    "starting_pitchers": {
      "home": "Kyle Harrison",
      "away": "James Paxton"
    },
    "first_inning_runs": {
      "home": 0,
      "away": 0
    },
    "player_stats": [],
    "pitcher_stats": []
  }
]