[
  {
    "date": "2023-05-01",
    "home_team": "New York Mets",
    "away_team": "Atlanta Braves",
    "home_score": 8,
    "away_score": 9,
    "status": "Final",
    "game_id": 718352,
    "starting_pitchers": {
      "home": "Denyi Reyes",
      "away": "Spencer Strider"
    },
    "first_inning_runs": {
      "home": 1,
      "away": 3
    },
    "player_stats": [
      {
        "name": "Tom\u00e1s Nido",
        "team": "Unknown",
        "hits": 0,
        "rbi": 0
      },
      {
        "name": "Luis Guillorme",
        "team": "Unknown",
        "hits": 0,
        "rbi": 0
      },
      {
        "name": "Jeff McNeil",
        "team": "Unknown",
        "hits": 1,
        "rbi": 0
      },
      {
        "name": "Daniel Vogelbach",
        "team": "Unknown",
        "hits": 1,
        "rbi": 1
      },
      {
        "name": "Brett Baty",
        "team": "Unknown",
        "hits": 2,
        "rbi": 1
      },
      {
        "name": "Eduardo Escobar",
        "team": "Unknown",
        "hits": 1,
        "rbi": 1
      },
      {
        "name": "Tommy Pham",
        "team": "Unknown",
        "hits": 0,
        "rbi": 0
      },
      {
        "name": "Mark Canha",
        "team": "Unknown",
        "hits": 0,
        "rbi": 0
      },
      {
        "name": "Pete Alonso",
        "team": "Unknown",
        "hits": 1,
        "rbi": 3
      },
      {
        "name": "Starling Marte",
        "team": "Unknown",
        "hits": 1,
        "rbi": 0
      },
      {
        "name": "Francisco Lindor",
        "team": "Unknown",
        "hits": 1,
        "rbi": 1
      },
      {
        "name": "Brandon Nimmo",
        "team": "Unknown",
        "hits": 1,
        "rbi": 0
      },
      {
        "name": "Michael Harris II",
        "team": "Unknown",
        "hits": 1,
        "rbi": 0
      },
      {
        "name": "Matt Olson",
        "team": "Unknown",
        "hits": 1,
        "rbi": 0
      },
      {
        "name": "Vaughn Grissom",
        "team": "Unknown",
        "hits": 1,
        "rbi": 0
      },
      {
        "name": "Sean Murphy",
        "team": "Unknown",
        "hits": 2,
        "rbi": 6
      },
      {
        "name": "Ronald Acu\u00f1a Jr.",
        "team": "Unknown",
        "hits": 3,
        "rbi": 1
      },
      {
        "name": "Eddie Rosario",
        "team": "Unknown",
        "hits": 0,
        "rbi": 0
      },
      {
        "name": "Kevin Pillar",
        "team": "Unknown",
        "hits": 1,
        "rbi": 2
      },
      {
        "name": "Ozzie Albies",
        "team": "Unknown",
        "hits": 0,
        "rbi": 0
      },
      {
        "name": "Austin Riley",
        "team": "Unknown",
        "hits": 0,
        "rbi": 0
      }
    ],
    "pitcher_stats": [
      {
        "name": "Stephen Nogosek",
        "team": "Unknown",
        "innings_pitched": "2.2",
        "strikeouts": 0,
        "earned_runs": 0
      },
      {
        "name": "Tommy Hunter",
        "team": "Unknown",
        "innings_pitched": "2.0",
        "strikeouts": 4,
        "earned_runs": 0
      },
      {
        "name": "John Curtiss",
        "team": "Unknown",
        "innings_pitched": "2.0",
        "strikeouts": 0,
        "earned_runs": 1
      },
      {
        "name": "Denyi Reyes",
        "team": "Unknown",
        "innings_pitched": "1.0",
        "strikeouts": 1,
        "earned_runs": 5
      },
      {
        "name": "Jeff Brigham",
        "team": "Unknown",
        "innings_pitched": "1.1",
        "strikeouts": 1,
        "earned_runs": 3
      },
      {
        "name": "Nick Anderson",
        "team": "Unknown",
        "innings_pitched": "1.0",
        "strikeouts": 2,
        "earned_runs": 0
      },
      {
        "name": "Spencer Strider",
        "team": "Unknown",
        "innings_pitched": "5.0",
        "strikeouts": 8,
        "earned_runs": 4
      },
      {
        "name": "Dylan Lee",
        "team": "Unknown",
        "innings_pitched": "0.2",
        "strikeouts": 0,
        "earned_runs": 1
      },
      {
        "name": "Jesse Chavez",
        "team": "Unknown",
        "innings_pitched": "0.2",
        "strikeouts": 0,
        "earned_runs": 0
      },
      {
        "name": "Collin McHugh",
        "team": "Unknown",
        "innings_pitched": "0.2",
        "strikeouts": 0,
        "earned_runs": 2
      },
      {
        "name": "A.J. Minter",
        "team": "Unknown",
        "innings_pitched": "1.0",
        "strikeouts": 1,
        "earned_runs": 1
      }
    ]
  },
  {
    "date": "2023-05-01",
    "home_team": "New York Mets",
    "away_team": "Atlanta Braves",
    "home_score": 5,
    "away_score": 3,
    "status": "Final",
    "game_id": 718361,
    "starting_pitchers": {
      "home": "Tylor Megill",
      "away": "Charlie Morton"
    },
    "first_inning_runs": {
      "home": 0,
      "away": 0
    },
    "player_stats": [
      {
        "name": "Francisco Alvarez",
        "team": "Unknown",
        "hits": 2,
        "rbi": 2
      },
      {
        "name": "Jeff McNeil",
        "team": "Unknown",
        "hits": 2,
        "rbi": 1
      },
      {
        "name": "Daniel Vogelbach",
        "team": "Unknown",
        "hits": 1,
        "rbi": 1
      },
      {
        "name": "Brett Baty",
        "team": "Unknown",
        "hits": 1,
        "rbi": 0
      },
      {
        "name": "Mark Canha",
        "team": "Unknown",
        "hits": 1,
        "rbi": 0
      },
      {
        "name": "Pete Alonso",
        "team": "Unknown",
        "hits": 0,
        "rbi": 0
      },
      {
        "name": "Starling Marte",
        "team": "Unknown",
        "hits": 1,
        "rbi": 1
      },
      {
        "name": "Francisco Lindor",
        "team": "Unknown",
        "hits": 0,
        "rbi": 0
      },
      {
        "name": "Brandon Nimmo",
        "team": "Unknown",
        "hits": 1,
        "rbi": 0
      },
      {
        "name": "Chadwick Tromp",
        "team": "Unknown",
        "hits": 1,
        "rbi": 0
      },
      {
        "name": "Michael Harris II",
        "team": "Unknown",
        "hits": 0,
        "rbi": 0
      },
      {
        "name": "Sam Hilliard",
        "team": "Unknown",
        "hits": 0,
        "rbi": 0
      },
      {
        "name": "Ehire Adrianza",
        "team": "Unknown",
        "hits": 0,
        "rbi": 0
      },
      {
        "name": "Matt Olson",
        "team": "Unknown",
        "hits": 0,
        "rbi": 0
      },
      {
        "name": "Sean Murphy",
        "team": "Unknown",
        "hits": 2,
        "rbi": 0
      },
      {
        "name": "Eddie Rosario",
        "team": "Unknown",
        "hits": 1,
        "rbi": 3
      },
      {
        "name": "Kevin Pillar",
        "team": "Unknown",
        "hits": 0,
        "rbi": 0
      },
      {
        "name": "Ozzie Albies",
        "team": "Unknown",
        "hits": 1,
        "rbi": 0
      },
      {
        "name": "Austin Riley",
        "team": "Unknown",
        "hits": 1,
        "rbi": 0
      }
    ],
    "pitcher_stats": [
      {
        "name": "Drew Smith",
        "team": "Unknown",
        "innings_pitched": "1.1",
        "strikeouts": 2,
        "earned_runs": 0
      },
      {
        "name": "David Robertson",
        "team": "Unknown",
        "innings_pitched": "2.0",
        "strikeouts": 4,
        "earned_runs": 0
      },
      {
        "name": "Tylor Megill",
        "team": "Unknown",
        "innings_pitched": "5.2",
        "strikeouts": 4,
        "earned_runs": 3
      },
      {
        "name": "Michael Tonkin",
        "team": "Unknown",
        "innings_pitched": "1.2",
        "strikeouts": 1,
        "earned_runs": 0
      },
      {
        "name": "Joe Jim\u00e9nez",
        "team": "Unknown",
        "innings_pitched": "1.0",
        "strikeouts": 2,
        "earned_runs": 1
      },
      {
        "name": "Charlie Morton",
        "team": "Unknown",
        "innings_pitched": "5.1",
        "strikeouts": 6,
        "earned_runs": 4
      }
    ]
  },
  {
    "date": "2023-05-01",
    "home_team": "Washington Nationals",
    "away_team": "Chicago Cubs",
    "home_score": 1,
    "away_score": 5,
    "status": "Final",
    "game_id": 718349,
    "starting_pitchers": {
      "home": "MacKenzie Gore",
      "away": "Drew Smyly"
    },
    "first_inning_runs": {
      "home": 0,
      "away": 2
    },
    "player_stats": [
      {
        "name": "Victor Robles",
        "team": "Unknown",
        "hits": 0,
        "rbi": 0
      },
      {
        "name": "CJ Abrams",
        "team": "Unknown",
        "hits": 0,
        "rbi": 0
      },
      {
        "name": "Joey Meneses",
        "team": "Unknown",
        "hits": 0,
        "rbi": 0
      },
      {
        "name": "Jeimer Candelario",
        "team": "Unknown",
        "hits": 0,
        "rbi": 0
      },
      {
        "name": "Dominic Smith",
        "team": "Unknown",
        "hits": 3,
        "rbi": 0
      },
      {
        "name": "Alex Call",
        "team": "Unknown",
        "hits": 0,
        "rbi": 0
      },
      {
        "name": "Keibert Ruiz",
        "team": "Unknown",
        "hits": 0,
        "rbi": 0
      },
      {
        "name": "Lane Thomas",
        "team": "Unknown",
        "hits": 1,
        "rbi": 1
      },
      {
        "name": "Luis Garc\u00eda Jr.",
        "team": "Unknown",
        "hits": 2,
        "rbi": 0
      },
      {
        "name": "Trey Mancini",
        "team": "Unknown",
        "hits": 1,
        "rbi": 1
      },
      {
        "name": "Nick Madrigal",
        "team": "Unknown",
        "hits": 0,
        "rbi": 0
      },
      {
        "name": "Tucker Barnhart",
        "team": "Unknown",
        "hits": 1,
        "rbi": 0
      },
      {
        "name": "Ian Happ",
        "team": "Unknown",
        "hits": 2,
        "rbi": 1
      },
      {
        "name": "Patrick Wisdom",
        "team": "Unknown",
        "hits": 0,
        "rbi": 0
      },
      {
        "name": "Yan Gomes",
        "team": "Unknown",
        "hits": 0,
        "rbi": 0
      },
      {
        "name": "Seiya Suzuki",
        "team": "Unknown",
        "hits": 1,
        "rbi": 1
      },
      {
        "name": "Cody Bellinger",
        "team": "Unknown",
        "hits": 1,
        "rbi": 0
      },
      {
        "name": "Dansby Swanson",
        "team": "Unknown",
        "hits": 3,
        "rbi": 2
      },
      {
        "name": "Nico Hoerner",
        "team": "Unknown",
        "hits": 1,
        "rbi": 0
      },
      {
        "name": "Nelson Vel\u00e1zquez",
        "team": "Unknown",
        "hits": 0,
        "rbi": 0
      }
    ],
    "pitcher_stats": [
      {
        "name": "Mason Thompson",
        "team": "Unknown",
        "innings_pitched": "1.0",
        "strikeouts": 2,
        "earned_runs": 0
      },
      {
        "name": "MacKenzie Gore",
        "team": "Unknown",
        "innings_pitched": "4.0",
        "strikeouts": 4,
        "earned_runs": 4
      },
      {
        "name": "Cory Abbott",
        "team": "Unknown",
        "innings_pitched": "2.0",
        "strikeouts": 1,
        "earned_runs": 1
      },
      {
        "name": "Thaddeus Ward",
        "team": "Unknown",
        "innings_pitched": "2.0",
        "strikeouts": 1,
        "earned_runs": 0
      },
      {
        "name": "Drew Smyly",
        "team": "Unknown",
        "innings_pitched": "7.0",
        "strikeouts": 2,
        "earned_runs": 1
      },
      {
        "name": "Mark Leiter Jr.",
        "team": "Unknown",
        "innings_pitched": "1.0",
        "strikeouts": 3,
        "earned_runs": 0
      },
      {
        "name": "Brad Boxberger",
        "team": "Unknown",
        "innings_pitched": "1.0",
        "strikeouts": 0,
        "earned_runs": 0
      }
    ]
  },
  {
    "date": "2023-05-01",
    "home_team": "New York Yankees",
    "away_team": "Cleveland Guardians",
    "home_score": 2,
    "away_score": 3,
    "status": "Final",
    "game_id": 718351,
    "starting_pitchers": {
      "home": "Domingo Germ\u00e1n",
      "away": "Cal Quantrill"
    },
    "first_inning_runs": {
      "home": 0,
      "away": 0
    },
    "player_stats": [
      {
        "name": "DJ LeMahieu",
        "team": "Unknown",
        "hits": 2,
        "rbi": 1
      },
      {
        "name": "Oswald Peraza",
        "team": "Unknown",
        "hits": 1,
        "rbi": 0
      },
      {
        "name": "Anthony Rizzo",
        "team": "Unknown",
        "hits": 0,
        "rbi": 0
      },
      {
        "name": "Oswaldo Cabrera",
        "team": "Unknown",
        "hits": 0,
        "rbi": 0
      },
      {
        "name": "Aaron Hicks",
        "team": "Unknown",
        "hits": 0,
        "rbi": 0
      },
      {
        "name": "Isiah Kiner-Falefa",
        "team": "Unknown",
        "hits": 0,
        "rbi": 0
      },
      {
        "name": "Gleyber Torres",
        "team": "Unknown",
        "hits": 1,
        "rbi": 0
      },
      {
        "name": "Jose Trevino",
        "team": "Unknown",
        "hits": 1,
        "rbi": 1
      },
      {
        "name": "Anthony Volpe",
        "team": "Unknown",
        "hits": 1,
        "rbi": 0
      },
      {
        "name": "Willie Calhoun",
        "team": "Unknown",
        "hits": 0,
        "rbi": 0
      },
      {
        "name": "Josh Naylor",
        "team": "Unknown",
        "hits": 1,
        "rbi": 2
      },
      {
        "name": "Mike Zunino",
        "team": "Unknown",
        "hits": 0,
        "rbi": 1
      },
      {
        "name": "Will Brennan",
        "team": "Unknown",
        "hits": 0,
        "rbi": 0
      },
      {
        "name": "Amed Rosario",
        "team": "Unknown",
        "hits": 2,
        "rbi": 0
      },
      {
        "name": "Josh Bell",
        "team": "Unknown",
        "hits": 0,
        "rbi": 0
      },
      {
        "name": "Andr\u00e9s Gim\u00e9nez",
        "team": "Unknown",
        "hits": 0,
        "rbi": 0
      },
      {
        "name": "Oscar Gonzalez",
        "team": "Unknown",
        "hits": 0,
        "rbi": 0
      },
      {
        "name": "Jos\u00e9 Ram\u00edrez",
        "team": "Unknown",
        "hits": 1,
        "rbi": 0
      },
      {
        "name": "Steven Kwan",
        "team": "Unknown",
        "hits": 1,
        "rbi": 0
      },
      {
        "name": "Myles Straw",
        "team": "Unknown",
        "hits": 0,
        "rbi": 0
      }
    ],
    "pitcher_stats": [
      {
        "name": "Domingo Germ\u00e1n",
        "team": "Unknown",
        "innings_pitched": "8.1",
        "strikeouts": 6,
        "earned_runs": 1
      },
      {
        "name": "Wandy Peralta",
        "team": "Unknown",
        "innings_pitched": "0.2",
        "strikeouts": 1,
        "earned_runs": 0
      },
      {
        "name": "Clay Holmes",
        "team": "Unknown",
        "innings_pitched": "0.0",
        "strikeouts": 0,
        "earned_runs": 2
      },
      {
        "name": "Emmanuel Clase",
        "team": "Unknown",
        "innings_pitched": "1.0",
        "strikeouts": 1,
        "earned_runs": 0
      },
      {
        "name": "Enyel De Los Santos",
        "team": "Unknown",
        "innings_pitched": "0.2",
        "strikeouts": 0,
        "earned_runs": 0
      },
      {
        "name": "Cal Quantrill",
        "team": "Unknown",
        "innings_pitched": "7.1",
        "strikeouts": 2,
        "earned_runs": 2
      }
    ]
  },
  {
    "date": "2023-05-01",
    "home_team": "Boston Red Sox",
    "away_team": "Toronto Blue Jays",
    "home_score": 6,
    "away_score": 5,
    "status": "Final",
    "game_id": 718353,
    "starting_pitchers": {
      "home": "Corey Kluber",
      "away": "Jos\u00e9 Berr\u00edos"
    },
    "first_inning_runs": {
      "home": 2,
      "away": 0
    },
    "player_stats": [
      {
        "name": "Enrique Hern\u00e1ndez",
        "team": "Unknown",
        "hits": 1,
        "rbi": 0
      },
      {
        "name": "Alex Verdugo",
        "team": "Unknown",
        "hits": 2,
        "rbi": 1
      },
      {
        "name": "Reese McGuire",
        "team": "Unknown",
        "hits": 2,
        "rbi": 0
      },
      {
        "name": "Rafael Devers",
        "team": "Unknown",
        "hits": 1,
        "rbi": 0
      },
      {
        "name": "Jarren Duran",
        "team": "Unknown",
        "hits": 2,
        "rbi": 1
      },
      {
        "name": "Enmanuel Valdez",
        "team": "Unknown",
        "hits": 2,
        "rbi": 2
      },
      {
        "name": "Masataka Yoshida",
        "team": "Unknown",
        "hits": 2,
        "rbi": 1
      },
      {
        "name": "Triston Casas",
        "team": "Unknown",
        "hits": 0,
        "rbi": 0
      },
      {
        "name": "Justin Turner",
        "team": "Unknown",
        "hits": 1,
        "rbi": 1
      },
      {
        "name": "Bo Bichette",
        "team": "Unknown",
        "hits": 5,
        "rbi": 3
      },
      {
        "name": "Daulton Varsho",
        "team": "Unknown",
        "hits": 0,
        "rbi": 0
      },
      {
        "name": "Matt Chapman",
        "team": "Unknown",
        "hits": 1,
        "rbi": 0
      },
      {
        "name": "Whit Merrifield",
        "team": "Unknown",
        "hits": 1,
        "rbi": 0
      },
      {
        "name": "Kevin Kiermaier",
        "team": "Unknown",
        "hits": 0,
        "rbi": 0
      },
      {
        "name": "Nathan Lukes",
        "team": "Unknown",
        "hits": 0,
        "rbi": 0
      },
      {
        "name": "Cavan Biggio",
        "team": "Unknown",
        "hits": 1,
        "rbi": 0
      },
      {
        "name": "Vladimir Guerrero Jr.",
        "team": "Unknown",
        "hits": 1,
        "rbi": 0
      },
      {
        "name": "Danny Jansen",
        "team": "Unknown",
        "hits": 0,
        "rbi": 0
      },
      {
        "name": "Brandon Belt",
        "team": "Unknown",
        "hits": 0,
        "rbi": 0
      },
      {
        "name": "Alejandro Kirk",
        "team": "Unknown",
        "hits": 0,
        "rbi": 0
      }
    ],
    "pitcher_stats": [
      {
        "name": "Josh Winckowski",
        "team": "Unknown",
        "innings_pitched": "2.0",
        "strikeouts": 1,
        "earned_runs": 1
      },
      {
        "name": "Brennan Bernardino",
        "team": "Unknown",
        "innings_pitched": "0.2",
        "strikeouts": 1,
        "earned_runs": 0
      },
      {
        "name": "Corey Kluber",
        "team": "Unknown",
        "innings_pitched": "5.1",
        "strikeouts": 7,
        "earned_runs": 3
      },
      {
        "name": "Chris Martin",
        "team": "Unknown",
        "innings_pitched": "1.0",
        "strikeouts": 1,
        "earned_runs": 0
      },
      {
        "name": "Tim Mayza",
        "team": "Unknown",
        "innings_pitched": "0.2",
        "strikeouts": 0,
        "earned_runs": 0
      },
      {
        "name": "Jos\u00e9 Berr\u00edos",
        "team": "Unknown",
        "innings_pitched": "5.1",
        "strikeouts": 4,
        "earned_runs": 5
      },
      {
        "name": "Nate Pearson",
        "team": "Unknown",
        "innings_pitched": "2.0",
        "strikeouts": 3,
        "earned_runs": 0
      },
      {
        "name": "Jordan Romano",
        "team": "Unknown",
        "innings_pitched": "0.0",
        "strikeouts": 0,
        "earned_runs": 1
      }
    ]
  },
  {
    "date": "2023-05-01",
    "home_team": "Houston Astros",
    "away_team": "San Francisco Giants",
    "home_score": 7,
    "away_score": 3,
    "status": "Final",
    "game_id": 718350,
    "starting_pitchers": {
      "home": "Luis Garcia",
      "away": "Ross Stripling"
    },
    "first_inning_runs": {
      "home": 1,
      "away": 0
    },
    "player_stats": [
      {
        "name": "Corey Julks",
        "team": "Unknown",
        "hits": 1,
        "rbi": 1
      },
      {
        "name": "Mart\u00edn Maldonado",
        "team": "Unknown",
        "hits": 1,
        "rbi": 0
      },
      {
        "name": "Kyle Tucker",
        "team": "Unknown",
        "hits": 0,
        "rbi": 0
      },
      {
        "name": "Mauricio Dub\u00f3n",
        "team": "Unknown",
        "hits": 3,
        "rbi": 2
      },
      {
        "name": "Alex Bregman",
        "team": "Unknown",
        "hits": 1,
        "rbi": 1
      },
      {
        "name": "Jake Meyers",
        "team": "Unknown",
        "hits": 1,
        "rbi": 0
      },
      {
        "name": "Jos\u00e9 Abreu",
        "team": "Unknown",
        "hits": 1,
        "rbi": 2
      },
      {
        "name": "Jeremy Pe\u00f1a",
        "team": "Unknown",
        "hits": 2,
        "rbi": 1
      },
      {
        "name": "Yordan Alvarez",
        "team": "Unknown",
        "hits": 0,
        "rbi": 0
      },
      {
        "name": "Blake Sabol",
        "team": "Unknown",
        "hits": 1,
        "rbi": 0
      },
      {
        "name": "Michael Conforto",
        "team": "Unknown",
        "hits": 0,
        "rbi": 0
      },
      {
        "name": "Mitch Haniger",
        "team": "Unknown",
        "hits": 0,
        "rbi": 0
      },
      {
        "name": "Thairo Estrada",
        "team": "Unknown",
        "hits": 0,
        "rbi": 0
      },
      {
        "name": "Joc Pederson",
        "team": "Unknown",
        "hits": 1,
        "rbi": 2
      },
      {
        "name": "David Villar",
        "team": "Unknown",
        "hits": 0,
        "rbi": 0
      },
      {
        "name": "Brett Wisely",
        "team": "Unknown",
        "hits": 0,
        "rbi": 0
      },
      {
        "name": "LaMonte Wade Jr.",
        "team": "Unknown",
        "hits": 2,
        "rbi": 1
      },
      {
        "name": "J.D. Davis",
        "team": "Unknown",
        "hits": 1,
        "rbi": 0
      }
    ],
    "pitcher_stats": [
      {
        "name": "Rafael Montero",
        "team": "Unknown",
        "innings_pitched": "1.0",
        "strikeouts": 2,
        "earned_runs": 1
      },
      {
        "name": "Ryne Stanek",
        "team": "Unknown",
        "innings_pitched": "1.0",
        "strikeouts": 0,
        "earned_runs": 0
      },
      {
        "name": "Ryan Pressly",
        "team": "Unknown",
        "innings_pitched": "1.0",
        "strikeouts": 1,
        "earned_runs": 0
      },
      {
        "name": "Brandon Bielak",
        "team": "Unknown",
        "innings_pitched": "4.0",
        "strikeouts": 6,
        "earned_runs": 2
      },
      {
        "name": "Luis Garcia",
        "team": "Unknown",
        "innings_pitched": "0.0",
        "strikeouts": 0,
        "earned_runs": 0
      },
      {
        "name": "Phil Maton",
        "team": "Unknown",
        "innings_pitched": "2.0",
        "strikeouts": 0,
        "earned_runs": 0
      },
      {
        "name": "Tristan Beck",
        "team": "Unknown",
        "innings_pitched": "1.1",
        "strikeouts": 2,
        "earned_runs": 0
      },
      {
        "name": "Sean Hjelle",
        "team": "Unknown",
        "innings_pitched": "1.0",
        "strikeouts": 0,
        "earned_runs": 5
      },
      {
        "name": "Taylor Rogers",
        "team": "Unknown",
        "innings_pitched": "0.2",
        "strikeouts": 0,
        "earned_runs": 0
      },
      {
        "name": "Ross Stripling",
        "team": "Unknown",
        "innings_pitched": "5.0",
        "strikeouts": 5,
        "earned_runs": 2
      }
    ]
  },
  {
    "date": "2023-05-01",
    "home_team": "San Diego Padres",
    "away_team": "Cincinnati Reds",
    "home_score": 8,
    "away_score": 3,
    "status": "Final",
    "game_id": 718345,
    "starting_pitchers": {
      "home": "Blake Snell",
      "away": "Luke Weaver"
    },
    "first_inning_runs": {
      "home": 2,
      "away": 0
    },
    "player_stats": [
      {
        "name": "Matt Carpenter",
        "team": "Unknown",
        "hits": 1,
        "rbi": 0
      },
      {
        "name": "Manny Machado",
        "team": "Unknown",
        "hits": 1,
        "rbi": 2
      },
      {
        "name": "Brett Sullivan",
        "team": "Unknown",
        "hits": 1,
        "rbi": 0
      },
      {
        "name": "Fernando Tatis Jr.",
        "team": "Unknown",
        "hits": 3,
        "rbi": 0
      },
      {
        "name": "Nelson Cruz",
        "team": "Unknown",
        "hits": 0,
        "rbi": 0
      },
      {
        "name": "Juan Soto",
        "team": "Unknown",
        "hits": 2,
        "rbi": 2
      },
      {
        "name": "Xander Bogaerts",
        "team": "Unknown",
        "hits": 1,
        "rbi": 0
      },
      {
        "name": "Trent Grisham",
        "team": "Unknown",
        "hits": 3,
        "rbi": 1
      },
      {
        "name": "Jake Cronenworth",
        "team": "Unknown",
        "hits": 2,
        "rbi": 0
      },
      {
        "name": "Ha-Seong Kim",
        "team": "Unknown",
        "hits": 2,
        "rbi": 3
      },
      {
        "name": "Jonathan India",
        "team": "Unknown",
        "hits": 0,
        "rbi": 0
      },
      {
        "name": "Jake Fraley",
        "team": "Unknown",
        "hits": 0,
        "rbi": 0
      },
      {
        "name": "TJ Friedl",
        "team": "Unknown",
        "hits": 0,
        "rbi": 0
      },
      {
        "name": "Nick Senzel",
        "team": "Unknown",
        "hits": 3,
        "rbi": 1
      },
      {
        "name": "Kevin Newman",
        "team": "Unknown",
        "hits": 1,
        "rbi": 0
      },
      {
        "name": "Spencer Steer",
        "team": "Unknown",
        "hits": 1,
        "rbi": 0
      },
      {
        "name": "Luke Maile",
        "team": "Unknown",
        "hits": 2,
        "rbi": 0
      },
      {
        "name": "Tyler Stephenson",
        "team": "Unknown",
        "hits": 0,
        "rbi": 0
      },
      {
        "name": "Henry Ramos",
        "team": "Unknown",
        "hits": 0,
        "rbi": 0
      },
      {
        "name": "Jose Barrero",
        "team": "Unknown",
        "hits": 0,
        "rbi": 0
      },
      {
        "name": "Curt Casali",
        "team": "Unknown",
        "hits": 0,
        "rbi": 0
      },
      {
        "name": "Stuart Fairchild",
        "team": "Unknown",
        "hits": 1,
        "rbi": 2
      }
    ],
    "pitcher_stats": [
      {
        "name": "Domingo Tapia",
        "team": "Unknown",
        "innings_pitched": "2.0",
        "strikeouts": 2,
        "earned_runs": 0
      },
      {
        "name": "Steven Wilson",
        "team": "Unknown",
        "innings_pitched": "1.0",
        "strikeouts": 2,
        "earned_runs": 0
      },
      {
        "name": "Blake Snell",
        "team": "Unknown",
        "innings_pitched": "6.0",
        "strikeouts": 7,
        "earned_runs": 3
      },
      {
        "name": "Casey Legumina",
        "team": "Unknown",
        "innings_pitched": "2.0",
        "strikeouts": 3,
        "earned_runs": 0
      },
      {
        "name": "Alex Young",
        "team": "Unknown",
        "innings_pitched": "0.2",
        "strikeouts": 1,
        "earned_runs": 2
      },
      {
        "name": "Luke Weaver",
        "team": "Unknown",
        "innings_pitched": "4.1",
        "strikeouts": 3,
        "earned_runs": 4
      },
      {
        "name": "Reiver Sanmartin",
        "team": "Unknown",
        "innings_pitched": "1.0",
        "strikeouts": 2,
        "earned_runs": 2
      }
    ]
  },
  {
    "date": "2023-05-01",
    "home_team": "Los Angeles Dodgers",
    "away_team": "Philadelphia Phillies",
    "home_score": 13,
    "away_score": 4,
    "status": "Final",
    "game_id": 718343,
    "starting_pitchers": {
      "home": "Tony Gonsolin",
      "away": "Taijuan Walker"
    },
    "first_inning_runs": {
      "home": 1,
      "away": 0
    },
    "player_stats": [
      {
        "name": "Will Smith",
        "team": "Unknown",
        "hits": 2,
        "rbi": 2
      },
      {
        "name": "Shelby Miller",
        "team": "Unknown",
        "hits": 0,
        "rbi": 0
      },
      {
        "name": "Max Muncy",
        "team": "Unknown",
        "hits": 1,
        "rbi": 0
      },
      {
        "name": "Jason Heyward",
        "team": "Unknown",
        "hits": 2,
        "rbi": 1
      },
      {
        "name": "Michael Busch",
        "team": "Unknown",
        "hits": 2,
        "rbi": 0
      },
      {
        "name": "Freddie Freeman",
        "team": "Unknown",
        "hits": 3,
        "rbi": 2
      },
      {
        "name": "David Peralta",
        "team": "Unknown",
        "hits": 2,
        "rbi": 4
      },
      {
        "name": "James Outman",
        "team": "Unknown",
        "hits": 0,
        "rbi": 0
      },
      {
        "name": "Mookie Betts",
        "team": "Unknown",
        "hits": 3,
        "rbi": 3
      },
      {
        "name": "Miguel Vargas",
        "team": "Unknown",
        "hits": 0,
        "rbi": 1
      },
      {
        "name": "Brandon Marsh",
        "team": "Unknown",
        "hits": 2,
        "rbi": 0
      },
      {
        "name": "J.T. Realmuto",
        "team": "Unknown",
        "hits": 1,
        "rbi": 0
      },
      {
        "name": "Edmundo Sosa",
        "team": "Unknown",
        "hits": 0,
        "rbi": 0
      },
      {
        "name": "Kody Clemens",
        "team": "Unknown",
        "hits": 0,
        "rbi": 0
      },
      {
        "name": "Nick Castellanos",
        "team": "Unknown",
        "hits": 2,
        "rbi": 2
      },
      {
        "name": "Alec Bohm",
        "team": "Unknown",
        "hits": 1,
        "rbi": 1
      },
      {
        "name": "Bryson Stott",
        "team": "Unknown",
        "hits": 1,
        "rbi": 0
      },
      {
        "name": "Kyle Schwarber",
        "team": "Unknown",
        "hits": 1,
        "rbi": 1
      },
      {
        "name": "Dalton Guthrie",
        "team": "Unknown",
        "hits": 0,
        "rbi": 0
      },
      {
        "name": "Trea Turner",
        "team": "Unknown",
        "hits": 1,
        "rbi": 0
      }
    ],
    "pitcher_stats": [
      {
        "name": "Victor Gonz\u00e1lez",
        "team": "Unknown",
        "innings_pitched": "1.1",
        "strikeouts": 2,
        "earned_runs": 0
      },
      {
        "name": "Phil Bickford",
        "team": "Unknown",
        "innings_pitched": "1.1",
        "strikeouts": 1,
        "earned_runs": 1
      },
      {
        "name": "Tony Gonsolin",
        "team": "Unknown",
        "innings_pitched": "4.2",
        "strikeouts": 3,
        "earned_runs": 3
      },
      {
        "name": "Shelby Miller",
        "team": "Unknown",
        "innings_pitched": "1.2",
        "strikeouts": 0,
        "earned_runs": 0
      },
      {
        "name": "Yunior Marte",
        "team": "Unknown",
        "innings_pitched": "1.0",
        "strikeouts": 1,
        "earned_runs": 0
      },
      {
        "name": "Kody Clemens",
        "team": "Unknown",
        "innings_pitched": "0.2",
        "strikeouts": 1,
        "earned_runs": 0
      },
      {
        "name": "Andrew Vasquez",
        "team": "Unknown",
        "innings_pitched": "1.2",
        "strikeouts": 4,
        "earned_runs": 1
      },
      {
        "name": "Taijuan Walker",
        "team": "Unknown",
        "innings_pitched": "3.1",
        "strikeouts": 6,
        "earned_runs": 8
      },
      {
        "name": "Craig Kimbrel",
        "team": "Unknown",
        "innings_pitched": "0.2",
        "strikeouts": 1,
        "earned_runs": 2
      },
      {
        "name": "Luis F. Ortiz",
        "team": "Unknown",
        "innings_pitched": "0.2",
        "strikeouts": 0,
        "earned_runs": 2
      }
    ]
  }
]