[
  {
    "date": "2022-09-12",
    "home_team": "Miami Marlins",
    "away_team": "Texas Rangers",
    "home_score": 2,
    "away_score": 3,
    "status": "Final",
    "game_id": 661420,
    "starting_pitchers": {
      "home": "Trevor Rogers",
      "away": "Glenn Otto"
    },
    "first_inning_runs": {
      "home": 0,
      "away": 0
    },
    "player_stats": [
      {
        "name": "Garrett Cooper",
        "team": "Unknown",
        "hits": 0,
        "rbi": 0
      },
      {
        "name": "Jerar Encarnacion",
        "team": "Unknown",
        "hits": 0,
        "rbi": 0
      },
      {
        "name": "Jacob Stallings",
        "team": "Unknown",
        "hits": 0,
        "rbi": 0
      },
      {
        "name": "Charles Leblanc",
        "team": "Unknown",
        "hits": 0,
        "rbi": 0
      },
      {
        "name": "Brian Anderson",
        "team": "Unknown",
        "hits": 2,
        "rbi": 0
      },
      {
        "name": "Jon Berti",
        "team": "Unknown",
        "hits": 1,
        "rbi": 1
      },
      {
        "name": "Joey Wendle",
        "team": "Unknown",
        "hits": 0,
        "rbi": 0
      },
      {
        "name": "JJ Bleday",
        "team": "Unknown",
        "hits": 1,
        "rbi": 0
      },
      {
        "name": "Miguel Rojas",
        "team": "Unknown",
        "hits": 1,
        "rbi": 0
      },
      {
        "name": "Lewin D\u00edaz",
        "team": "Unknown",
        "hits": 0,
        "rbi": 1
      },
      {
        "name": "Bubba Thompson",
        "team": "Unknown",
        "hits": 1,
        "rbi": 0
      },
      {
        "name": "Mark Mathias",
        "team": "Unknown",
        "hits": 0,
        "rbi": 1
      },
      {
        "name": "Nathaniel Lowe",
        "team": "Unknown",
        "hits": 2,
        "rbi": 0
      },
      {
        "name": "Corey Seager",
        "team": "Unknown",
        "hits": 0,
        "rbi": 0
      },
      {
        "name": "Marcus Semien",
        "team": "Unknown",
        "hits": 1,
        "rbi": 0
      },
      {
        "name": "Josh Jung",
        "team": "Unknown",
        "hits": 1,
        "rbi": 1
      },
      {
        "name": "Sam Huff",
        "team": "Unknown",
        "hits": 0,
        "rbi": 1
      },
      {
        "name": "Josh Smith",
        "team": "Unknown",
        "hits": 0,
        "rbi": 0
      },
      {
        "name": "Adolis Garc\u00eda",
        "team": "Unknown",
        "hits": 1,
        "rbi": 0
      }
    ],
    "pitcher_stats": [
      {
        "name": "Tommy Nance",
        "team": "Unknown",
        "innings_pitched": "0.2",
        "strikeouts": 0,
        "earned_runs": 0
      },
      {
        "name": "Trevor Rogers",
        "team": "Unknown",
        "innings_pitched": "6.1",
        "strikeouts": 9,
        "earned_runs": 2
      },
      {
        "name": "Steven Okert",
        "team": "Unknown",
        "innings_pitched": "0.2",
        "strikeouts": 1,
        "earned_runs": 1
      },
      {
        "name": "Jeff Brigham",
        "team": "Unknown",
        "innings_pitched": "1.1",
        "strikeouts": 2,
        "earned_runs": 0
      },
      {
        "name": "Matt Moore",
        "team": "Unknown",
        "innings_pitched": "0.1",
        "strikeouts": 0,
        "earned_runs": 0
      },
      {
        "name": "Jonathan Hern\u00e1ndez",
        "team": "Unknown",
        "innings_pitched": "1.2",
        "strikeouts": 0,
        "earned_runs": 0
      },
      {
        "name": "Jos\u00e9 Leclerc",
        "team": "Unknown",
        "innings_pitched": "1.0",
        "strikeouts": 2,
        "earned_runs": 0
      },
      {
        "name": "Glenn Otto",
        "team": "Unknown",
        "innings_pitched": "6.0",
        "strikeouts": 2,
        "earned_runs": 2
      }
    ]
  },
  {
    "date": "2022-09-12",
    "home_team": "Miami Marlins",
    "away_team": "Texas Rangers",
    "home_score": 10,
    "away_score": 6,
    "status": "Final",
    "game_id": 661419,
    "starting_pitchers": {
      "home": "Braxton Garrett",
      "away": "Jon Gray"
    },
    "first_inning_runs": {
      "home": 1,
      "away": 0
    },
    "player_stats": [
      {
        "name": "Garrett Cooper",
        "team": "Unknown",
        "hits": 1,
        "rbi": 2
      },
      {
        "name": "Bryan De La Cruz",
        "team": "Unknown",
        "hits": 0,
        "rbi": 0
      },
      {
        "name": "Luke Williams",
        "team": "Unknown",
        "hits": 0,
        "rbi": 0
      },
      {
        "name": "Charles Leblanc",
        "team": "Unknown",
        "hits": 2,
        "rbi": 2
      },
      {
        "name": "Brian Anderson",
        "team": "Unknown",
        "hits": 2,
        "rbi": 1
      },
      {
        "name": "Jon Berti",
        "team": "Unknown",
        "hits": 2,
        "rbi": 2
      },
      {
        "name": "Joey Wendle",
        "team": "Unknown",
        "hits": 2,
        "rbi": 1
      },
      {
        "name": "Nick Fortes",
        "team": "Unknown",
        "hits": 1,
        "rbi": 1
      },
      {
        "name": "JJ Bleday",
        "team": "Unknown",
        "hits": 0,
        "rbi": 0
      },
      {
        "name": "Jonah Heim",
        "team": "Unknown",
        "hits": 0,
        "rbi": 0
      },
      {
        "name": "Bubba Thompson",
        "team": "Unknown",
        "hits": 0,
        "rbi": 0
      },
      {
        "name": "Mark Mathias",
        "team": "Unknown",
        "hits": 0,
        "rbi": 0
      },
      {
        "name": "Leody Taveras",
        "team": "Unknown",
        "hits": 1,
        "rbi": 0
      },
      {
        "name": "Nathaniel Lowe",
        "team": "Unknown",
        "hits": 0,
        "rbi": 0
      },
      {
        "name": "Corey Seager",
        "team": "Unknown",
        "hits": 1,
        "rbi": 2
      },
      {
        "name": "Marcus Semien",
        "team": "Unknown",
        "hits": 3,
        "rbi": 3
      },
      {
        "name": "Josh Jung",
        "team": "Unknown",
        "hits": 1,
        "rbi": 1
      },
      {
        "name": "Kole Calhoun",
        "team": "Unknown",
        "hits": 1,
        "rbi": 0
      },
      {
        "name": "Adolis Garc\u00eda",
        "team": "Unknown",
        "hits": 1,
        "rbi": 0
      }
    ],
    "pitcher_stats": [
      {
        "name": "Braxton Garrett",
        "team": "Unknown",
        "innings_pitched": "4.2",
        "strikeouts": 4,
        "earned_runs": 2
      },
      {
        "name": "Huascar Brazob\u00e1n",
        "team": "Unknown",
        "innings_pitched": "0.1",
        "strikeouts": 1,
        "earned_runs": 0
      },
      {
        "name": "Bryan Hoeing",
        "team": "Unknown",
        "innings_pitched": "2.0",
        "strikeouts": 2,
        "earned_runs": 4
      },
      {
        "name": "Dylan Floro",
        "team": "Unknown",
        "innings_pitched": "1.0",
        "strikeouts": 1,
        "earned_runs": 0
      },
      {
        "name": "Tanner Scott",
        "team": "Unknown",
        "innings_pitched": "1.0",
        "strikeouts": 3,
        "earned_runs": 0
      },
      {
        "name": "Jesus Tinoco",
        "team": "Unknown",
        "innings_pitched": "1.1",
        "strikeouts": 2,
        "earned_runs": 0
      },
      {
        "name": "A.J. Alexy",
        "team": "Unknown",
        "innings_pitched": "0.1",
        "strikeouts": 1,
        "earned_runs": 4
      },
      {
        "name": "Brett Martin",
        "team": "Unknown",
        "innings_pitched": "1.2",
        "strikeouts": 2,
        "earned_runs": 4
      },
      {
        "name": "Jon Gray",
        "team": "Unknown",
        "innings_pitched": "3.2",
        "strikeouts": 5,
        "earned_runs": 1
      },
      {
        "name": "Dennis Santana",
        "team": "Unknown",
        "innings_pitched": "1.0",
        "strikeouts": 0,
        "earned_runs": 0
      }
    ]
  },
  {
    "date": "2022-09-12",
    "home_team": "Cleveland Guardians",
    "away_team": "Los Angeles Angels",
    "home_score": 5,
    "away_score": 4,
    "status": "Final",
    "game_id": 662970,
    "starting_pitchers": {
      "home": "Konnor Pilkington",
      "away": "Reid Detmers"
    },
    "first_inning_runs": {
      "home": 0,
      "away": 0
    },
    "player_stats": [
      {
        "name": "Austin Hedges",
        "team": "Unknown",
        "hits": 1,
        "rbi": 2
      },
      {
        "name": "Amed Rosario",
        "team": "Unknown",
        "hits": 2,
        "rbi": 1
      },
      {
        "name": "Andr\u00e9s Gim\u00e9nez",
        "team": "Unknown",
        "hits": 0,
        "rbi": 0
      },
      {
        "name": "Oscar Gonzalez",
        "team": "Unknown",
        "hits": 0,
        "rbi": 0
      },
      {
        "name": "Tyler Freeman",
        "team": "Unknown",
        "hits": 1,
        "rbi": 1
      },
      {
        "name": "Jos\u00e9 Ram\u00edrez",
        "team": "Unknown",
        "hits": 0,
        "rbi": 0
      },
      {
        "name": "Steven Kwan",
        "team": "Unknown",
        "hits": 2,
        "rbi": 1
      },
      {
        "name": "Owen Miller",
        "team": "Unknown",
        "hits": 2,
        "rbi": 0
      },
      {
        "name": "Myles Straw",
        "team": "Unknown",
        "hits": 0,
        "rbi": 0
      },
      {
        "name": "Luis Rengifo",
        "team": "Unknown",
        "hits": 0,
        "rbi": 0
      },
      {
        "name": "Mike Ford",
        "team": "Unknown",
        "hits": 0,
        "rbi": 0
      },
      {
        "name": "Mickey Moniak",
        "team": "Unknown",
        "hits": 0,
        "rbi": 0
      },
      {
        "name": "Matt Thaiss",
        "team": "Unknown",
        "hits": 0,
        "rbi": 0
      },
      {
        "name": "Taylor Ward",
        "team": "Unknown",
        "hits": 0,
        "rbi": 0
      },
      {
        "name": "Mike Trout",
        "team": "Unknown",
        "hits": 1,
        "rbi": 2
      },
      {
        "name": "Jo Adell",
        "team": "Unknown",
        "hits": 0,
        "rbi": 0
      },
      {
        "name": "Andrew Velazquez",
        "team": "Unknown",
        "hits": 0,
        "rbi": 0
      },
      {
        "name": "Shohei Ohtani",
        "team": "Unknown",
        "hits": 1,
        "rbi": 0
      },
      {
        "name": "Matt Duffy",
        "team": "Unknown",
        "hits": 2,
        "rbi": 2
      },
      {
        "name": "Max Stassi",
        "team": "Unknown",
        "hits": 1,
        "rbi": 0
      }
    ],
    "pitcher_stats": [
      {
        "name": "Eli Morgan",
        "team": "Unknown",
        "innings_pitched": "1.0",
        "strikeouts": 2,
        "earned_runs": 0
      },
      {
        "name": "Konnor Pilkington",
        "team": "Unknown",
        "innings_pitched": "5.0",
        "strikeouts": 3,
        "earned_runs": 4
      },
      {
        "name": "Emmanuel Clase",
        "team": "Unknown",
        "innings_pitched": "1.0",
        "strikeouts": 1,
        "earned_runs": 0
      },
      {
        "name": "Enyel De Los Santos",
        "team": "Unknown",
        "innings_pitched": "1.0",
        "strikeouts": 1,
        "earned_runs": 0
      },
      {
        "name": "Sam Hentges",
        "team": "Unknown",
        "innings_pitched": "0.1",
        "strikeouts": 1,
        "earned_runs": 0
      },
      {
        "name": "Trevor Stephan",
        "team": "Unknown",
        "innings_pitched": "0.2",
        "strikeouts": 2,
        "earned_runs": 0
      },
      {
        "name": "Aaron Loup",
        "team": "Unknown",
        "innings_pitched": "1.0",
        "strikeouts": 0,
        "earned_runs": 1
      },
      {
        "name": "Andrew Wantz",
        "team": "Unknown",
        "innings_pitched": "1.0",
        "strikeouts": 1,
        "earned_runs": 0
      },
      {
        "name": "Reid Detmers",
        "team": "Unknown",
        "innings_pitched": "5.0",
        "strikeouts": 3,
        "earned_runs": 4
      },
      {
        "name": "Ryan Tepera",
        "team": "Unknown",
        "innings_pitched": "1.0",
        "strikeouts": 1,
        "earned_runs": 0
      }
    ]
  },
  {
    "date": "2022-09-12",
    "home_team": "Detroit Tigers",
    "away_team": "Houston Astros",
    "home_score": 0,
    "away_score": 7,
    "status": "Final",
    "game_id": 662782,
    "starting_pitchers": {
      "home": "Eduardo Rodriguez",
      "away": "Framber Valdez"
    },
    "first_inning_runs": {
      "home": 0,
      "away": 2
    },
    "player_stats": [
      {
        "name": "Javier B\u00e1ez",
        "team": "Unknown",
        "hits": 1,
        "rbi": 0
      },
      {
        "name": "Riley Greene",
        "team": "Unknown",
        "hits": 1,
        "rbi": 0
      },
      {
        "name": "Victor Reyes",
        "team": "Unknown",
        "hits": 1,
        "rbi": 0
      },
      {
        "name": "Jonathan Schoop",
        "team": "Unknown",
        "hits": 0,
        "rbi": 0
      },
      {
        "name": "Willi Castro",
        "team": "Unknown",
        "hits": 1,
        "rbi": 0
      },
      {
        "name": "Spencer Torkelson",
        "team": "Unknown",
        "hits": 0,
        "rbi": 0
      },
      {
        "name": "Jeimer Candelario",
        "team": "Unknown",
        "hits": 0,
        "rbi": 0
      },
      {
        "name": "Ryan Kreidler",
        "team": "Unknown",
        "hits": 0,
        "rbi": 0
      },
      {
        "name": "Eric Haase",
        "team": "Unknown",
        "hits": 2,
        "rbi": 0
      },
      {
        "name": "Mart\u00edn Maldonado",
        "team": "Unknown",
        "hits": 1,
        "rbi": 0
      },
      {
        "name": "Trey Mancini",
        "team": "Unknown",
        "hits": 0,
        "rbi": 0
      },
      {
        "name": "Kyle Tucker",
        "team": "Unknown",
        "hits": 1,
        "rbi": 3
      },
      {
        "name": "Alex Bregman",
        "team": "Unknown",
        "hits": 2,
        "rbi": 1
      },
      {
        "name": "Yuli Gurriel",
        "team": "Unknown",
        "hits": 1,
        "rbi": 1
      },
      {
        "name": "Jose Altuve",
        "team": "Unknown",
        "hits": 2,
        "rbi": 0
      },
      {
        "name": "Jeremy Pe\u00f1a",
        "team": "Unknown",
        "hits": 3,
        "rbi": 1
      },
      {
        "name": "Chas McCormick",
        "team": "Unknown",
        "hits": 1,
        "rbi": 0
      },
      {
        "name": "Yordan Alvarez",
        "team": "Unknown",
        "hits": 2,
        "rbi": 0
      }
    ],
    "pitcher_stats": [
      {
        "name": "Eduardo Rodriguez",
        "team": "Unknown",
        "innings_pitched": "5.0",
        "strikeouts": 2,
        "earned_runs": 5
      },
      {
        "name": "Garrett Hill",
        "team": "Unknown",
        "innings_pitched": "2.0",
        "strikeouts": 2,
        "earned_runs": 0
      },
      {
        "name": "Jason Foley",
        "team": "Unknown",
        "innings_pitched": "1.0",
        "strikeouts": 0,
        "earned_runs": 0
      },
      {
        "name": "Will Vest",
        "team": "Unknown",
        "innings_pitched": "1.0",
        "strikeouts": 1,
        "earned_runs": 2
      },
      {
        "name": "Framber Valdez",
        "team": "Unknown",
        "innings_pitched": "9.0",
        "strikeouts": 8,
        "earned_runs": 0
      }
    ]
  },
  {
    "date": "2022-09-12",
    "home_team": "Cincinnati Reds",
    "away_team": "Pittsburgh Pirates",
    "home_score": 3,
    "away_score": 6,
    "status": "Final",
    "game_id": 663085,
    "starting_pitchers": {
      "home": "Mike Minor",
      "away": "Bryse Wilson"
    },
    "first_inning_runs": {
      "home": 0,
      "away": 1
    },
    "player_stats": [
      {
        "name": "Jonathan India",
        "team": "Unknown",
        "hits": 0,
        "rbi": 0
      },
      {
        "name": "Donovan Solano",
        "team": "Unknown",
        "hits": 1,
        "rbi": 0
      },
      {
        "name": "Jake Fraley",
        "team": "Unknown",
        "hits": 0,
        "rbi": 0
      },
      {
        "name": "TJ Friedl",
        "team": "Unknown",
        "hits": 1,
        "rbi": 0
      },
      {
        "name": "Alejo Lopez",
        "team": "Unknown",
        "hits": 1,
        "rbi": 1
      },
      {
        "name": "Chuckie Robinson",
        "team": "Unknown",
        "hits": 0,
        "rbi": 0
      },
      {
        "name": "Nick Senzel",
        "team": "Unknown",
        "hits": 1,
        "rbi": 0
      },
      {
        "name": "Kyle Farmer",
        "team": "Unknown",
        "hits": 1,
        "rbi": 0
      },
      {
        "name": "Spencer Steer",
        "team": "Unknown",
        "hits": 1,
        "rbi": 0
      },
      {
        "name": "Jose Barrero",
        "team": "Unknown",
        "hits": 1,
        "rbi": 0
      },
      {
        "name": "Aristides Aquino",
        "team": "Unknown",
        "hits": 2,
        "rbi": 2
      },
      {
        "name": "Bryan Reynolds",
        "team": "Unknown",
        "hits": 2,
        "rbi": 1
      },
      {
        "name": "Rodolfo Castro",
        "team": "Unknown",
        "hits": 1,
        "rbi": 3
      },
      {
        "name": "Greg Allen",
        "team": "Unknown",
        "hits": 1,
        "rbi": 0
      },
      {
        "name": "Ke'Bryan Hayes",
        "team": "Unknown",
        "hits": 2,
        "rbi": 0
      },
      {
        "name": "Diego Castillo",
        "team": "Unknown",
        "hits": 1,
        "rbi": 2
      },
      {
        "name": "Michael Chavis",
        "team": "Unknown",
        "hits": 1,
        "rbi": 0
      },
      {
        "name": "Cal Mitchell",
        "team": "Unknown",
        "hits": 1,
        "rbi": 0
      },
      {
        "name": "Kevin Newman",
        "team": "Unknown",
        "hits": 1,
        "rbi": 0
      },
      {
        "name": "Jason Delay",
        "team": "Unknown",
        "hits": 0,
        "rbi": 0
      },
      {
        "name": "Jack Suwinski",
        "team": "Unknown",
        "hits": 0,
        "rbi": 0
      }
    ],
    "pitcher_stats": [
      {
        "name": "Hunter Strickland",
        "team": "Unknown",
        "innings_pitched": "1.0",
        "strikeouts": 1,
        "earned_runs": 0
      },
      {
        "name": "Mike Minor",
        "team": "Unknown",
        "innings_pitched": "5.0",
        "strikeouts": 5,
        "earned_runs": 4
      },
      {
        "name": "Joel Kuhnel",
        "team": "Unknown",
        "innings_pitched": "1.0",
        "strikeouts": 1,
        "earned_runs": 0
      },
      {
        "name": "Buck Farmer",
        "team": "Unknown",
        "innings_pitched": "1.0",
        "strikeouts": 0,
        "earned_runs": 0
      },
      {
        "name": "Derek Law",
        "team": "Unknown",
        "innings_pitched": "1.0",
        "strikeouts": 2,
        "earned_runs": 0
      },
      {
        "name": "Robert Stephenson",
        "team": "Unknown",
        "innings_pitched": "1.1",
        "strikeouts": 3,
        "earned_runs": 0
      },
      {
        "name": "Wil Crowe",
        "team": "Unknown",
        "innings_pitched": "2.0",
        "strikeouts": 1,
        "earned_runs": 0
      },
      {
        "name": "Bryse Wilson",
        "team": "Unknown",
        "innings_pitched": "5.2",
        "strikeouts": 4,
        "earned_runs": 3
      }
    ]
  },
  {
    "date": "2022-09-12",
    "home_team": "Toronto Blue Jays",
    "away_team": "Tampa Bay Rays",
    "home_score": 3,
    "away_score": 2,
    "status": "Final",
    "game_id": 661799,
    "starting_pitchers": {
      "home": "Jos\u00e9 Berr\u00edos",
      "away": "Cooper Criswell"
    },
    "first_inning_runs": {
      "home": 0,
      "away": 0
    },
    "player_stats": [
      {
        "name": "Bo Bichette",
        "team": "Unknown",
        "hits": 2,
        "rbi": 3
      },
      {
        "name": "Matt Chapman",
        "team": "Unknown",
        "hits": 1,
        "rbi": 0
      },
      {
        "name": "Santiago Espinal",
        "team": "Unknown",
        "hits": 0,
        "rbi": 0
      },
      {
        "name": "George Springer",
        "team": "Unknown",
        "hits": 0,
        "rbi": 0
      },
      {
        "name": "Cavan Biggio",
        "team": "Unknown",
        "hits": 0,
        "rbi": 0
      },
      {
        "name": "Teoscar Hern\u00e1ndez",
        "team": "Unknown",
        "hits": 0,
        "rbi": 0
      },
      {
        "name": "Vladimir Guerrero Jr.",
        "team": "Unknown",
        "hits": 2,
        "rbi": 0
      },
      {
        "name": "Danny Jansen",
        "team": "Unknown",
        "hits": 0,
        "rbi": 0
      },
      {
        "name": "Raimel Tapia",
        "team": "Unknown",
        "hits": 1,
        "rbi": 0
      },
      {
        "name": "Alejandro Kirk",
        "team": "Unknown",
        "hits": 0,
        "rbi": 0
      },
      {
        "name": "Taylor Walls",
        "team": "Unknown",
        "hits": 0,
        "rbi": 0
      },
      {
        "name": "Isaac Paredes",
        "team": "Unknown",
        "hits": 0,
        "rbi": 0
      },
      {
        "name": "Harold Ram\u00edrez",
        "team": "Unknown",
        "hits": 0,
        "rbi": 0
      },
      {
        "name": "Francisco Mej\u00eda",
        "team": "Unknown",
        "hits": 0,
        "rbi": 0
      },
      {
        "name": "Randy Arozarena",
        "team": "Unknown",
        "hits": 1,
        "rbi": 0
      },
      {
        "name": "Ji Man Choi",
        "team": "Unknown",
        "hits": 0,
        "rbi": 0
      },
      {
        "name": "David Peralta",
        "team": "Unknown",
        "hits": 1,
        "rbi": 0
      },
      {
        "name": "Manuel Margot",
        "team": "Unknown",
        "hits": 2,
        "rbi": 1
      },
      {
        "name": "Jonathan Aranda",
        "team": "Unknown",
        "hits": 1,
        "rbi": 1
      },
      {
        "name": "Yandy D\u00edaz",
        "team": "Unknown",
        "hits": 1,
        "rbi": 0
      },
      {
        "name": "Wander Franco",
        "team": "Unknown",
        "hits": 0,
        "rbi": 0
      }
    ],
    "pitcher_stats": [
      {
        "name": "Tim Mayza",
        "team": "Unknown",
        "innings_pitched": "0.1",
        "strikeouts": 0,
        "earned_runs": 0
      },
      {
        "name": "Jos\u00e9 Berr\u00edos",
        "team": "Unknown",
        "innings_pitched": "6.1",
        "strikeouts": 4,
        "earned_runs": 1
      },
      {
        "name": "Yimi Garc\u00eda",
        "team": "Unknown",
        "innings_pitched": "1.1",
        "strikeouts": 0,
        "earned_runs": 0
      },
      {
        "name": "Jordan Romano",
        "team": "Unknown",
        "innings_pitched": "1.0",
        "strikeouts": 1,
        "earned_runs": 0
      },
      {
        "name": "Javy Guerra",
        "team": "Unknown",
        "innings_pitched": "1.0",
        "strikeouts": 1,
        "earned_runs": 0
      },
      {
        "name": "Jason Adam",
        "team": "Unknown",
        "innings_pitched": "1.0",
        "strikeouts": 1,
        "earned_runs": 2
      },
      {
        "name": "Cooper Criswell",
        "team": "Unknown",
        "innings_pitched": "3.1",
        "strikeouts": 4,
        "earned_runs": 1
      },
      {
        "name": "Colin Poche",
        "team": "Unknown",
        "innings_pitched": "1.0",
        "strikeouts": 2,
        "earned_runs": 0
      },
      {
        "name": "JT Chargois",
        "team": "Unknown",
        "innings_pitched": "1.2",
        "strikeouts": 0,
        "earned_runs": 0
      }
    ]
  },
  {
    "date": "2022-09-12",
    "home_team": "New York Mets",
    "away_team": "Chicago Cubs",
    "home_score": 2,
    "away_score": 5,
    "status": "Final",
    "game_id": 662423,
    "starting_pitchers": {
      "home": "Chris Bassitt",
      "away": "Javier Assad"
    },
    "first_inning_runs": {
      "home": 0,
      "away": 0
    },
    "player_stats": [
      {
        "name": "Jeff McNeil",
        "team": "Unknown",
        "hits": 1,
        "rbi": 0
      },
      {
        "name": "Daniel Vogelbach",
        "team": "Unknown",
        "hits": 0,
        "rbi": 0
      },
      {
        "name": "Eduardo Escobar",
        "team": "Unknown",
        "hits": 2,
        "rbi": 0
      },
      {
        "name": "Darin Ruf",
        "team": "Unknown",
        "hits": 0,
        "rbi": 0
      },
      {
        "name": "Mark Canha",
        "team": "Unknown",
        "hits": 1,
        "rbi": 0
      },
      {
        "name": "Pete Alonso",
        "team": "Unknown",
        "hits": 1,
        "rbi": 0
      },
      {
        "name": "Francisco Lindor",
        "team": "Unknown",
        "hits": 2,
        "rbi": 1
      },
      {
        "name": "Brandon Nimmo",
        "team": "Unknown",
        "hits": 0,
        "rbi": 0
      },
      {
        "name": "Tyler Naquin",
        "team": "Unknown",
        "hits": 0,
        "rbi": 0
      },
      {
        "name": "James McCann",
        "team": "Unknown",
        "hits": 1,
        "rbi": 1
      },
      {
        "name": "Zach McKinstry",
        "team": "Unknown",
        "hits": 2,
        "rbi": 2
      },
      {
        "name": "Christopher Morel",
        "team": "Unknown",
        "hits": 0,
        "rbi": 0
      },
      {
        "name": "Ian Happ",
        "team": "Unknown",
        "hits": 0,
        "rbi": 0
      },
      {
        "name": "Patrick Wisdom",
        "team": "Unknown",
        "hits": 0,
        "rbi": 0
      },
      {
        "name": "Michael Hermosillo",
        "team": "Unknown",
        "hits": 0,
        "rbi": 0
      },
      {
        "name": "Alfonso Rivas III",
        "team": "Unknown",
        "hits": 1,
        "rbi": 1
      },
      {
        "name": "Seiya Suzuki",
        "team": "Unknown",
        "hits": 2,
        "rbi": 0
      },
      {
        "name": "P.J. Higgins",
        "team": "Unknown",
        "hits": 0,
        "rbi": 0
      },
      {
        "name": "Rafael Ortega",
        "team": "Unknown",
        "hits": 2,
        "rbi": 2
      },
      {
        "name": "Franmil Reyes",
        "team": "Unknown",
        "hits": 0,
        "rbi": 0
      }
    ],
    "pitcher_stats": [
      {
        "name": "Joely Rodr\u00edguez",
        "team": "Unknown",
        "innings_pitched": "1.0",
        "strikeouts": 2,
        "earned_runs": 0
      },
      {
        "name": "Chris Bassitt",
        "team": "Unknown",
        "innings_pitched": "3.2",
        "strikeouts": 2,
        "earned_runs": 5
      },
      {
        "name": "Tommy Hunter",
        "team": "Unknown",
        "innings_pitched": "1.1",
        "strikeouts": 1,
        "earned_runs": 0
      },
      {
        "name": "Trevor May",
        "team": "Unknown",
        "innings_pitched": "1.0",
        "strikeouts": 2,
        "earned_runs": 0
      },
      {
        "name": "Mychal Givens",
        "team": "Unknown",
        "innings_pitched": "2.0",
        "strikeouts": 5,
        "earned_runs": 0
      },
      {
        "name": "Javier Assad",
        "team": "Unknown",
        "innings_pitched": "6.0",
        "strikeouts": 6,
        "earned_runs": 1
      },
      {
        "name": "Brandon Hughes",
        "team": "Unknown",
        "innings_pitched": "1.2",
        "strikeouts": 0,
        "earned_runs": 1
      },
      {
        "name": "Mark Leiter Jr.",
        "team": "Unknown",
        "innings_pitched": "1.0",
        "strikeouts": 1,
        "earned_runs": 0
      },
      {
        "name": "Manuel Rodr\u00edguez",
        "team": "Unknown",
        "innings_pitched": "0.1",
        "strikeouts": 1,
        "earned_runs": 0
      }
    ]
  },
  {
    "date": "2022-09-12",
    "home_team": "Arizona Diamondbacks",
    "away_team": "Los Angeles Dodgers",
    "home_score": 0,
    "away_score": 6,
    "status": "Final",
    "game_id": 663324,
    "starting_pitchers": {
      "home": "Ryne Nelson",
      "away": "Tyler Anderson"
    },
    "first_inning_runs": {
      "home": 0,
      "away": 0
    },
    "player_stats": [
      {
        "name": "Jake McCarthy",
        "team": "Unknown",
        "hits": 1,
        "rbi": 0
      },
      {
        "name": "Ketel Marte",
        "team": "Unknown",
        "hits": 2,
        "rbi": 0
      },
      {
        "name": "Daulton Varsho",
        "team": "Unknown",
        "hits": 0,
        "rbi": 0
      },
      {
        "name": "Carson Kelly",
        "team": "Unknown",
        "hits": 0,
        "rbi": 0
      },
      {
        "name": "Jordan Luplow",
        "team": "Unknown",
        "hits": 0,
        "rbi": 0
      },
      {
        "name": "Stone Garrett",
        "team": "Unknown",
        "hits": 1,
        "rbi": 0
      },
      {
        "name": "Geraldo Perdomo",
        "team": "Unknown",
        "hits": 1,
        "rbi": 0
      },
      {
        "name": "Christian Walker",
        "team": "Unknown",
        "hits": 0,
        "rbi": 0
      },
      {
        "name": "Alek Thomas",
        "team": "Unknown",
        "hits": 0,
        "rbi": 0
      },
      {
        "name": "Emmanuel Rivera",
        "team": "Unknown",
        "hits": 0,
        "rbi": 0
      },
      {
        "name": "Will Smith",
        "team": "Unknown",
        "hits": 0,
        "rbi": 0
      },
      {
        "name": "Chris Taylor",
        "team": "Unknown",
        "hits": 0,
        "rbi": 0
      },
      {
        "name": "Max Muncy",
        "team": "Unknown",
        "hits": 1,
        "rbi": 0
      },
      {
        "name": "Freddie Freeman",
        "team": "Unknown",
        "hits": 0,
        "rbi": 0
      },
      {
        "name": "Cody Bellinger",
        "team": "Unknown",
        "hits": 2,
        "rbi": 2
      },
      {
        "name": "Trayce Thompson",
        "team": "Unknown",
        "hits": 1,
        "rbi": 1
      },
      {
        "name": "Mookie Betts",
        "team": "Unknown",
        "hits": 1,
        "rbi": 3
      },
      {
        "name": "Joey Gallo",
        "team": "Unknown",
        "hits": 0,
        "rbi": 0
      },
      {
        "name": "Trea Turner",
        "team": "Unknown",
        "hits": 1,
        "rbi": 0
      },
      {
        "name": "Justin Turner",
        "team": "Unknown",
        "hits": 1,
        "rbi": 0
      }
    ],
    "pitcher_stats": [
      {
        "name": "Kyle Nelson",
        "team": "Unknown",
        "innings_pitched": "0.0",
        "strikeouts": 0,
        "earned_runs": 3
      },
      {
        "name": "Kevin Ginkel",
        "team": "Unknown",
        "innings_pitched": "1.0",
        "strikeouts": 1,
        "earned_runs": 0
      },
      {
        "name": "Ryne Nelson",
        "team": "Unknown",
        "innings_pitched": "6.0",
        "strikeouts": 6,
        "earned_runs": 0
      },
      {
        "name": "Keynan Middleton",
        "team": "Unknown",
        "innings_pitched": "1.0",
        "strikeouts": 1,
        "earned_runs": 3
      },
      {
        "name": "Caleb Smith",
        "team": "Unknown",
        "innings_pitched": "1.0",
        "strikeouts": 1,
        "earned_runs": 0
      },
      {
        "name": "Phil Bickford",
        "team": "Unknown",
        "innings_pitched": "1.0",
        "strikeouts": 2,
        "earned_runs": 0
      },
      {
        "name": "Evan Phillips",
        "team": "Unknown",
        "innings_pitched": "1.0",
        "strikeouts": 1,
        "earned_runs": 0
      },
      {
        "name": "Tyler Anderson",
        "team": "Unknown",
        "innings_pitched": "7.0",
        "strikeouts": 2,
        "earned_runs": 0
      }
    ]
  },
  {
    "date": "2022-09-12",
    "home_team": "San Francisco Giants",
    "away_team": "Atlanta Braves",
    "home_score": 3,
    "away_score": 2,
    "status": "Final",
    "game_id": 662029,
    "starting_pitchers": {
      "home": "Alex Cobb",
      "away": "Spencer Strider"
    },
    "first_inning_runs": {
      "home": 0,
      "away": 0
    },
    "player_stats": [
      {
        "name": "Luis Gonz\u00e1lez",
        "team": "Unknown",
        "hits": 2,
        "rbi": 1
      },
      {
        "name": "Thairo Estrada",
        "team": "Unknown",
        "hits": 3,
        "rbi": 0
      },
      {
        "name": "Austin Wynns",
        "team": "Unknown",
        "hits": 1,
        "rbi": 0
      },
      {
        "name": "Joc Pederson",
        "team": "Unknown",
        "hits": 0,
        "rbi": 0
      },
      {
        "name": "Brandon Crawford",
        "team": "Unknown",
        "hits": 2,
        "rbi": 0
      },
      {
        "name": "Wilmer Flores",
        "team": "Unknown",
        "hits": 0,
        "rbi": 0
      },
      {
        "name": "Lewis Brinson",
        "team": "Unknown",
        "hits": 0,
        "rbi": 0
      },
      {
        "name": "Willie Calhoun",
        "team": "Unknown",
        "hits": 1,
        "rbi": 1
      },
      {
        "name": "LaMonte Wade Jr.",
        "team": "Unknown",
        "hits": 0,
        "rbi": 0
      },
      {
        "name": "Mike Yastrzemski",
        "team": "Unknown",
        "hits": 1,
        "rbi": 0
      },
      {
        "name": "Evan Longoria",
        "team": "Unknown",
        "hits": 0,
        "rbi": 0
      },
      {
        "name": "Michael Harris II",
        "team": "Unknown",
        "hits": 1,
        "rbi": 0
      },
      {
        "name": "Travis d'Arnaud",
        "team": "Unknown",
        "hits": 1,
        "rbi": 0
      },
      {
        "name": "Matt Olson",
        "team": "Unknown",
        "hits": 1,
        "rbi": 0
      },
      {
        "name": "Vaughn Grissom",
        "team": "Unknown",
        "hits": 0,
        "rbi": 0
      },
      {
        "name": "Ronald Acu\u00f1a Jr.",
        "team": "Unknown",
        "hits": 2,
        "rbi": 0
      },
      {
        "name": "Eddie Rosario",
        "team": "Unknown",
        "hits": 3,
        "rbi": 0
      },
      {
        "name": "William Contreras",
        "team": "Unknown",
        "hits": 0,
        "rbi": 0
      },
      {
        "name": "Dansby Swanson",
        "team": "Unknown",
        "hits": 1,
        "rbi": 2
      },
      {
        "name": "Austin Riley",
        "team": "Unknown",
        "hits": 1,
        "rbi": 0
      },
      {
        "name": "Robbie Grossman",
        "team": "Unknown",
        "hits": 0,
        "rbi": 0
      }
    ],
    "pitcher_stats": [
      {
        "name": "Alex Cobb",
        "team": "Unknown",
        "innings_pitched": "7.0",
        "strikeouts": 7,
        "earned_runs": 0
      },
      {
        "name": "Scott Alexander",
        "team": "Unknown",
        "innings_pitched": "1.1",
        "strikeouts": 0,
        "earned_runs": 0
      },
      {
        "name": "Zack Littell",
        "team": "Unknown",
        "innings_pitched": "0.2",
        "strikeouts": 0,
        "earned_runs": 2
      },
      {
        "name": "Spencer Strider",
        "team": "Unknown",
        "innings_pitched": "5.0",
        "strikeouts": 9,
        "earned_runs": 2
      },
      {
        "name": "Dylan Lee",
        "team": "Unknown",
        "innings_pitched": "2.0",
        "strikeouts": 4,
        "earned_runs": 0
      },
      {
        "name": "A.J. Minter",
        "team": "Unknown",
        "innings_pitched": "1.0",
        "strikeouts": 1,
        "earned_runs": 0
      }
    ]
  }
]