[
  {
    "date": "2022-06-19",
    "home_team": "Washington Nationals",
    "away_team": "Philadelphia Phillies",
    "home_score": 9,
    "away_score": 3,
    "status": "Final",
    "game_id": 662553,
    "starting_pitchers": {
      "home": "Jackson Tetreault",
      "away": "Zach Eflin"
    },
    "first_inning_runs": {
      "home": 0,
      "away": 0
    },
    "player_stats": [
      {
        "name": "Maikel Franco",
        "team": "Unknown",
        "hits": 2,
        "rbi": 3
      },
      {
        "name": "Josh Bell",
        "team": "Unknown",
        "hits": 0,
        "rbi": 0
      },
      {
        "name": "Nelson Cruz",
        "team": "Unknown",
        "hits": 1,
        "rbi": 1
      },
      {
        "name": "Juan Soto",
        "team": "Unknown",
        "hits": 1,
        "rbi": 3
      },
      {
        "name": "Yadiel Hernandez",
        "team": "Unknown",
        "hits": 3,
        "rbi": 1
      },
      {
        "name": "Keibert Ruiz",
        "team": "Unknown",
        "hits": 0,
        "rbi": 0
      },
      {
        "name": "Lane Thomas",
        "team": "Unknown",
        "hits": 1,
        "rbi": 0
      },
      {
        "name": "C\u00e9sar Hern\u00e1ndez",
        "team": "Unknown",
        "hits": 1,
        "rbi": 1
      },
      {
        "name": "Luis Garc\u00eda Jr.",
        "team": "Unknown",
        "hits": 3,
        "rbi": 0
      },
      {
        "name": "J.T. Realmuto",
        "team": "Unknown",
        "hits": 1,
        "rbi": 0
      },
      {
        "name": "Nick Castellanos",
        "team": "Unknown",
        "hits": 0,
        "rbi": 0
      },
      {
        "name": "Alec Bohm",
        "team": "Unknown",
        "hits": 0,
        "rbi": 1
      },
      {
        "name": "Bryson Stott",
        "team": "Unknown",
        "hits": 1,
        "rbi": 1
      },
      {
        "name": "Od\u00fabel Herrera",
        "team": "Unknown",
        "hits": 0,
        "rbi": 0
      },
      {
        "name": "Kyle Schwarber",
        "team": "Unknown",
        "hits": 1,
        "rbi": 0
      },
      {
        "name": "Matt Vierling",
        "team": "Unknown",
        "hits": 2,
        "rbi": 0
      },
      {
        "name": "Rhys Hoskins",
        "team": "Unknown",
        "hits": 1,
        "rbi": 0
      },
      {
        "name": "Didi Gregorius",
        "team": "Unknown",
        "hits": 0,
        "rbi": 0
      }
    ],
    "pitcher_stats": [
      {
        "name": "Jackson Tetreault",
        "team": "Unknown",
        "innings_pitched": "7.0",
        "strikeouts": 2,
        "earned_runs": 0
      },
      {
        "name": "Carl Edwards Jr.",
        "team": "Unknown",
        "innings_pitched": "1.0",
        "strikeouts": 2,
        "earned_runs": 0
      },
      {
        "name": "Cory Abbott",
        "team": "Unknown",
        "innings_pitched": "1.0",
        "strikeouts": 1,
        "earned_runs": 0
      },
      {
        "name": "Michael Kelly",
        "team": "Unknown",
        "innings_pitched": "1.0",
        "strikeouts": 1,
        "earned_runs": 0
      },
      {
        "name": "Corey Knebel",
        "team": "Unknown",
        "innings_pitched": "1.1",
        "strikeouts": 0,
        "earned_runs": 2
      },
      {
        "name": "Zach Eflin",
        "team": "Unknown",
        "innings_pitched": "2.0",
        "strikeouts": 2,
        "earned_runs": 4
      },
      {
        "name": "Andrew Bellatti",
        "team": "Unknown",
        "innings_pitched": "1.1",
        "strikeouts": 1,
        "earned_runs": 2
      },
      {
        "name": "Nick Nelson",
        "team": "Unknown",
        "innings_pitched": "2.1",
        "strikeouts": 2,
        "earned_runs": 1
      }
    ]
  },
  {
    "date": "2022-06-19",
    "home_team": "Pittsburgh Pirates",
    "away_team": "San Francisco Giants",
    "home_score": 4,
    "away_score": 3,
    "status": "Final",
    "game_id": 661122,
    "starting_pitchers": {
      "home": "Mitch Keller",
      "away": "Alex Cobb"
    },
    "first_inning_runs": {
      "home": 0,
      "away": 2
    },
    "player_stats": [
      {
        "name": "Bryan Reynolds",
        "team": "Unknown",
        "hits": 1,
        "rbi": 0
      },
      {
        "name": "Daniel Vogelbach",
        "team": "Unknown",
        "hits": 0,
        "rbi": 0
      },
      {
        "name": "Yu Chang",
        "team": "Unknown",
        "hits": 0,
        "rbi": 0
      },
      {
        "name": "Ke'Bryan Hayes",
        "team": "Unknown",
        "hits": 0,
        "rbi": 0
      },
      {
        "name": "Diego Castillo",
        "team": "Unknown",
        "hits": 0,
        "rbi": 0
      },
      {
        "name": "Michael Chavis",
        "team": "Unknown",
        "hits": 1,
        "rbi": 0
      },
      {
        "name": "Cal Mitchell",
        "team": "Unknown",
        "hits": 1,
        "rbi": 0
      },
      {
        "name": "Michael P\u00e9rez",
        "team": "Unknown",
        "hits": 1,
        "rbi": 0
      },
      {
        "name": "Hoy Park",
        "team": "Unknown",
        "hits": 1,
        "rbi": 1
      },
      {
        "name": "Jack Suwinski",
        "team": "Unknown",
        "hits": 3,
        "rbi": 3
      },
      {
        "name": "Luis Gonz\u00e1lez",
        "team": "Unknown",
        "hits": 1,
        "rbi": 0
      },
      {
        "name": "Thairo Estrada",
        "team": "Unknown",
        "hits": 1,
        "rbi": 1
      },
      {
        "name": "Austin Wynns",
        "team": "Unknown",
        "hits": 0,
        "rbi": 0
      },
      {
        "name": "Joc Pederson",
        "team": "Unknown",
        "hits": 1,
        "rbi": 2
      },
      {
        "name": "Darin Ruf",
        "team": "Unknown",
        "hits": 0,
        "rbi": 0
      },
      {
        "name": "Brandon Crawford",
        "team": "Unknown",
        "hits": 1,
        "rbi": 0
      },
      {
        "name": "Wilmer Flores",
        "team": "Unknown",
        "hits": 0,
        "rbi": 0
      },
      {
        "name": "Tommy La Stella",
        "team": "Unknown",
        "hits": 0,
        "rbi": 0
      },
      {
        "name": "Mike Yastrzemski",
        "team": "Unknown",
        "hits": 0,
        "rbi": 0
      },
      {
        "name": "Evan Longoria",
        "team": "Unknown",
        "hits": 0,
        "rbi": 0
      },
      {
        "name": "Brandon Belt",
        "team": "Unknown",
        "hits": 0,
        "rbi": 0
      }
    ],
    "pitcher_stats": [
      {
        "name": "Mitch Keller",
        "team": "Unknown",
        "innings_pitched": "6.0",
        "strikeouts": 4,
        "earned_runs": 1
      },
      {
        "name": "Cam Vieaux",
        "team": "Unknown",
        "innings_pitched": "1.0",
        "strikeouts": 1,
        "earned_runs": 0
      },
      {
        "name": "David Bednar",
        "team": "Unknown",
        "innings_pitched": "2.0",
        "strikeouts": 4,
        "earned_runs": 1
      },
      {
        "name": "Sam Long",
        "team": "Unknown",
        "innings_pitched": "1.2",
        "strikeouts": 1,
        "earned_runs": 1
      },
      {
        "name": "Alex Cobb",
        "team": "Unknown",
        "innings_pitched": "4.0",
        "strikeouts": 2,
        "earned_runs": 2
      },
      {
        "name": "Jarl\u00edn Garc\u00eda",
        "team": "Unknown",
        "innings_pitched": "2.0",
        "strikeouts": 1,
        "earned_runs": 0
      },
      {
        "name": "Tyler Rogers",
        "team": "Unknown",
        "innings_pitched": "0.0",
        "strikeouts": 0,
        "earned_runs": 1
      },
      {
        "name": "Zack Littell",
        "team": "Unknown",
        "innings_pitched": "0.1",
        "strikeouts": 0,
        "earned_runs": 0
      }
    ]
  },
  {
    "date": "2022-06-19",
    "home_team": "Boston Red Sox",
    "away_team": "St. Louis Cardinals",
    "home_score": 6,
    "away_score": 4,
    "status": "Final",
    "game_id": 663254,
    "starting_pitchers": {
      "home": "Nick Pivetta",
      "away": "Andre Pallante"
    },
    "first_inning_runs": {
      "home": 0,
      "away": 0
    },
    "player_stats": [
      {
        "name": "Rob Refsnyder",
        "team": "Unknown",
        "hits": 1,
        "rbi": 1
      },
      {
        "name": "Trevor Story",
        "team": "Unknown",
        "hits": 1,
        "rbi": 1
      },
      {
        "name": "Alex Verdugo",
        "team": "Unknown",
        "hits": 2,
        "rbi": 0
      },
      {
        "name": "Bobby Dalbec",
        "team": "Unknown",
        "hits": 1,
        "rbi": 0
      },
      {
        "name": "J.D. Martinez",
        "team": "Unknown",
        "hits": 0,
        "rbi": 0
      },
      {
        "name": "Rafael Devers",
        "team": "Unknown",
        "hits": 1,
        "rbi": 0
      },
      {
        "name": "Xander Bogaerts",
        "team": "Unknown",
        "hits": 0,
        "rbi": 0
      },
      {
        "name": "Jackie Bradley Jr.",
        "team": "Unknown",
        "hits": 1,
        "rbi": 1
      },
      {
        "name": "Christian V\u00e1zquez",
        "team": "Unknown",
        "hits": 2,
        "rbi": 3
      },
      {
        "name": "Dylan Carlson",
        "team": "Unknown",
        "hits": 0,
        "rbi": 0
      },
      {
        "name": "Albert Pujols",
        "team": "Unknown",
        "hits": 0,
        "rbi": 0
      },
      {
        "name": "Nolan Arenado",
        "team": "Unknown",
        "hits": 0,
        "rbi": 0
      },
      {
        "name": "Tyler O'Neill",
        "team": "Unknown",
        "hits": 3,
        "rbi": 0
      },
      {
        "name": "Paul Goldschmidt",
        "team": "Unknown",
        "hits": 1,
        "rbi": 0
      },
      {
        "name": "Tommy Edman",
        "team": "Unknown",
        "hits": 1,
        "rbi": 0
      },
      {
        "name": "Brendan Donovan",
        "team": "Unknown",
        "hits": 0,
        "rbi": 0
      },
      {
        "name": "Harrison Bader",
        "team": "Unknown",
        "hits": 1,
        "rbi": 1
      },
      {
        "name": "Juan Yepez",
        "team": "Unknown",
        "hits": 1,
        "rbi": 3
      },
      {
        "name": "Iv\u00e1n Herrera",
        "team": "Unknown",
        "hits": 0,
        "rbi": 0
      }
    ],
    "pitcher_stats": [
      {
        "name": "Tyler Danish",
        "team": "Unknown",
        "innings_pitched": "0.2",
        "strikeouts": 0,
        "earned_runs": 3
      },
      {
        "name": "Nick Pivetta",
        "team": "Unknown",
        "innings_pitched": "7.0",
        "strikeouts": 10,
        "earned_runs": 1
      },
      {
        "name": "Tanner Houck",
        "team": "Unknown",
        "innings_pitched": "0.1",
        "strikeouts": 1,
        "earned_runs": 0
      },
      {
        "name": "John Schreiber",
        "team": "Unknown",
        "innings_pitched": "1.0",
        "strikeouts": 3,
        "earned_runs": 0
      },
      {
        "name": "Andre Pallante",
        "team": "Unknown",
        "innings_pitched": "5.2",
        "strikeouts": 4,
        "earned_runs": 2
      },
      {
        "name": "Drew VerHagen",
        "team": "Unknown",
        "innings_pitched": "1.1",
        "strikeouts": 3,
        "earned_runs": 3
      },
      {
        "name": "G\u00e9nesis Cabrera",
        "team": "Unknown",
        "innings_pitched": "1.0",
        "strikeouts": 1,
        "earned_runs": 1
      }
    ]
  },
  {
    "date": "2022-06-19",
    "home_team": "Baltimore Orioles",
    "away_team": "Tampa Bay Rays",
    "home_score": 2,
    "away_score": 1,
    "status": "Final",
    "game_id": 661074,
    "starting_pitchers": {
      "home": "Austin Voth",
      "away": "Corey Kluber"
    },
    "first_inning_runs": {
      "home": 1,
      "away": 0
    },
    "player_stats": [
      {
        "name": "Jorge Mateo",
        "team": "Unknown",
        "hits": 0,
        "rbi": 0
      },
      {
        "name": "Anthony Santander",
        "team": "Unknown",
        "hits": 2,
        "rbi": 1
      },
      {
        "name": "Ryan McKenna",
        "team": "Unknown",
        "hits": 1,
        "rbi": 0
      },
      {
        "name": "Ryan Mountcastle",
        "team": "Unknown",
        "hits": 0,
        "rbi": 0
      },
      {
        "name": "Adley Rutschman",
        "team": "Unknown",
        "hits": 0,
        "rbi": 0
      },
      {
        "name": "Tyler Nevin",
        "team": "Unknown",
        "hits": 0,
        "rbi": 0
      },
      {
        "name": "Rougned Odor",
        "team": "Unknown",
        "hits": 0,
        "rbi": 0
      },
      {
        "name": "Austin Hays",
        "team": "Unknown",
        "hits": 0,
        "rbi": 0
      },
      {
        "name": "Cedric Mullins",
        "team": "Unknown",
        "hits": 1,
        "rbi": 1
      },
      {
        "name": "Brett Phillips",
        "team": "Unknown",
        "hits": 2,
        "rbi": 0
      },
      {
        "name": "Taylor Walls",
        "team": "Unknown",
        "hits": 1,
        "rbi": 1
      },
      {
        "name": "Isaac Paredes",
        "team": "Unknown",
        "hits": 0,
        "rbi": 0
      },
      {
        "name": "Harold Ram\u00edrez",
        "team": "Unknown",
        "hits": 1,
        "rbi": 0
      },
      {
        "name": "Francisco Mej\u00eda",
        "team": "Unknown",
        "hits": 1,
        "rbi": 0
      },
      {
        "name": "Randy Arozarena",
        "team": "Unknown",
        "hits": 0,
        "rbi": 0
      },
      {
        "name": "Ji Man Choi",
        "team": "Unknown",
        "hits": 0,
        "rbi": 0
      },
      {
        "name": "Kevin Kiermaier",
        "team": "Unknown",
        "hits": 2,
        "rbi": 0
      },
      {
        "name": "Manuel Margot",
        "team": "Unknown",
        "hits": 0,
        "rbi": 0
      },
      {
        "name": "Yandy D\u00edaz",
        "team": "Unknown",
        "hits": 0,
        "rbi": 0
      },
      {
        "name": "Vidal Bruj\u00e1n",
        "team": "Unknown",
        "hits": 2,
        "rbi": 0
      }
    ],
    "pitcher_stats": [
      {
        "name": "Mike Baumann",
        "team": "Unknown",
        "innings_pitched": "1.0",
        "strikeouts": 1,
        "earned_runs": 0
      },
      {
        "name": "Austin Voth",
        "team": "Unknown",
        "innings_pitched": "2.2",
        "strikeouts": 4,
        "earned_runs": 0
      },
      {
        "name": "Nick Vespi",
        "team": "Unknown",
        "innings_pitched": "1.1",
        "strikeouts": 2,
        "earned_runs": 0
      },
      {
        "name": "Cionel P\u00e9rez",
        "team": "Unknown",
        "innings_pitched": "0.2",
        "strikeouts": 0,
        "earned_runs": 0
      },
      {
        "name": "F\u00e9lix Bautista",
        "team": "Unknown",
        "innings_pitched": "1.0",
        "strikeouts": 1,
        "earned_runs": 0
      },
      {
        "name": "Bryan Baker",
        "team": "Unknown",
        "innings_pitched": "1.0",
        "strikeouts": 1,
        "earned_runs": 1
      },
      {
        "name": "Jorge L\u00f3pez",
        "team": "Unknown",
        "innings_pitched": "1.1",
        "strikeouts": 0,
        "earned_runs": 0
      },
      {
        "name": "Luke Bard",
        "team": "Unknown",
        "innings_pitched": "2.0",
        "strikeouts": 1,
        "earned_runs": 0
      },
      {
        "name": "Corey Kluber",
        "team": "Unknown",
        "innings_pitched": "6.0",
        "strikeouts": 6,
        "earned_runs": 2
      }
    ]
  },
  {
    "date": "2022-06-19",
    "home_team": "Toronto Blue Jays",
    "away_team": "New York Yankees",
    "home_score": 10,
    "away_score": 9,
    "status": "Final",
    "game_id": 661741,
    "starting_pitchers": {
      "home": "Yusei Kikuchi",
      "away": "Luis Severino"
    },
    "first_inning_runs": {
      "home": 2,
      "away": 0
    },
    "player_stats": [
      {
        "name": "Bo Bichette",
        "team": "Unknown",
        "hits": 1,
        "rbi": 0
      },
      {
        "name": "Matt Chapman",
        "team": "Unknown",
        "hits": 0,
        "rbi": 0
      },
      {
        "name": "Santiago Espinal",
        "team": "Unknown",
        "hits": 0,
        "rbi": 0
      },
      {
        "name": "George Springer",
        "team": "Unknown",
        "hits": 1,
        "rbi": 1
      },
      {
        "name": "Teoscar Hern\u00e1ndez",
        "team": "Unknown",
        "hits": 1,
        "rbi": 3
      },
      {
        "name": "Lourdes Gurriel Jr.",
        "team": "Unknown",
        "hits": 1,
        "rbi": 4
      },
      {
        "name": "Vladimir Guerrero Jr.",
        "team": "Unknown",
        "hits": 2,
        "rbi": 2
      },
      {
        "name": "Raimel Tapia",
        "team": "Unknown",
        "hits": 1,
        "rbi": 0
      },
      {
        "name": "Alejandro Kirk",
        "team": "Unknown",
        "hits": 0,
        "rbi": 0
      },
      {
        "name": "DJ LeMahieu",
        "team": "Unknown",
        "hits": 1,
        "rbi": 0
      },
      {
        "name": "Anthony Rizzo",
        "team": "Unknown",
        "hits": 1,
        "rbi": 1
      },
      {
        "name": "Aaron Judge",
        "team": "Unknown",
        "hits": 1,
        "rbi": 1
      },
      {
        "name": "Aaron Hicks",
        "team": "Unknown",
        "hits": 1,
        "rbi": 0
      },
      {
        "name": "Kyle Higashioka",
        "team": "Unknown",
        "hits": 1,
        "rbi": 1
      },
      {
        "name": "Josh Donaldson",
        "team": "Unknown",
        "hits": 1,
        "rbi": 2
      },
      {
        "name": "Gleyber Torres",
        "team": "Unknown",
        "hits": 3,
        "rbi": 3
      },
      {
        "name": "Giancarlo Stanton",
        "team": "Unknown",
        "hits": 0,
        "rbi": 0
      },
      {
        "name": "Joey Gallo",
        "team": "Unknown",
        "hits": 0,
        "rbi": 0
      },
      {
        "name": "Marwin Gonzalez",
        "team": "Unknown",
        "hits": 2,
        "rbi": 1
      }
    ],
    "pitcher_stats": [
      {
        "name": "Max Castillo",
        "team": "Unknown",
        "innings_pitched": "1.0",
        "strikeouts": 1,
        "earned_runs": 2
      },
      {
        "name": "Tim Mayza",
        "team": "Unknown",
        "innings_pitched": "0.0",
        "strikeouts": 0,
        "earned_runs": 1
      },
      {
        "name": "Yimi Garc\u00eda",
        "team": "Unknown",
        "innings_pitched": "1.1",
        "strikeouts": 3,
        "earned_runs": 0
      },
      {
        "name": "Yusei Kikuchi",
        "team": "Unknown",
        "innings_pitched": "4.0",
        "strikeouts": 5,
        "earned_runs": 3
      },
      {
        "name": "Adam Cimber",
        "team": "Unknown",
        "innings_pitched": "1.0",
        "strikeouts": 2,
        "earned_runs": 3
      },
      {
        "name": "Jordan Romano",
        "team": "Unknown",
        "innings_pitched": "1.2",
        "strikeouts": 2,
        "earned_runs": 0
      },
      {
        "name": "Luis Severino",
        "team": "Unknown",
        "innings_pitched": "5.0",
        "strikeouts": 9,
        "earned_runs": 5
      },
      {
        "name": "Wandy Peralta",
        "team": "Unknown",
        "innings_pitched": "1.0",
        "strikeouts": 0,
        "earned_runs": 3
      },
      {
        "name": "Miguel Castro",
        "team": "Unknown",
        "innings_pitched": "0.2",
        "strikeouts": 1,
        "earned_runs": 2
      },
      {
        "name": "Ron Marinaccio",
        "team": "Unknown",
        "innings_pitched": "1.1",
        "strikeouts": 1,
        "earned_runs": 0
      }
    ]
  },
  {
    "date": "2022-06-19",
    "home_team": "Detroit Tigers",
    "away_team": "Texas Rangers",
    "home_score": 7,
    "away_score": 3,
    "status": "Final",
    "game_id": 662807,
    "starting_pitchers": {
      "home": "Drew Hutchison",
      "away": "Dane Dunning"
    },
    "first_inning_runs": {
      "home": 3,
      "away": 1
    },
    "player_stats": [
      {
        "name": "Kody Clemens",
        "team": "Unknown",
        "hits": 0,
        "rbi": 0
      },
      {
        "name": "Tucker Barnhart",
        "team": "Unknown",
        "hits": 0,
        "rbi": 1
      },
      {
        "name": "Javier B\u00e1ez",
        "team": "Unknown",
        "hits": 1,
        "rbi": 0
      },
      {
        "name": "Riley Greene",
        "team": "Unknown",
        "hits": 0,
        "rbi": 0
      },
      {
        "name": "Victor Reyes",
        "team": "Unknown",
        "hits": 2,
        "rbi": 0
      },
      {
        "name": "Jonathan Schoop",
        "team": "Unknown",
        "hits": 1,
        "rbi": 0
      },
      {
        "name": "Harold Castro",
        "team": "Unknown",
        "hits": 0,
        "rbi": 0
      },
      {
        "name": "Spencer Torkelson",
        "team": "Unknown",
        "hits": 2,
        "rbi": 2
      },
      {
        "name": "Eric Haase",
        "team": "Unknown",
        "hits": 0,
        "rbi": 0
      },
      {
        "name": "Robbie Grossman",
        "team": "Unknown",
        "hits": 2,
        "rbi": 4
      },
      {
        "name": "Jonah Heim",
        "team": "Unknown",
        "hits": 0,
        "rbi": 0
      },
      {
        "name": "Leody Taveras",
        "team": "Unknown",
        "hits": 1,
        "rbi": 0
      },
      {
        "name": "Nathaniel Lowe",
        "team": "Unknown",
        "hits": 1,
        "rbi": 1
      },
      {
        "name": "Corey Seager",
        "team": "Unknown",
        "hits": 1,
        "rbi": 1
      },
      {
        "name": "Brad Miller",
        "team": "Unknown",
        "hits": 0,
        "rbi": 0
      },
      {
        "name": "Marcus Semien",
        "team": "Unknown",
        "hits": 1,
        "rbi": 0
      },
      {
        "name": "Ezequiel Duran",
        "team": "Unknown",
        "hits": 0,
        "rbi": 0
      },
      {
        "name": "Kole Calhoun",
        "team": "Unknown",
        "hits": 0,
        "rbi": 0
      },
      {
        "name": "Charlie Culberson",
        "team": "Unknown",
        "hits": 0,
        "rbi": 0
      },
      {
        "name": "Adolis Garc\u00eda",
        "team": "Unknown",
        "hits": 1,
        "rbi": 1
      }
    ],
    "pitcher_stats": [
      {
        "name": "Drew Hutchison",
        "team": "Unknown",
        "innings_pitched": "4.2",
        "strikeouts": 1,
        "earned_runs": 3
      },
      {
        "name": "Gregory Soto",
        "team": "Unknown",
        "innings_pitched": "1.0",
        "strikeouts": 1,
        "earned_runs": 0
      },
      {
        "name": "Andrew Chafin",
        "team": "Unknown",
        "innings_pitched": "1.0",
        "strikeouts": 3,
        "earned_runs": 0
      },
      {
        "name": "Wily Peralta",
        "team": "Unknown",
        "innings_pitched": "1.0",
        "strikeouts": 1,
        "earned_runs": 0
      },
      {
        "name": "Michael Fulmer",
        "team": "Unknown",
        "innings_pitched": "1.0",
        "strikeouts": 1,
        "earned_runs": 0
      },
      {
        "name": "Alex Lange",
        "team": "Unknown",
        "innings_pitched": "0.1",
        "strikeouts": 0,
        "earned_runs": 0
      },
      {
        "name": "Dane Dunning",
        "team": "Unknown",
        "innings_pitched": "4.2",
        "strikeouts": 2,
        "earned_runs": 5
      },
      {
        "name": "Matt Moore",
        "team": "Unknown",
        "innings_pitched": "2.0",
        "strikeouts": 3,
        "earned_runs": 0
      },
      {
        "name": "Matt Bush",
        "team": "Unknown",
        "innings_pitched": "1.0",
        "strikeouts": 1,
        "earned_runs": 2
      },
      {
        "name": "Dennis Santana",
        "team": "Unknown",
        "innings_pitched": "0.1",
        "strikeouts": 1,
        "earned_runs": 0
      }
    ]
  },
  {
    "date": "2022-06-19",
    "home_team": "New York Mets",
    "away_team": "Miami Marlins",
    "home_score": 2,
    "away_score": 6,
    "status": "Final",
    "game_id": 662532,
    "starting_pitchers": {
      "home": "Chris Bassitt",
      "away": "Sandy Alcantara"
    },
    "first_inning_runs": {
      "home": 0,
      "away": 0
    },
    "player_stats": [
      {
        "name": "Tom\u00e1s Nido",
        "team": "Unknown",
        "hits": 1,
        "rbi": 0
      },
      {
        "name": "Luis Guillorme",
        "team": "Unknown",
        "hits": 1,
        "rbi": 1
      },
      {
        "name": "Jeff McNeil",
        "team": "Unknown",
        "hits": 1,
        "rbi": 0
      },
      {
        "name": "Eduardo Escobar",
        "team": "Unknown",
        "hits": 0,
        "rbi": 0
      },
      {
        "name": "Mark Canha",
        "team": "Unknown",
        "hits": 0,
        "rbi": 0
      },
      {
        "name": "Pete Alonso",
        "team": "Unknown",
        "hits": 1,
        "rbi": 0
      },
      {
        "name": "Starling Marte",
        "team": "Unknown",
        "hits": 1,
        "rbi": 0
      },
      {
        "name": "Francisco Lindor",
        "team": "Unknown",
        "hits": 1,
        "rbi": 1
      },
      {
        "name": "Brandon Nimmo",
        "team": "Unknown",
        "hits": 0,
        "rbi": 0
      },
      {
        "name": "Nick Plummer",
        "team": "Unknown",
        "hits": 0,
        "rbi": 0
      },
      {
        "name": "J.D. Davis",
        "team": "Unknown",
        "hits": 0,
        "rbi": 0
      },
      {
        "name": "Jerar Encarnacion",
        "team": "Unknown",
        "hits": 1,
        "rbi": 4
      },
      {
        "name": "Bryan De La Cruz",
        "team": "Unknown",
        "hits": 1,
        "rbi": 0
      },
      {
        "name": "Luke Williams",
        "team": "Unknown",
        "hits": 0,
        "rbi": 0
      },
      {
        "name": "Jacob Stallings",
        "team": "Unknown",
        "hits": 1,
        "rbi": 0
      },
      {
        "name": "Jon Berti",
        "team": "Unknown",
        "hits": 1,
        "rbi": 1
      },
      {
        "name": "Avisa\u00edl Garc\u00eda",
        "team": "Unknown",
        "hits": 0,
        "rbi": 0
      },
      {
        "name": "Jazz Chisholm Jr.",
        "team": "Unknown",
        "hits": 2,
        "rbi": 1
      },
      {
        "name": "Miguel Rojas",
        "team": "Unknown",
        "hits": 2,
        "rbi": 0
      },
      {
        "name": "Lewin D\u00edaz",
        "team": "Unknown",
        "hits": 0,
        "rbi": 0
      }
    ],
    "pitcher_stats": [
      {
        "name": "Joely Rodr\u00edguez",
        "team": "Unknown",
        "innings_pitched": "0.1",
        "strikeouts": 1,
        "earned_runs": 0
      },
      {
        "name": "Chris Bassitt",
        "team": "Unknown",
        "innings_pitched": "6.1",
        "strikeouts": 9,
        "earned_runs": 3
      },
      {
        "name": "Tommy Hunter",
        "team": "Unknown",
        "innings_pitched": "1.2",
        "strikeouts": 2,
        "earned_runs": 0
      },
      {
        "name": "Seth Lugo",
        "team": "Unknown",
        "innings_pitched": "0.2",
        "strikeouts": 0,
        "earned_runs": 2
      },
      {
        "name": "Sandy Alcantara",
        "team": "Unknown",
        "innings_pitched": "8.0",
        "strikeouts": 8,
        "earned_runs": 2
      },
      {
        "name": "Tanner Scott",
        "team": "Unknown",
        "innings_pitched": "1.0",
        "strikeouts": 1,
        "earned_runs": 0
      }
    ]
  },
  {
    "date": "2022-06-19",
    "home_team": "Cincinnati Reds",
    "away_team": "Milwaukee Brewers",
    "home_score": 3,
    "away_score": 6,
    "status": "Final",
    "game_id": 663061,
    "starting_pitchers": {
      "home": "Mike Minor",
      "away": "Adrian Houser"
    },
    "first_inning_runs": {
      "home": 0,
      "away": 0
    },
    "player_stats": [
      {
        "name": "Jonathan India",
        "team": "Unknown",
        "hits": 0,
        "rbi": 0
      },
      {
        "name": "Max Schrock",
        "team": "Unknown",
        "hits": 0,
        "rbi": 0
      },
      {
        "name": "Albert Almora Jr.",
        "team": "Unknown",
        "hits": 1,
        "rbi": 2
      },
      {
        "name": "Brandon Drury",
        "team": "Unknown",
        "hits": 2,
        "rbi": 0
      },
      {
        "name": "Tommy Pham",
        "team": "Unknown",
        "hits": 1,
        "rbi": 0
      },
      {
        "name": "Nick Senzel",
        "team": "Unknown",
        "hits": 0,
        "rbi": 0
      },
      {
        "name": "Joey Votto",
        "team": "Unknown",
        "hits": 1,
        "rbi": 0
      },
      {
        "name": "Kyle Farmer",
        "team": "Unknown",
        "hits": 0,
        "rbi": 1
      },
      {
        "name": "Mike Moustakas",
        "team": "Unknown",
        "hits": 1,
        "rbi": 0
      },
      {
        "name": "Aramis Garcia",
        "team": "Unknown",
        "hits": 0,
        "rbi": 0
      },
      {
        "name": "Luis Ur\u00edas",
        "team": "Unknown",
        "hits": 1,
        "rbi": 1
      },
      {
        "name": "Keston Hiura",
        "team": "Unknown",
        "hits": 1,
        "rbi": 0
      },
      {
        "name": "Tyrone Taylor",
        "team": "Unknown",
        "hits": 0,
        "rbi": 0
      },
      {
        "name": "Victor Caratini",
        "team": "Unknown",
        "hits": 2,
        "rbi": 2
      },
      {
        "name": "Mark Mathias",
        "team": "Unknown",
        "hits": 0,
        "rbi": 1
      },
      {
        "name": "Christian Yelich",
        "team": "Unknown",
        "hits": 0,
        "rbi": 0
      },
      {
        "name": "Hunter Renfroe",
        "team": "Unknown",
        "hits": 1,
        "rbi": 2
      },
      {
        "name": "Andrew McCutchen",
        "team": "Unknown",
        "hits": 2,
        "rbi": 0
      },
      {
        "name": "Willy Adames",
        "team": "Unknown",
        "hits": 1,
        "rbi": 0
      }
    ],
    "pitcher_stats": [
      {
        "name": "Mike Minor",
        "team": "Unknown",
        "innings_pitched": "6.0",
        "strikeouts": 4,
        "earned_runs": 4
      },
      {
        "name": "Joel Kuhnel",
        "team": "Unknown",
        "innings_pitched": "1.0",
        "strikeouts": 1,
        "earned_runs": 2
      },
      {
        "name": "Jeff Hoffman",
        "team": "Unknown",
        "innings_pitched": "1.0",
        "strikeouts": 0,
        "earned_runs": 0
      },
      {
        "name": "Dauri Moreta",
        "team": "Unknown",
        "innings_pitched": "1.0",
        "strikeouts": 2,
        "earned_runs": 0
      },
      {
        "name": "Hoby Milner",
        "team": "Unknown",
        "innings_pitched": "0.1",
        "strikeouts": 1,
        "earned_runs": 0
      },
      {
        "name": "Devin Williams",
        "team": "Unknown",
        "innings_pitched": "1.0",
        "strikeouts": 2,
        "earned_runs": 0
      },
      {
        "name": "Trevor Kelley",
        "team": "Unknown",
        "innings_pitched": "0.2",
        "strikeouts": 0,
        "earned_runs": 0
      },
      {
        "name": "Brad Boxberger",
        "team": "Unknown",
        "innings_pitched": "1.0",
        "strikeouts": 0,
        "earned_runs": 0
      },
      {
        "name": "Adrian Houser",
        "team": "Unknown",
        "innings_pitched": "6.0",
        "strikeouts": 5,
        "earned_runs": 3
      }
    ]
  },
  {
    "date": "2022-06-19",
    "home_team": "Chicago Cubs",
    "away_team": "Atlanta Braves",
    "home_score": 0,
    "away_score": 6,
    "status": "Final",
    "game_id": 663218,
    "starting_pitchers": {
      "home": "Kyle Hendricks",
      "away": "Ian Anderson"
    },
    "first_inning_runs": {
      "home": 0,
      "away": 3
    },
    "player_stats": [
      {
        "name": "Willson Contreras",
        "team": "Unknown",
        "hits": 1,
        "rbi": 0
      },
      {
        "name": "Christopher Morel",
        "team": "Unknown",
        "hits": 0,
        "rbi": 0
      },
      {
        "name": "Ian Happ",
        "team": "Unknown",
        "hits": 2,
        "rbi": 0
      },
      {
        "name": "Patrick Wisdom",
        "team": "Unknown",
        "hits": 0,
        "rbi": 0
      },
      {
        "name": "Jason Heyward",
        "team": "Unknown",
        "hits": 0,
        "rbi": 0
      },
      {
        "name": "Alfonso Rivas III",
        "team": "Unknown",
        "hits": 1,
        "rbi": 0
      },
      {
        "name": "Yan Gomes",
        "team": "Unknown",
        "hits": 1,
        "rbi": 0
      },
      {
        "name": "Jonathan Villar",
        "team": "Unknown",
        "hits": 1,
        "rbi": 0
      },
      {
        "name": "Nico Hoerner",
        "team": "Unknown",
        "hits": 0,
        "rbi": 0
      },
      {
        "name": "Adam Duvall",
        "team": "Unknown",
        "hits": 0,
        "rbi": 0
      },
      {
        "name": "Michael Harris II",
        "team": "Unknown",
        "hits": 1,
        "rbi": 1
      },
      {
        "name": "Travis d'Arnaud",
        "team": "Unknown",
        "hits": 1,
        "rbi": 3
      },
      {
        "name": "Matt Olson",
        "team": "Unknown",
        "hits": 3,
        "rbi": 1
      },
      {
        "name": "Phil Gosselin",
        "team": "Unknown",
        "hits": 0,
        "rbi": 0
      },
      {
        "name": "Ronald Acu\u00f1a Jr.",
        "team": "Unknown",
        "hits": 0,
        "rbi": 0
      },
      {
        "name": "William Contreras",
        "team": "Unknown",
        "hits": 0,
        "rbi": 0
      },
      {
        "name": "Dansby Swanson",
        "team": "Unknown",
        "hits": 2,
        "rbi": 0
      },
      {
        "name": "Austin Riley",
        "team": "Unknown",
        "hits": 2,
        "rbi": 1
      }
    ],
    "pitcher_stats": [
      {
        "name": "Adrian Sampson",
        "team": "Unknown",
        "innings_pitched": "4.2",
        "strikeouts": 5,
        "earned_runs": 0
      },
      {
        "name": "Kyle Hendricks",
        "team": "Unknown",
        "innings_pitched": "4.1",
        "strikeouts": 6,
        "earned_runs": 6
      },
      {
        "name": "Ian Anderson",
        "team": "Unknown",
        "innings_pitched": "6.2",
        "strikeouts": 6,
        "earned_runs": 0
      },
      {
        "name": "Jesse Chavez",
        "team": "Unknown",
        "innings_pitched": "1.0",
        "strikeouts": 2,
        "earned_runs": 0
      },
      {
        "name": "Kenley Jansen",
        "team": "Unknown",
        "innings_pitched": "1.0",
        "strikeouts": 0,
        "earned_runs": 0
      },
      {
        "name": "A.J. Minter",
        "team": "Unknown",
        "innings_pitched": "0.1",
        "strikeouts": 0,
        "earned_runs": 0
      }
    ]
  },
  {
    "date": "2022-06-19",
    "home_team": "Colorado Rockies",
    "away_team": "San Diego Padres",
    "home_score": 8,
    "away_score": 3,
    "status": "Final",
    "game_id": 662998,
    "starting_pitchers": {
      "home": "Antonio Senzatela",
      "away": "Blake Snell"
    },
    "first_inning_runs": {
      "home": 0,
      "away": 0
    },
    "player_stats": [
      {
        "name": "Brendan Rodgers",
        "team": "Unknown",
        "hits": 1,
        "rbi": 1
      },
      {
        "name": "Yonathan Daza",
        "team": "Unknown",
        "hits": 1,
        "rbi": 0
      },
      {
        "name": "Randal Grichuk",
        "team": "Unknown",
        "hits": 1,
        "rbi": 3
      },
      {
        "name": "Ryan McMahon",
        "team": "Unknown",
        "hits": 0,
        "rbi": 0
      },
      {
        "name": "Garrett Hampson",
        "team": "Unknown",
        "hits": 1,
        "rbi": 0
      },
      {
        "name": "C.J. Cron",
        "team": "Unknown",
        "hits": 3,
        "rbi": 1
      },
      {
        "name": "Charlie Blackmon",
        "team": "Unknown",
        "hits": 1,
        "rbi": 0
      },
      {
        "name": "Sean Bouchard",
        "team": "Unknown",
        "hits": 0,
        "rbi": 0
      },
      {
        "name": "Elias D\u00edaz",
        "team": "Unknown",
        "hits": 2,
        "rbi": 3
      },
      {
        "name": "Jurickson Profar",
        "team": "Unknown",
        "hits": 1,
        "rbi": 0
      },
      {
        "name": "Sergio Alc\u00e1ntara",
        "team": "Unknown",
        "hits": 0,
        "rbi": 0
      },
      {
        "name": "Manny Machado",
        "team": "Unknown",
        "hits": 0,
        "rbi": 0
      },
      {
        "name": "Luke Voit",
        "team": "Unknown",
        "hits": 2,
        "rbi": 1
      },
      {
        "name": "Nomar Mazara",
        "team": "Unknown",
        "hits": 2,
        "rbi": 0
      },
      {
        "name": "Trent Grisham",
        "team": "Unknown",
        "hits": 1,
        "rbi": 0
      },
      {
        "name": "Jake Cronenworth",
        "team": "Unknown",
        "hits": 2,
        "rbi": 0
      },
      {
        "name": "Ha-Seong Kim",
        "team": "Unknown",
        "hits": 1,
        "rbi": 0
      },
      {
        "name": "Austin Nola",
        "team": "Unknown",
        "hits": 1,
        "rbi": 2
      },
      {
        "name": "Jorge Alfaro",
        "team": "Unknown",
        "hits": 0,
        "rbi": 0
      },
      {
        "name": "Eric Hosmer",
        "team": "Unknown",
        "hits": 0,
        "rbi": 0
      }
    ],
    "pitcher_stats": [
      {
        "name": "Robert Stephenson",
        "team": "Unknown",
        "innings_pitched": "1.1",
        "strikeouts": 1,
        "earned_runs": 2
      },
      {
        "name": "Carlos Est\u00e9vez",
        "team": "Unknown",
        "innings_pitched": "1.0",
        "strikeouts": 0,
        "earned_runs": 0
      },
      {
        "name": "Antonio Senzatela",
        "team": "Unknown",
        "innings_pitched": "6.0",
        "strikeouts": 3,
        "earned_runs": 1
      },
      {
        "name": "Lucas Gilbreath",
        "team": "Unknown",
        "innings_pitched": "0.2",
        "strikeouts": 1,
        "earned_runs": 0
      },
      {
        "name": "Steven Wilson",
        "team": "Unknown",
        "innings_pitched": "0.1",
        "strikeouts": 0,
        "earned_runs": 1
      },
      {
        "name": "Craig Stammen",
        "team": "Unknown",
        "innings_pitched": "0.2",
        "strikeouts": 1,
        "earned_runs": 0
      },
      {
        "name": "Tim Hill",
        "team": "Unknown",
        "innings_pitched": "1.0",
        "strikeouts": 1,
        "earned_runs": 0
      },
      {
        "name": "Adrian Morejon",
        "team": "Unknown",
        "innings_pitched": "1.1",
        "strikeouts": 0,
        "earned_runs": 2
      },
      {
        "name": "Blake Snell",
        "team": "Unknown",
        "innings_pitched": "4.2",
        "strikeouts": 5,
        "earned_runs": 4
      }
    ]
  },
  {
    "date": "2022-06-19",
    "home_team": "Oakland Athletics",
    "away_team": "Kansas City Royals",
    "home_score": 4,
    "away_score": 0,
    "status": "Final",
    "game_id": 662361,
    "starting_pitchers": {
      "home": "Jared Koenig",
      "away": "Brady Singer"
    },
    "first_inning_runs": {
      "home": 1,
      "away": 0
    },
    "player_stats": [
      {
        "name": "Luis Barrera",
        "team": "Unknown",
        "hits": 2,
        "rbi": 0
      },
      {
        "name": "Jonah Bride",
        "team": "Unknown",
        "hits": 1,
        "rbi": 0
      },
      {
        "name": "Cristian Pache",
        "team": "Unknown",
        "hits": 0,
        "rbi": 0
      },
      {
        "name": "Seth Brown",
        "team": "Unknown",
        "hits": 3,
        "rbi": 1
      },
      {
        "name": "Jed Lowrie",
        "team": "Unknown",
        "hits": 0,
        "rbi": 0
      },
      {
        "name": "Ram\u00f3n Laureano",
        "team": "Unknown",
        "hits": 0,
        "rbi": 0
      },
      {
        "name": "Tony Kemp",
        "team": "Unknown",
        "hits": 0,
        "rbi": 0
      },
      {
        "name": "Sean Murphy",
        "team": "Unknown",
        "hits": 3,
        "rbi": 3
      },
      {
        "name": "Elvis Andrus",
        "team": "Unknown",
        "hits": 0,
        "rbi": 0
      },
      {
        "name": "Salvador Perez",
        "team": "Unknown",
        "hits": 0,
        "rbi": 0
      },
      {
        "name": "Nicky Lopez",
        "team": "Unknown",
        "hits": 0,
        "rbi": 0
      },
      {
        "name": "Whit Merrifield",
        "team": "Unknown",
        "hits": 0,
        "rbi": 0
      },
      {
        "name": "MJ Melendez",
        "team": "Unknown",
        "hits": 2,
        "rbi": 0
      },
      {
        "name": "Andrew Benintendi",
        "team": "Unknown",
        "hits": 0,
        "rbi": 0
      },
      {
        "name": "Hunter Dozier",
        "team": "Unknown",
        "hits": 1,
        "rbi": 0
      },
      {
        "name": "Michael A. Taylor",
        "team": "Unknown",
        "hits": 0,
        "rbi": 0
      },
      {
        "name": "Carlos Santana",
        "team": "Unknown",
        "hits": 0,
        "rbi": 0
      },
      {
        "name": "Emmanuel Rivera",
        "team": "Unknown",
        "hits": 0,
        "rbi": 0
      },
      {
        "name": "Bobby Witt Jr.",
        "team": "Unknown",
        "hits": 0,
        "rbi": 0
      }
    ],
    "pitcher_stats": [
      {
        "name": "Zach Jackson",
        "team": "Unknown",
        "innings_pitched": "1.0",
        "strikeouts": 0,
        "earned_runs": 0
      },
      {
        "name": "Sam Moll",
        "team": "Unknown",
        "innings_pitched": "1.0",
        "strikeouts": 1,
        "earned_runs": 0
      },
      {
        "name": "Domingo Acevedo",
        "team": "Unknown",
        "innings_pitched": "1.1",
        "strikeouts": 3,
        "earned_runs": 0
      },
      {
        "name": "Jared Koenig",
        "team": "Unknown",
        "innings_pitched": "5.2",
        "strikeouts": 0,
        "earned_runs": 0
      },
      {
        "name": "Jose Cuas",
        "team": "Unknown",
        "innings_pitched": "0.1",
        "strikeouts": 0,
        "earned_runs": 1
      },
      {
        "name": "Brady Singer",
        "team": "Unknown",
        "innings_pitched": "5.1",
        "strikeouts": 4,
        "earned_runs": 3
      },
      {
        "name": "Matt Peacock",
        "team": "Unknown",
        "innings_pitched": "2.1",
        "strikeouts": 1,
        "earned_runs": 0
      }
    ]
  },
  {
    "date": "2022-06-19",
    "home_team": "Los Angeles Dodgers",
    "away_team": "Cleveland Guardians",
    "home_score": 3,
    "away_score": 5,
    "status": "Final",
    "game_id": 662590,
    "starting_pitchers": {
      "home": "Andrew Heaney",
      "away": "Shane Bieber"
    },
    "first_inning_runs": {
      "home": 0,
      "away": 0
    },
    "player_stats": [
      {
        "name": "Will Smith",
        "team": "Unknown",
        "hits": 2,
        "rbi": 0
      },
      {
        "name": "Chris Taylor",
        "team": "Unknown",
        "hits": 1,
        "rbi": 0
      },
      {
        "name": "Eddy Alvarez",
        "team": "Unknown",
        "hits": 1,
        "rbi": 0
      },
      {
        "name": "Max Muncy",
        "team": "Unknown",
        "hits": 0,
        "rbi": 0
      },
      {
        "name": "Freddie Freeman",
        "team": "Unknown",
        "hits": 1,
        "rbi": 1
      },
      {
        "name": "Cody Bellinger",
        "team": "Unknown",
        "hits": 0,
        "rbi": 0
      },
      {
        "name": "Gavin Lux",
        "team": "Unknown",
        "hits": 1,
        "rbi": 1
      },
      {
        "name": "Trea Turner",
        "team": "Unknown",
        "hits": 1,
        "rbi": 0
      },
      {
        "name": "Justin Turner",
        "team": "Unknown",
        "hits": 1,
        "rbi": 0
      },
      {
        "name": "Josh Naylor",
        "team": "Unknown",
        "hits": 2,
        "rbi": 0
      },
      {
        "name": "Richie Palacios",
        "team": "Unknown",
        "hits": 1,
        "rbi": 1
      },
      {
        "name": "Austin Hedges",
        "team": "Unknown",
        "hits": 0,
        "rbi": 1
      },
      {
        "name": "Amed Rosario",
        "team": "Unknown",
        "hits": 0,
        "rbi": 0
      },
      {
        "name": "Ernie Clement",
        "team": "Unknown",
        "hits": 2,
        "rbi": 1
      },
      {
        "name": "Andr\u00e9s Gim\u00e9nez",
        "team": "Unknown",
        "hits": 1,
        "rbi": 1
      },
      {
        "name": "Oscar Gonzalez",
        "team": "Unknown",
        "hits": 1,
        "rbi": 1
      },
      {
        "name": "Steven Kwan",
        "team": "Unknown",
        "hits": 1,
        "rbi": 0
      },
      {
        "name": "Owen Miller",
        "team": "Unknown",
        "hits": 2,
        "rbi": 0
      },
      {
        "name": "Luke Maile",
        "team": "Unknown",
        "hits": 0,
        "rbi": 0
      },
      {
        "name": "Myles Straw",
        "team": "Unknown",
        "hits": 1,
        "rbi": 0
      },
      {
        "name": "\u00d3scar Mercado",
        "team": "Unknown",
        "hits": 0,
        "rbi": 0
      }
    ],
    "pitcher_stats": [
      {
        "name": "Daniel Hudson",
        "team": "Unknown",
        "innings_pitched": "0.2",
        "strikeouts": 1,
        "earned_runs": 0
      },
      {
        "name": "Alex Vesia",
        "team": "Unknown",
        "innings_pitched": "0.2",
        "strikeouts": 0,
        "earned_runs": 1
      },
      {
        "name": "Brusdar Graterol",
        "team": "Unknown",
        "innings_pitched": "1.0",
        "strikeouts": 2,
        "earned_runs": 0
      },
      {
        "name": "Yency Almonte",
        "team": "Unknown",
        "innings_pitched": "0.2",
        "strikeouts": 2,
        "earned_runs": 0
      },
      {
        "name": "Craig Kimbrel",
        "team": "Unknown",
        "innings_pitched": "1.0",
        "strikeouts": 2,
        "earned_runs": 2
      },
      {
        "name": "Andrew Heaney",
        "team": "Unknown",
        "innings_pitched": "5.0",
        "strikeouts": 7,
        "earned_runs": 1
      },
      {
        "name": "Shane Bieber",
        "team": "Unknown",
        "innings_pitched": "6.1",
        "strikeouts": 9,
        "earned_runs": 2
      },
      {
        "name": "Eli Morgan",
        "team": "Unknown",
        "innings_pitched": "1.2",
        "strikeouts": 3,
        "earned_runs": 0
      },
      {
        "name": "Emmanuel Clase",
        "team": "Unknown",
        "innings_pitched": "1.0",
        "strikeouts": 1,
        "earned_runs": 0
      }
    ]
  },
  {
    "date": "2022-06-19",
    "home_team": "Seattle Mariners",
    "away_team": "Los Angeles Angels",
    "home_score": 0,
    "away_score": 4,
    "status": "Final",
    "game_id": 662169,
    "starting_pitchers": {
      "home": "Logan Gilbert",
      "away": "Kenny Rosenberg"
    },
    "first_inning_runs": {
      "home": 0,
      "away": 0
    },
    "player_stats": [
      {
        "name": "Adam Frazier",
        "team": "Unknown",
        "hits": 0,
        "rbi": 0
      },
      {
        "name": "J.P. Crawford",
        "team": "Unknown",
        "hits": 1,
        "rbi": 0
      },
      {
        "name": "Jesse Winker",
        "team": "Unknown",
        "hits": 0,
        "rbi": 0
      },
      {
        "name": "Cal Raleigh",
        "team": "Unknown",
        "hits": 0,
        "rbi": 0
      },
      {
        "name": "Justin Upton",
        "team": "Unknown",
        "hits": 1,
        "rbi": 0
      },
      {
        "name": "Abraham Toro",
        "team": "Unknown",
        "hits": 0,
        "rbi": 0
      },
      {
        "name": "Dylan Moore",
        "team": "Unknown",
        "hits": 0,
        "rbi": 0
      },
      {
        "name": "Eugenio Su\u00e1rez",
        "team": "Unknown",
        "hits": 0,
        "rbi": 0
      },
      {
        "name": "Ty France",
        "team": "Unknown",
        "hits": 0,
        "rbi": 0
      },
      {
        "name": "Julio Rodr\u00edguez",
        "team": "Unknown",
        "hits": 0,
        "rbi": 0
      },
      {
        "name": "Brandon Marsh",
        "team": "Unknown",
        "hits": 1,
        "rbi": 0
      },
      {
        "name": "Luis Rengifo",
        "team": "Unknown",
        "hits": 1,
        "rbi": 0
      },
      {
        "name": "Taylor Ward",
        "team": "Unknown",
        "hits": 3,
        "rbi": 0
      },
      {
        "name": "Mike Trout",
        "team": "Unknown",
        "hits": 1,
        "rbi": 2
      },
      {
        "name": "Andrew Velazquez",
        "team": "Unknown",
        "hits": 0,
        "rbi": 0
      },
      {
        "name": "Jared Walsh",
        "team": "Unknown",
        "hits": 1,
        "rbi": 0
      },
      {
        "name": "Shohei Ohtani",
        "team": "Unknown",
        "hits": 0,
        "rbi": 0
      },
      {
        "name": "Tyler Wade",
        "team": "Unknown",
        "hits": 1,
        "rbi": 0
      },
      {
        "name": "Max Stassi",
        "team": "Unknown",
        "hits": 1,
        "rbi": 1
      }
    ],
    "pitcher_stats": [
      {
        "name": "Logan Gilbert",
        "team": "Unknown",
        "innings_pitched": "6.0",
        "strikeouts": 6,
        "earned_runs": 2
      },
      {
        "name": "Ryan Borucki",
        "team": "Unknown",
        "innings_pitched": "1.0",
        "strikeouts": 1,
        "earned_runs": 1
      },
      {
        "name": "Andr\u00e9s Mu\u00f1oz",
        "team": "Unknown",
        "innings_pitched": "1.0",
        "strikeouts": 3,
        "earned_runs": 0
      },
      {
        "name": "Roenis El\u00edas",
        "team": "Unknown",
        "innings_pitched": "1.0",
        "strikeouts": 1,
        "earned_runs": 0
      },
      {
        "name": "Aaron Loup",
        "team": "Unknown",
        "innings_pitched": "1.0",
        "strikeouts": 3,
        "earned_runs": 0
      },
      {
        "name": "Andrew Wantz",
        "team": "Unknown",
        "innings_pitched": "1.0",
        "strikeouts": 2,
        "earned_runs": 0
      },
      {
        "name": "Raisel Iglesias",
        "team": "Unknown",
        "innings_pitched": "1.0",
        "strikeouts": 1,
        "earned_runs": 0
      },
      {
        "name": "Ryan Tepera",
        "team": "Unknown",
        "innings_pitched": "1.0",
        "strikeouts": 1,
        "earned_runs": 0
      },
      {
        "name": "Jos\u00e9 Quijada",
        "team": "Unknown",
        "innings_pitched": "0.1",
        "strikeouts": 0,
        "earned_runs": 0
      },
      {
        "name": "Kenny Rosenberg",
        "team": "Unknown",
        "innings_pitched": "4.2",
        "strikeouts": 1,
        "earned_runs": 0
      }
    ]
  },
  {
    "date": "2022-06-19",
    "home_team": "Arizona Diamondbacks",
    "away_team": "Minnesota Twins",
    "home_score": 7,
    "away_score": 1,
    "status": "Final",
    "game_id": 663334,
    "starting_pitchers": {
      "home": "Merrill Kelly",
      "away": "Chris Archer"
    },
    "first_inning_runs": {
      "home": 0,
      "away": 1
    },
    "player_stats": [
      {
        "name": "Jose Herrera",
        "team": "Unknown",
        "hits": 1,
        "rbi": 0
      },
      {
        "name": "Josh Rojas",
        "team": "Unknown",
        "hits": 1,
        "rbi": 0
      },
      {
        "name": "Buddy Kennedy",
        "team": "Unknown",
        "hits": 1,
        "rbi": 4
      },
      {
        "name": "Jordan Luplow",
        "team": "Unknown",
        "hits": 0,
        "rbi": 0
      },
      {
        "name": "David Peralta",
        "team": "Unknown",
        "hits": 0,
        "rbi": 0
      },
      {
        "name": "Geraldo Perdomo",
        "team": "Unknown",
        "hits": 0,
        "rbi": 0
      },
      {
        "name": "Christian Walker",
        "team": "Unknown",
        "hits": 2,
        "rbi": 2
      },
      {
        "name": "Pavin Smith",
        "team": "Unknown",
        "hits": 2,
        "rbi": 1
      },
      {
        "name": "Alek Thomas",
        "team": "Unknown",
        "hits": 1,
        "rbi": 0
      },
      {
        "name": "Gio Urshela",
        "team": "Unknown",
        "hits": 0,
        "rbi": 0
      },
      {
        "name": "Alex Kirilloff",
        "team": "Unknown",
        "hits": 1,
        "rbi": 0
      },
      {
        "name": "Carlos Correa",
        "team": "Unknown",
        "hits": 0,
        "rbi": 0
      },
      {
        "name": "Jose Miranda",
        "team": "Unknown",
        "hits": 2,
        "rbi": 0
      },
      {
        "name": "Gary S\u00e1nchez",
        "team": "Unknown",
        "hits": 0,
        "rbi": 0
      },
      {
        "name": "Max Kepler",
        "team": "Unknown",
        "hits": 0,
        "rbi": 0
      },
      {
        "name": "Trevor Larnach",
        "team": "Unknown",
        "hits": 0,
        "rbi": 0
      },
      {
        "name": "Luis Arraez",
        "team": "Unknown",
        "hits": 1,
        "rbi": 0
      },
      {
        "name": "Byron Buxton",
        "team": "Unknown",
        "hits": 1,
        "rbi": 0
      }
    ],
    "pitcher_stats": [
      {
        "name": "Ian Kennedy",
        "team": "Unknown",
        "innings_pitched": "0.1",
        "strikeouts": 0,
        "earned_runs": 0
      },
      {
        "name": "Merrill Kelly",
        "team": "Unknown",
        "innings_pitched": "7.0",
        "strikeouts": 5,
        "earned_runs": 1
      },
      {
        "name": "Joe Mantiply",
        "team": "Unknown",
        "innings_pitched": "1.0",
        "strikeouts": 2,
        "earned_runs": 0
      },
      {
        "name": "No\u00e9 Ramirez",
        "team": "Unknown",
        "innings_pitched": "0.2",
        "strikeouts": 0,
        "earned_runs": 0
      },
      {
        "name": "Caleb Thielbar",
        "team": "Unknown",
        "innings_pitched": "0.2",
        "strikeouts": 1,
        "earned_runs": 4
      },
      {
        "name": "Tyler Duffey",
        "team": "Unknown",
        "innings_pitched": "2.1",
        "strikeouts": 1,
        "earned_runs": 0
      },
      {
        "name": "Griffin Jax",
        "team": "Unknown",
        "innings_pitched": "1.0",
        "strikeouts": 1,
        "earned_runs": 1
      },
      {
        "name": "Chris Archer",
        "team": "Unknown",
        "innings_pitched": "4.0",
        "strikeouts": 3,
        "earned_runs": 2
      }
    ]
  },
  {
    "date": "2022-06-19",
    "home_team": "Houston Astros",
    "away_team": "Chicago White Sox",
    "home_score": 4,
    "away_score": 3,
    "status": "Final",
    "game_id": 662751,
    "starting_pitchers": {
      "home": "Cristian Javier",
      "away": "Michael Kopech"
    },
    "first_inning_runs": {
      "home": 1,
      "away": 0
    },
    "player_stats": [
      {
        "name": "Kyle Tucker",
        "team": "Unknown",
        "hits": 1,
        "rbi": 1
      },
      {
        "name": "Mauricio Dub\u00f3n",
        "team": "Unknown",
        "hits": 2,
        "rbi": 2
      },
      {
        "name": "Alex Bregman",
        "team": "Unknown",
        "hits": 1,
        "rbi": 0
      },
      {
        "name": "Yuli Gurriel",
        "team": "Unknown",
        "hits": 0,
        "rbi": 0
      },
      {
        "name": "Jose Altuve",
        "team": "Unknown",
        "hits": 1,
        "rbi": 0
      },
      {
        "name": "Michael Brantley",
        "team": "Unknown",
        "hits": 1,
        "rbi": 0
      },
      {
        "name": "Jason Castro",
        "team": "Unknown",
        "hits": 1,
        "rbi": 0
      },
      {
        "name": "J.J. Matijevic",
        "team": "Unknown",
        "hits": 1,
        "rbi": 1
      },
      {
        "name": "Chas McCormick",
        "team": "Unknown",
        "hits": 0,
        "rbi": 0
      },
      {
        "name": "Jake Burger",
        "team": "Unknown",
        "hits": 0,
        "rbi": 1
      },
      {
        "name": "Josh Harrison",
        "team": "Unknown",
        "hits": 0,
        "rbi": 0
      },
      {
        "name": "Andrew Vaughn",
        "team": "Unknown",
        "hits": 0,
        "rbi": 0
      },
      {
        "name": "AJ Pollock",
        "team": "Unknown",
        "hits": 2,
        "rbi": 1
      },
      {
        "name": "Jos\u00e9 Abreu",
        "team": "Unknown",
        "hits": 0,
        "rbi": 0
      },
      {
        "name": "Reese McGuire",
        "team": "Unknown",
        "hits": 1,
        "rbi": 0
      },
      {
        "name": "Danny Mendick",
        "team": "Unknown",
        "hits": 0,
        "rbi": 0
      },
      {
        "name": "Adam Haseley",
        "team": "Unknown",
        "hits": 1,
        "rbi": 0
      },
      {
        "name": "Luis Robert Jr.",
        "team": "Unknown",
        "hits": 2,
        "rbi": 1
      }
    ],
    "pitcher_stats": [
      {
        "name": "H\u00e9ctor Neris",
        "team": "Unknown",
        "innings_pitched": "1.0",
        "strikeouts": 1,
        "earned_runs": 2
      },
      {
        "name": "Rafael Montero",
        "team": "Unknown",
        "innings_pitched": "1.0",
        "strikeouts": 1,
        "earned_runs": 0
      },
      {
        "name": "Ryne Stanek",
        "team": "Unknown",
        "innings_pitched": "1.0",
        "strikeouts": 1,
        "earned_runs": 0
      },
      {
        "name": "Cristian Javier",
        "team": "Unknown",
        "innings_pitched": "5.0",
        "strikeouts": 5,
        "earned_runs": 1
      },
      {
        "name": "Ryan Pressly",
        "team": "Unknown",
        "innings_pitched": "1.0",
        "strikeouts": 1,
        "earned_runs": 0
      },
      {
        "name": "Vince Velasquez",
        "team": "Unknown",
        "innings_pitched": "2.0",
        "strikeouts": 1,
        "earned_runs": 0
      },
      {
        "name": "Michael Kopech",
        "team": "Unknown",
        "innings_pitched": "5.0",
        "strikeouts": 4,
        "earned_runs": 4
      },
      {
        "name": "Jimmy Lambert",
        "team": "Unknown",
        "innings_pitched": "1.0",
        "strikeouts": 0,
        "earned_runs": 0
      }
    ]
  }
]