[
  {
    "date": "2023-07-04",
    "home_team": "Washington Nationals",
    "away_team": "Cincinnati Reds",
    "home_score": 4,
    "away_score": 8,
    "status": "Final",
    "game_id": 717507,
    "starting_pitchers": {
      "home": "Patrick Corbin",
      "away": "Brett Kennedy"
    },
    "first_inning_runs": {
      "home": 0,
      "away": 2
    },
    "player_stats": [
      {
        "name": "CJ Abrams",
        "team": "Unknown",
        "hits": 2,
        "rbi": 0
      },
      {
        "name": "Corey Dickerson",
        "team": "Unknown",
        "hits": 1,
        "rbi": 1
      },
      {
        "name": "Riley Adams",
        "team": "Unknown",
        "hits": 0,
        "rbi": 0
      },
      {
        "name": "Joey Meneses",
        "team": "Unknown",
        "hits": 1,
        "rbi": 1
      },
      {
        "name": "Jeimer Candelario",
        "team": "Unknown",
        "hits": 0,
        "rbi": 0
      },
      {
        "name": "Dominic Smith",
        "team": "Unknown",
        "hits": 1,
        "rbi": 0
      },
      {
        "name": "Lane Thomas",
        "team": "Unknown",
        "hits": 1,
        "rbi": 1
      },
      {
        "name": "Derek Hill",
        "team": "Unknown",
        "hits": 1,
        "rbi": 1
      },
      {
        "name": "Luis Garc\u00eda Jr.",
        "team": "Unknown",
        "hits": 0,
        "rbi": 0
      },
      {
        "name": "Elly De La Cruz",
        "team": "Unknown",
        "hits": 4,
        "rbi": 1
      },
      {
        "name": "Jonathan India",
        "team": "Unknown",
        "hits": 3,
        "rbi": 3
      },
      {
        "name": "Matt McLain",
        "team": "Unknown",
        "hits": 1,
        "rbi": 0
      },
      {
        "name": "TJ Friedl",
        "team": "Unknown",
        "hits": 1,
        "rbi": 0
      },
      {
        "name": "Nick Senzel",
        "team": "Unknown",
        "hits": 1,
        "rbi": 3
      },
      {
        "name": "Kevin Newman",
        "team": "Unknown",
        "hits": 0,
        "rbi": 0
      },
      {
        "name": "Spencer Steer",
        "team": "Unknown",
        "hits": 4,
        "rbi": 1
      },
      {
        "name": "Luke Maile",
        "team": "Unknown",
        "hits": 0,
        "rbi": 0
      },
      {
        "name": "Tyler Stephenson",
        "team": "Unknown",
        "hits": 1,
        "rbi": 0
      },
      {
        "name": "Curt Casali",
        "team": "Unknown",
        "hits": 1,
        "rbi": 0
      }
    ],
    "pitcher_stats": [
      {
        "name": "Jose A. Ferrer",
        "team": "Unknown",
        "innings_pitched": "1.0",
        "strikeouts": 2,
        "earned_runs": 0
      },
      {
        "name": "Patrick Corbin",
        "team": "Unknown",
        "innings_pitched": "5.0",
        "strikeouts": 2,
        "earned_runs": 6
      },
      {
        "name": "Cory Abbott",
        "team": "Unknown",
        "innings_pitched": "3.0",
        "strikeouts": 0,
        "earned_runs": 2
      },
      {
        "name": "Brett Kennedy",
        "team": "Unknown",
        "innings_pitched": "5.0",
        "strikeouts": 3,
        "earned_runs": 4
      },
      {
        "name": "Alex Young",
        "team": "Unknown",
        "innings_pitched": "1.0",
        "strikeouts": 0,
        "earned_runs": 0
      },
      {
        "name": "Daniel Duarte",
        "team": "Unknown",
        "innings_pitched": "1.0",
        "strikeouts": 1,
        "earned_runs": 0
      },
      {
        "name": "Fernando Cruz",
        "team": "Unknown",
        "innings_pitched": "1.0",
        "strikeouts": 2,
        "earned_runs": 0
      },
      {
        "name": "Lucas Sims",
        "team": "Unknown",
        "innings_pitched": "1.0",
        "strikeouts": 2,
        "earned_runs": 0
      }
    ]
  },
  {
    "date": "2023-07-04",
    "home_team": "New York Yankees",
    "away_team": "Baltimore Orioles",
    "home_score": 8,
    "away_score": 4,
    "status": "Final",
    "game_id": 717508,
    "starting_pitchers": {
      "home": "Clarke Schmidt",
      "away": "Kyle Gibson"
    },
    "first_inning_runs": {
      "home": 2,
      "away": 0
    },
    "player_stats": [
      {
        "name": "Anthony Rizzo",
        "team": "Unknown",
        "hits": 0,
        "rbi": 1
      },
      {
        "name": "Jake Bauers",
        "team": "Unknown",
        "hits": 1,
        "rbi": 0
      },
      {
        "name": "Oswaldo Cabrera",
        "team": "Unknown",
        "hits": 0,
        "rbi": 0
      },
      {
        "name": "Isiah Kiner-Falefa",
        "team": "Unknown",
        "hits": 1,
        "rbi": 1
      },
      {
        "name": "Gleyber Torres",
        "team": "Unknown",
        "hits": 2,
        "rbi": 2
      },
      {
        "name": "Jose Trevino",
        "team": "Unknown",
        "hits": 1,
        "rbi": 1
      },
      {
        "name": "Anthony Volpe",
        "team": "Unknown",
        "hits": 0,
        "rbi": 0
      },
      {
        "name": "Harrison Bader",
        "team": "Unknown",
        "hits": 1,
        "rbi": 2
      },
      {
        "name": "Giancarlo Stanton",
        "team": "Unknown",
        "hits": 1,
        "rbi": 1
      },
      {
        "name": "Adam Frazier",
        "team": "Unknown",
        "hits": 1,
        "rbi": 2
      },
      {
        "name": "Gunnar Henderson",
        "team": "Unknown",
        "hits": 1,
        "rbi": 0
      },
      {
        "name": "Anthony Santander",
        "team": "Unknown",
        "hits": 0,
        "rbi": 0
      },
      {
        "name": "Adley Rutschman",
        "team": "Unknown",
        "hits": 1,
        "rbi": 0
      },
      {
        "name": "Jordan Westburg",
        "team": "Unknown",
        "hits": 1,
        "rbi": 0
      },
      {
        "name": "Aaron Hicks",
        "team": "Unknown",
        "hits": 1,
        "rbi": 1
      },
      {
        "name": "Ram\u00f3n Ur\u00edas",
        "team": "Unknown",
        "hits": 1,
        "rbi": 0
      },
      {
        "name": "James McCann",
        "team": "Unknown",
        "hits": 0,
        "rbi": 1
      },
      {
        "name": "Ryan O'Hearn",
        "team": "Unknown",
        "hits": 1,
        "rbi": 0
      },
      {
        "name": "Cedric Mullins",
        "team": "Unknown",
        "hits": 0,
        "rbi": 0
      }
    ],
    "pitcher_stats": [
      {
        "name": "Albert Abreu",
        "team": "Unknown",
        "innings_pitched": "1.0",
        "strikeouts": 1,
        "earned_runs": 0
      },
      {
        "name": "Wandy Peralta",
        "team": "Unknown",
        "innings_pitched": "1.0",
        "strikeouts": 0,
        "earned_runs": 0
      },
      {
        "name": "Clarke Schmidt",
        "team": "Unknown",
        "innings_pitched": "5.0",
        "strikeouts": 7,
        "earned_runs": 3
      },
      {
        "name": "Tommy Kahnle",
        "team": "Unknown",
        "innings_pitched": "1.0",
        "strikeouts": 1,
        "earned_runs": 0
      },
      {
        "name": "Ron Marinaccio",
        "team": "Unknown",
        "innings_pitched": "1.0",
        "strikeouts": 1,
        "earned_runs": 0
      },
      {
        "name": "Nick Vespi",
        "team": "Unknown",
        "innings_pitched": "0.2",
        "strikeouts": 2,
        "earned_runs": 3
      },
      {
        "name": "Bruce Zimmermann",
        "team": "Unknown",
        "innings_pitched": "1.0",
        "strikeouts": 1,
        "earned_runs": 0
      },
      {
        "name": "Bryan Baker",
        "team": "Unknown",
        "innings_pitched": "0.1",
        "strikeouts": 1,
        "earned_runs": 0
      },
      {
        "name": "Kyle Gibson",
        "team": "Unknown",
        "innings_pitched": "6.0",
        "strikeouts": 4,
        "earned_runs": 4
      }
    ]
  },
  {
    "date": "2023-07-04",
    "home_team": "Miami Marlins",
    "away_team": "St. Louis Cardinals",
    "home_score": 15,
    "away_score": 2,
    "status": "Final",
    "game_id": 717502,
    "starting_pitchers": {
      "home": "Jes\u00fas Luzardo",
      "away": "Adam Wainwright"
    },
    "first_inning_runs": {
      "home": 3,
      "away": 0
    },
    "player_stats": [
      {
        "name": "Garrett Cooper",
        "team": "Unknown",
        "hits": 3,
        "rbi": 3
      },
      {
        "name": "Jean Segura",
        "team": "Unknown",
        "hits": 2,
        "rbi": 0
      },
      {
        "name": "Dane Myers",
        "team": "Unknown",
        "hits": 2,
        "rbi": 1
      },
      {
        "name": "Bryan De La Cruz",
        "team": "Unknown",
        "hits": 1,
        "rbi": 1
      },
      {
        "name": "Jorge Soler",
        "team": "Unknown",
        "hits": 3,
        "rbi": 2
      },
      {
        "name": "Jacob Stallings",
        "team": "Unknown",
        "hits": 1,
        "rbi": 0
      },
      {
        "name": "Jon Berti",
        "team": "Unknown",
        "hits": 1,
        "rbi": 2
      },
      {
        "name": "Joey Wendle",
        "team": "Unknown",
        "hits": 2,
        "rbi": 0
      },
      {
        "name": "Nick Fortes",
        "team": "Unknown",
        "hits": 0,
        "rbi": 1
      },
      {
        "name": "Jes\u00fas S\u00e1nchez",
        "team": "Unknown",
        "hits": 3,
        "rbi": 4
      },
      {
        "name": "Jonathan Davis",
        "team": "Unknown",
        "hits": 0,
        "rbi": 0
      },
      {
        "name": "Luis Arraez",
        "team": "Unknown",
        "hits": 1,
        "rbi": 0
      },
      {
        "name": "Nolan Gorman",
        "team": "Unknown",
        "hits": 0,
        "rbi": 0
      },
      {
        "name": "Jordan Walker",
        "team": "Unknown",
        "hits": 0,
        "rbi": 0
      },
      {
        "name": "Dylan Carlson",
        "team": "Unknown",
        "hits": 1,
        "rbi": 0
      },
      {
        "name": "Willson Contreras",
        "team": "Unknown",
        "hits": 2,
        "rbi": 0
      },
      {
        "name": "Nolan Arenado",
        "team": "Unknown",
        "hits": 0,
        "rbi": 0
      },
      {
        "name": "Lars Nootbaar",
        "team": "Unknown",
        "hits": 1,
        "rbi": 1
      },
      {
        "name": "Andrew Knizner",
        "team": "Unknown",
        "hits": 1,
        "rbi": 0
      },
      {
        "name": "Alec Burleson",
        "team": "Unknown",
        "hits": 0,
        "rbi": 0
      },
      {
        "name": "Paul DeJong",
        "team": "Unknown",
        "hits": 1,
        "rbi": 0
      },
      {
        "name": "Paul Goldschmidt",
        "team": "Unknown",
        "hits": 1,
        "rbi": 0
      },
      {
        "name": "Tommy Edman",
        "team": "Unknown",
        "hits": 1,
        "rbi": 1
      },
      {
        "name": "Brendan Donovan",
        "team": "Unknown",
        "hits": 1,
        "rbi": 0
      }
    ],
    "pitcher_stats": [
      {
        "name": "Jes\u00fas Luzardo",
        "team": "Unknown",
        "innings_pitched": "6.0",
        "strikeouts": 8,
        "earned_runs": 0
      },
      {
        "name": "Jeff Lindgren",
        "team": "Unknown",
        "innings_pitched": "1.0",
        "strikeouts": 1,
        "earned_runs": 0
      },
      {
        "name": "Steven Okert",
        "team": "Unknown",
        "innings_pitched": "1.0",
        "strikeouts": 1,
        "earned_runs": 0
      },
      {
        "name": "Jacob Stallings",
        "team": "Unknown",
        "innings_pitched": "1.0",
        "strikeouts": 0,
        "earned_runs": 2
      },
      {
        "name": "James Naile",
        "team": "Unknown",
        "innings_pitched": "1.1",
        "strikeouts": 2,
        "earned_runs": 8
      },
      {
        "name": "JoJo Romero",
        "team": "Unknown",
        "innings_pitched": "1.2",
        "strikeouts": 2,
        "earned_runs": 0
      },
      {
        "name": "Alec Burleson",
        "team": "Unknown",
        "innings_pitched": "0.2",
        "strikeouts": 0,
        "earned_runs": 0
      },
      {
        "name": "Adam Wainwright",
        "team": "Unknown",
        "innings_pitched": "3.1",
        "strikeouts": 3,
        "earned_runs": 4
      },
      {
        "name": "G\u00e9nesis Cabrera",
        "team": "Unknown",
        "innings_pitched": "1.0",
        "strikeouts": 0,
        "earned_runs": 0
      }
    ]
  },
  {
    "date": "2023-07-04",
    "home_team": "Boston Red Sox",
    "away_team": "Texas Rangers",
    "home_score": 2,
    "away_score": 6,
    "status": "Final",
    "game_id": 717501,
    "starting_pitchers": {
      "home": "Brennan Bernardino",
      "away": "Dane Dunning"
    },
    "first_inning_runs": {
      "home": 1,
      "away": 0
    },
    "player_stats": [
      {
        "name": "Adam Duvall",
        "team": "Unknown",
        "hits": 0,
        "rbi": 0
      },
      {
        "name": "Connor Wong",
        "team": "Unknown",
        "hits": 1,
        "rbi": 0
      },
      {
        "name": "Rob Refsnyder",
        "team": "Unknown",
        "hits": 0,
        "rbi": 0
      },
      {
        "name": "Alex Verdugo",
        "team": "Unknown",
        "hits": 0,
        "rbi": 1
      },
      {
        "name": "Christian Arroyo",
        "team": "Unknown",
        "hits": 2,
        "rbi": 0
      },
      {
        "name": "David Hamilton",
        "team": "Unknown",
        "hits": 0,
        "rbi": 0
      },
      {
        "name": "Rafael Devers",
        "team": "Unknown",
        "hits": 1,
        "rbi": 0
      },
      {
        "name": "Jarren Duran",
        "team": "Unknown",
        "hits": 2,
        "rbi": 0
      },
      {
        "name": "Masataka Yoshida",
        "team": "Unknown",
        "hits": 2,
        "rbi": 0
      },
      {
        "name": "Triston Casas",
        "team": "Unknown",
        "hits": 0,
        "rbi": 0
      },
      {
        "name": "Justin Turner",
        "team": "Unknown",
        "hits": 2,
        "rbi": 1
      },
      {
        "name": "Leody Taveras",
        "team": "Unknown",
        "hits": 0,
        "rbi": 0
      },
      {
        "name": "Nathaniel Lowe",
        "team": "Unknown",
        "hits": 1,
        "rbi": 0
      },
      {
        "name": "Corey Seager",
        "team": "Unknown",
        "hits": 1,
        "rbi": 0
      },
      {
        "name": "Marcus Semien",
        "team": "Unknown",
        "hits": 0,
        "rbi": 0
      },
      {
        "name": "Josh Jung",
        "team": "Unknown",
        "hits": 2,
        "rbi": 1
      },
      {
        "name": "Ezequiel Duran",
        "team": "Unknown",
        "hits": 1,
        "rbi": 0
      },
      {
        "name": "Mitch Garver",
        "team": "Unknown",
        "hits": 2,
        "rbi": 4
      },
      {
        "name": "Adolis Garc\u00eda",
        "team": "Unknown",
        "hits": 0,
        "rbi": 0
      },
      {
        "name": "Robbie Grossman",
        "team": "Unknown",
        "hits": 3,
        "rbi": 1
      }
    ],
    "pitcher_stats": [
      {
        "name": "Justin Garza",
        "team": "Unknown",
        "innings_pitched": "1.1",
        "strikeouts": 2,
        "earned_runs": 2
      },
      {
        "name": "Brandon Walter",
        "team": "Unknown",
        "innings_pitched": "1.0",
        "strikeouts": 0,
        "earned_runs": 0
      },
      {
        "name": "Kaleb Ort",
        "team": "Unknown",
        "innings_pitched": "0.2",
        "strikeouts": 0,
        "earned_runs": 2
      },
      {
        "name": "Brennan Bernardino",
        "team": "Unknown",
        "innings_pitched": "1.1",
        "strikeouts": 2,
        "earned_runs": 1
      },
      {
        "name": "Chris Murphy",
        "team": "Unknown",
        "innings_pitched": "3.2",
        "strikeouts": 1,
        "earned_runs": 1
      },
      {
        "name": "Tayler Scott",
        "team": "Unknown",
        "innings_pitched": "1.0",
        "strikeouts": 0,
        "earned_runs": 0
      },
      {
        "name": "Dane Dunning",
        "team": "Unknown",
        "innings_pitched": "6.0",
        "strikeouts": 4,
        "earned_runs": 1
      },
      {
        "name": "Grant Anderson",
        "team": "Unknown",
        "innings_pitched": "0.2",
        "strikeouts": 0,
        "earned_runs": 0
      },
      {
        "name": "Josh Sborz",
        "team": "Unknown",
        "innings_pitched": "1.0",
        "strikeouts": 3,
        "earned_runs": 0
      },
      {
        "name": "Will Smith",
        "team": "Unknown",
        "innings_pitched": "0.1",
        "strikeouts": 0,
        "earned_runs": 0
      },
      {
        "name": "Brock Burke",
        "team": "Unknown",
        "innings_pitched": "1.0",
        "strikeouts": 1,
        "earned_runs": 0
      }
    ]
  },
  {
    "date": "2023-07-04",
    "home_team": "Minnesota Twins",
    "away_team": "Kansas City Royals",
    "home_score": 9,
    "away_score": 3,
    "status": "Final",
    "game_id": 717500,
    "starting_pitchers": {
      "home": "Kenta Maeda",
      "away": "Zack Greinke"
    },
    "first_inning_runs": {
      "home": 1,
      "away": 0
    },
    "player_stats": [
      {
        "name": "Donovan Solano",
        "team": "Unknown",
        "hits": 3,
        "rbi": 1
      },
      {
        "name": "Willi Castro",
        "team": "Unknown",
        "hits": 0,
        "rbi": 1
      },
      {
        "name": "Alex Kirilloff",
        "team": "Unknown",
        "hits": 1,
        "rbi": 2
      },
      {
        "name": "Carlos Correa",
        "team": "Unknown",
        "hits": 1,
        "rbi": 0
      },
      {
        "name": "Jose Miranda",
        "team": "Unknown",
        "hits": 0,
        "rbi": 0
      },
      {
        "name": "Joey Gallo",
        "team": "Unknown",
        "hits": 0,
        "rbi": 0
      },
      {
        "name": "Max Kepler",
        "team": "Unknown",
        "hits": 2,
        "rbi": 4
      },
      {
        "name": "Michael A. Taylor",
        "team": "Unknown",
        "hits": 0,
        "rbi": 0
      },
      {
        "name": "Byron Buxton",
        "team": "Unknown",
        "hits": 3,
        "rbi": 1
      },
      {
        "name": "Christian V\u00e1zquez",
        "team": "Unknown",
        "hits": 0,
        "rbi": 0
      },
      {
        "name": "Salvador Perez",
        "team": "Unknown",
        "hits": 0,
        "rbi": 0
      },
      {
        "name": "Nicky Lopez",
        "team": "Unknown",
        "hits": 0,
        "rbi": 0
      },
      {
        "name": "MJ Melendez",
        "team": "Unknown",
        "hits": 1,
        "rbi": 0
      },
      {
        "name": "Nick Pratto",
        "team": "Unknown",
        "hits": 0,
        "rbi": 1
      },
      {
        "name": "Michael Massey",
        "team": "Unknown",
        "hits": 1,
        "rbi": 0
      },
      {
        "name": "Dairon Blanco",
        "team": "Unknown",
        "hits": 0,
        "rbi": 0
      },
      {
        "name": "Kyle Isbel",
        "team": "Unknown",
        "hits": 0,
        "rbi": 0
      },
      {
        "name": "Maikel Garcia",
        "team": "Unknown",
        "hits": 1,
        "rbi": 0
      },
      {
        "name": "Bobby Witt Jr.",
        "team": "Unknown",
        "hits": 2,
        "rbi": 2
      }
    ],
    "pitcher_stats": [
      {
        "name": "Kenta Maeda",
        "team": "Unknown",
        "innings_pitched": "7.0",
        "strikeouts": 9,
        "earned_runs": 1
      },
      {
        "name": "Oliver Ortega",
        "team": "Unknown",
        "innings_pitched": "1.0",
        "strikeouts": 0,
        "earned_runs": 0
      },
      {
        "name": "Jorge L\u00f3pez",
        "team": "Unknown",
        "innings_pitched": "1.0",
        "strikeouts": 0,
        "earned_runs": 1
      },
      {
        "name": "Nick Wittgren",
        "team": "Unknown",
        "innings_pitched": "1.2",
        "strikeouts": 1,
        "earned_runs": 3
      },
      {
        "name": "Zack Greinke",
        "team": "Unknown",
        "innings_pitched": "5.1",
        "strikeouts": 3,
        "earned_runs": 6
      },
      {
        "name": "Jonathan Heasley",
        "team": "Unknown",
        "innings_pitched": "1.0",
        "strikeouts": 2,
        "earned_runs": 0
      }
    ]
  },
  {
    "date": "2023-07-04",
    "home_team": "Houston Astros",
    "away_team": "Colorado Rockies",
    "home_score": 4,
    "away_score": 1,
    "status": "Final",
    "game_id": 717504,
    "starting_pitchers": {
      "home": "Brandon Bielak",
      "away": "Kyle Freeland"
    },
    "first_inning_runs": {
      "home": 0,
      "away": 0
    },
    "player_stats": [
      {
        "name": "Corey Julks",
        "team": "Unknown",
        "hits": 4,
        "rbi": 1
      },
      {
        "name": "Grae Kessinger",
        "team": "Unknown",
        "hits": 2,
        "rbi": 1
      },
      {
        "name": "Kyle Tucker",
        "team": "Unknown",
        "hits": 1,
        "rbi": 0
      },
      {
        "name": "Mauricio Dub\u00f3n",
        "team": "Unknown",
        "hits": 2,
        "rbi": 1
      },
      {
        "name": "Alex Bregman",
        "team": "Unknown",
        "hits": 0,
        "rbi": 0
      },
      {
        "name": "Jake Meyers",
        "team": "Unknown",
        "hits": 2,
        "rbi": 0
      },
      {
        "name": "Jos\u00e9 Abreu",
        "team": "Unknown",
        "hits": 1,
        "rbi": 0
      },
      {
        "name": "Chas McCormick",
        "team": "Unknown",
        "hits": 1,
        "rbi": 1
      },
      {
        "name": "Yainer Diaz",
        "team": "Unknown",
        "hits": 0,
        "rbi": 0
      },
      {
        "name": "Jurickson Profar",
        "team": "Unknown",
        "hits": 0,
        "rbi": 0
      },
      {
        "name": "Randal Grichuk",
        "team": "Unknown",
        "hits": 0,
        "rbi": 0
      },
      {
        "name": "Ryan McMahon",
        "team": "Unknown",
        "hits": 0,
        "rbi": 0
      },
      {
        "name": "Kris Bryant",
        "team": "Unknown",
        "hits": 2,
        "rbi": 1
      },
      {
        "name": "Harold Castro",
        "team": "Unknown",
        "hits": 0,
        "rbi": 0
      },
      {
        "name": "C.J. Cron",
        "team": "Unknown",
        "hits": 1,
        "rbi": 0
      },
      {
        "name": "Nolan Jones",
        "team": "Unknown",
        "hits": 0,
        "rbi": 0
      },
      {
        "name": "Elias D\u00edaz",
        "team": "Unknown",
        "hits": 0,
        "rbi": 0
      },
      {
        "name": "Ezequiel Tovar",
        "team": "Unknown",
        "hits": 0,
        "rbi": 0
      }
    ],
    "pitcher_stats": [
      {
        "name": "Ryne Stanek",
        "team": "Unknown",
        "innings_pitched": "1.0",
        "strikeouts": 1,
        "earned_runs": 1
      },
      {
        "name": "Brandon Bielak",
        "team": "Unknown",
        "innings_pitched": "7.0",
        "strikeouts": 4,
        "earned_runs": 0
      },
      {
        "name": "Seth Martinez",
        "team": "Unknown",
        "innings_pitched": "1.0",
        "strikeouts": 2,
        "earned_runs": 0
      },
      {
        "name": "Fernando Abad",
        "team": "Unknown",
        "innings_pitched": "1.0",
        "strikeouts": 1,
        "earned_runs": 0
      },
      {
        "name": "Kyle Freeland",
        "team": "Unknown",
        "innings_pitched": "6.1",
        "strikeouts": 3,
        "earned_runs": 4
      },
      {
        "name": "Gavin Hollowell",
        "team": "Unknown",
        "innings_pitched": "0.2",
        "strikeouts": 1,
        "earned_runs": 0
      }
    ]
  },
  {
    "date": "2023-07-04",
    "home_team": "Arizona Diamondbacks",
    "away_team": "New York Mets",
    "home_score": 5,
    "away_score": 8,
    "status": "Final",
    "game_id": 717498,
    "starting_pitchers": {
      "home": "Zach Davies",
      "away": "Max Scherzer"
    },
    "first_inning_runs": {
      "home": 1,
      "away": 0
    },
    "player_stats": [
      {
        "name": "Kyle Lewis",
        "team": "Unknown",
        "hits": 0,
        "rbi": 0
      },
      {
        "name": "Jake McCarthy",
        "team": "Unknown",
        "hits": 1,
        "rbi": 0
      },
      {
        "name": "Nick Ahmed",
        "team": "Unknown",
        "hits": 1,
        "rbi": 0
      },
      {
        "name": "Carson Kelly",
        "team": "Unknown",
        "hits": 0,
        "rbi": 0
      },
      {
        "name": "Geraldo Perdomo",
        "team": "Unknown",
        "hits": 0,
        "rbi": 0
      },
      {
        "name": "Corbin Carroll",
        "team": "Unknown",
        "hits": 2,
        "rbi": 2
      },
      {
        "name": "Lourdes Gurriel Jr.",
        "team": "Unknown",
        "hits": 1,
        "rbi": 1
      },
      {
        "name": "Christian Walker",
        "team": "Unknown",
        "hits": 1,
        "rbi": 2
      },
      {
        "name": "Alek Thomas",
        "team": "Unknown",
        "hits": 1,
        "rbi": 0
      },
      {
        "name": "Emmanuel Rivera",
        "team": "Unknown",
        "hits": 1,
        "rbi": 0
      },
      {
        "name": "Francisco Alvarez",
        "team": "Unknown",
        "hits": 1,
        "rbi": 2
      },
      {
        "name": "Jeff McNeil",
        "team": "Unknown",
        "hits": 1,
        "rbi": 0
      },
      {
        "name": "Daniel Vogelbach",
        "team": "Unknown",
        "hits": 0,
        "rbi": 0
      },
      {
        "name": "Brett Baty",
        "team": "Unknown",
        "hits": 2,
        "rbi": 0
      },
      {
        "name": "Tommy Pham",
        "team": "Unknown",
        "hits": 0,
        "rbi": 0
      },
      {
        "name": "Pete Alonso",
        "team": "Unknown",
        "hits": 0,
        "rbi": 0
      },
      {
        "name": "Starling Marte",
        "team": "Unknown",
        "hits": 2,
        "rbi": 3
      },
      {
        "name": "Francisco Lindor",
        "team": "Unknown",
        "hits": 1,
        "rbi": 1
      },
      {
        "name": "Brandon Nimmo",
        "team": "Unknown",
        "hits": 1,
        "rbi": 1
      }
    ],
    "pitcher_stats": [
      {
        "name": "Kyle Nelson",
        "team": "Unknown",
        "innings_pitched": "0.1",
        "strikeouts": 0,
        "earned_runs": 0
      },
      {
        "name": "Austin Adams",
        "team": "Unknown",
        "innings_pitched": "0.1",
        "strikeouts": 1,
        "earned_runs": 1
      },
      {
        "name": "Zach Davies",
        "team": "Unknown",
        "innings_pitched": "5.2",
        "strikeouts": 6,
        "earned_runs": 4
      },
      {
        "name": "Miguel Castro",
        "team": "Unknown",
        "innings_pitched": "1.0",
        "strikeouts": 1,
        "earned_runs": 2
      },
      {
        "name": "Jos\u00e9 Ruiz",
        "team": "Unknown",
        "innings_pitched": "1.2",
        "strikeouts": 1,
        "earned_runs": 1
      },
      {
        "name": "Adam Ottavino",
        "team": "Unknown",
        "innings_pitched": "1.0",
        "strikeouts": 2,
        "earned_runs": 0
      },
      {
        "name": "Max Scherzer",
        "team": "Unknown",
        "innings_pitched": "6.0",
        "strikeouts": 9,
        "earned_runs": 4
      },
      {
        "name": "Drew Smith",
        "team": "Unknown",
        "innings_pitched": "0.2",
        "strikeouts": 0,
        "earned_runs": 1
      },
      {
        "name": "Brooks Raley",
        "team": "Unknown",
        "innings_pitched": "1.0",
        "strikeouts": 1,
        "earned_runs": 0
      },
      {
        "name": "David Robertson",
        "team": "Unknown",
        "innings_pitched": "0.1",
        "strikeouts": 0,
        "earned_runs": 0
      }
    ]
  },
  {
    "date": "2023-07-04",
    "home_team": "Tampa Bay Rays",
    "away_team": "Philadelphia Phillies",
    "home_score": 1,
    "away_score": 3,
    "status": "Final",
    "game_id": 717499,
    "starting_pitchers": {
      "home": "Zach Eflin",
      "away": "Aaron Nola"
    },
    "first_inning_runs": {
      "home": 0,
      "away": 0
    },
    "player_stats": [
      {
        "name": "Jose Siri",
        "team": "Unknown",
        "hits": 0,
        "rbi": 0
      },
      {
        "name": "Isaac Paredes",
        "team": "Unknown",
        "hits": 0,
        "rbi": 0
      },
      {
        "name": "Harold Ram\u00edrez",
        "team": "Unknown",
        "hits": 1,
        "rbi": 0
      },
      {
        "name": "Brandon Lowe",
        "team": "Unknown",
        "hits": 1,
        "rbi": 0
      },
      {
        "name": "Randy Arozarena",
        "team": "Unknown",
        "hits": 1,
        "rbi": 0
      },
      {
        "name": "Christian Bethancourt",
        "team": "Unknown",
        "hits": 1,
        "rbi": 0
      },
      {
        "name": "Josh Lowe",
        "team": "Unknown",
        "hits": 0,
        "rbi": 0
      },
      {
        "name": "Yandy D\u00edaz",
        "team": "Unknown",
        "hits": 0,
        "rbi": 0
      },
      {
        "name": "Wander Franco",
        "team": "Unknown",
        "hits": 2,
        "rbi": 1
      },
      {
        "name": "Luke Raley",
        "team": "Unknown",
        "hits": 0,
        "rbi": 0
      },
      {
        "name": "Brandon Marsh",
        "team": "Unknown",
        "hits": 0,
        "rbi": 0
      },
      {
        "name": "Bryce Harper",
        "team": "Unknown",
        "hits": 2,
        "rbi": 1
      },
      {
        "name": "J.T. Realmuto",
        "team": "Unknown",
        "hits": 0,
        "rbi": 0
      },
      {
        "name": "Nick Castellanos",
        "team": "Unknown",
        "hits": 0,
        "rbi": 0
      },
      {
        "name": "Alec Bohm",
        "team": "Unknown",
        "hits": 1,
        "rbi": 1
      },
      {
        "name": "Bryson Stott",
        "team": "Unknown",
        "hits": 2,
        "rbi": 1
      },
      {
        "name": "Kyle Schwarber",
        "team": "Unknown",
        "hits": 1,
        "rbi": 0
      },
      {
        "name": "Darick Hall",
        "team": "Unknown",
        "hits": 0,
        "rbi": 0
      },
      {
        "name": "Trea Turner",
        "team": "Unknown",
        "hits": 0,
        "rbi": 0
      }
    ],
    "pitcher_stats": [
      {
        "name": "Jalen Beeks",
        "team": "Unknown",
        "innings_pitched": "2.0",
        "strikeouts": 3,
        "earned_runs": 1
      },
      {
        "name": "Zach Eflin",
        "team": "Unknown",
        "innings_pitched": "7.0",
        "strikeouts": 9,
        "earned_runs": 2
      },
      {
        "name": "Jos\u00e9 Alvarado",
        "team": "Unknown",
        "innings_pitched": "0.2",
        "strikeouts": 0,
        "earned_runs": 0
      },
      {
        "name": "Craig Kimbrel",
        "team": "Unknown",
        "innings_pitched": "1.0",
        "strikeouts": 2,
        "earned_runs": 0
      },
      {
        "name": "Aaron Nola",
        "team": "Unknown",
        "innings_pitched": "7.1",
        "strikeouts": 12,
        "earned_runs": 1
      }
    ]
  },
  {
    "date": "2023-07-04",
    "home_team": "Milwaukee Brewers",
    "away_team": "Chicago Cubs",
    "home_score": 6,
    "away_score": 7,
    "status": "Final",
    "game_id": 717503,
    "starting_pitchers": {
      "home": "Wade Miley",
      "away": "Kyle Hendricks"
    },
    "first_inning_runs": {
      "home": 0,
      "away": 0
    },
    "player_stats": [
      {
        "name": "Joey Wiemer",
        "team": "Unknown",
        "hits": 0,
        "rbi": 0
      },
      {
        "name": "Christian Yelich",
        "team": "Unknown",
        "hits": 2,
        "rbi": 1
      },
      {
        "name": "Jesse Winker",
        "team": "Unknown",
        "hits": 0,
        "rbi": 0
      },
      {
        "name": "Rowdy Tellez",
        "team": "Unknown",
        "hits": 1,
        "rbi": 1
      },
      {
        "name": "Owen Miller",
        "team": "Unknown",
        "hits": 2,
        "rbi": 0
      },
      {
        "name": "Blake Perkins",
        "team": "Unknown",
        "hits": 0,
        "rbi": 0
      },
      {
        "name": "William Contreras",
        "team": "Unknown",
        "hits": 2,
        "rbi": 1
      },
      {
        "name": "Raimel Tapia",
        "team": "Unknown",
        "hits": 1,
        "rbi": 0
      },
      {
        "name": "Brice Turang",
        "team": "Unknown",
        "hits": 2,
        "rbi": 1
      },
      {
        "name": "Willy Adames",
        "team": "Unknown",
        "hits": 1,
        "rbi": 1
      },
      {
        "name": "Christopher Morel",
        "team": "Unknown",
        "hits": 1,
        "rbi": 0
      },
      {
        "name": "Trey Mancini",
        "team": "Unknown",
        "hits": 1,
        "rbi": 1
      },
      {
        "name": "Ian Happ",
        "team": "Unknown",
        "hits": 1,
        "rbi": 0
      },
      {
        "name": "Patrick Wisdom",
        "team": "Unknown",
        "hits": 0,
        "rbi": 0
      },
      {
        "name": "Mike Tauchman",
        "team": "Unknown",
        "hits": 0,
        "rbi": 0
      },
      {
        "name": "Miguel Amaya",
        "team": "Unknown",
        "hits": 1,
        "rbi": 2
      },
      {
        "name": "Yan Gomes",
        "team": "Unknown",
        "hits": 1,
        "rbi": 1
      },
      {
        "name": "Seiya Suzuki",
        "team": "Unknown",
        "hits": 2,
        "rbi": 0
      },
      {
        "name": "Cody Bellinger",
        "team": "Unknown",
        "hits": 2,
        "rbi": 1
      },
      {
        "name": "Dansby Swanson",
        "team": "Unknown",
        "hits": 2,
        "rbi": 1
      },
      {
        "name": "Nico Hoerner",
        "team": "Unknown",
        "hits": 2,
        "rbi": 1
      },
      {
        "name": "Jared Young",
        "team": "Unknown",
        "hits": 0,
        "rbi": 0
      }
    ],
    "pitcher_stats": [
      {
        "name": "Hoby Milner",
        "team": "Unknown",
        "innings_pitched": "0.2",
        "strikeouts": 2,
        "earned_runs": 1
      },
      {
        "name": "J.B. Bukauskas",
        "team": "Unknown",
        "innings_pitched": "1.0",
        "strikeouts": 2,
        "earned_runs": 0
      },
      {
        "name": "Wade Miley",
        "team": "Unknown",
        "innings_pitched": "5.0",
        "strikeouts": 4,
        "earned_runs": 4
      },
      {
        "name": "Elvis Peguero",
        "team": "Unknown",
        "innings_pitched": "1.0",
        "strikeouts": 0,
        "earned_runs": 0
      },
      {
        "name": "Clayton Andrews",
        "team": "Unknown",
        "innings_pitched": "1.0",
        "strikeouts": 2,
        "earned_runs": 0
      },
      {
        "name": "Bryse Wilson",
        "team": "Unknown",
        "innings_pitched": "2.1",
        "strikeouts": 2,
        "earned_runs": 1
      },
      {
        "name": "Adbert Alzolay",
        "team": "Unknown",
        "innings_pitched": "1.1",
        "strikeouts": 3,
        "earned_runs": 2
      },
      {
        "name": "Daniel Palencia",
        "team": "Unknown",
        "innings_pitched": "2.0",
        "strikeouts": 0,
        "earned_runs": 0
      },
      {
        "name": "Mark Leiter Jr.",
        "team": "Unknown",
        "innings_pitched": "0.2",
        "strikeouts": 0,
        "earned_runs": 2
      },
      {
        "name": "Julian Merryweather",
        "team": "Unknown",
        "innings_pitched": "1.0",
        "strikeouts": 2,
        "earned_runs": 0
      },
      {
        "name": "Kyle Hendricks",
        "team": "Unknown",
        "innings_pitched": "6.0",
        "strikeouts": 5,
        "earned_runs": 1
      }
    ]
  },
  {
    "date": "2023-07-04",
    "home_team": "San Francisco Giants",
    "away_team": "Seattle Mariners",
    "home_score": 0,
    "away_score": 6,
    "status": "Final",
    "game_id": 717509,
    "starting_pitchers": {
      "home": "Keaton Winn",
      "away": "Logan Gilbert"
    },
    "first_inning_runs": {
      "home": 0,
      "away": 1
    },
    "player_stats": [
      {
        "name": "Blake Sabol",
        "team": "Unknown",
        "hits": 0,
        "rbi": 0
      },
      {
        "name": "Casey Schmitt",
        "team": "Unknown",
        "hits": 0,
        "rbi": 0
      },
      {
        "name": "Michael Conforto",
        "team": "Unknown",
        "hits": 0,
        "rbi": 0
      },
      {
        "name": "Joc Pederson",
        "team": "Unknown",
        "hits": 1,
        "rbi": 0
      },
      {
        "name": "Brandon Crawford",
        "team": "Unknown",
        "hits": 0,
        "rbi": 0
      },
      {
        "name": "Patrick Bailey",
        "team": "Unknown",
        "hits": 0,
        "rbi": 0
      },
      {
        "name": "LaMonte Wade Jr.",
        "team": "Unknown",
        "hits": 1,
        "rbi": 0
      },
      {
        "name": "Mike Yastrzemski",
        "team": "Unknown",
        "hits": 1,
        "rbi": 0
      },
      {
        "name": "J.D. Davis",
        "team": "Unknown",
        "hits": 2,
        "rbi": 0
      },
      {
        "name": "Mike Ford",
        "team": "Unknown",
        "hits": 4,
        "rbi": 1
      },
      {
        "name": "Kolten Wong",
        "team": "Unknown",
        "hits": 0,
        "rbi": 0
      },
      {
        "name": "J.P. Crawford",
        "team": "Unknown",
        "hits": 2,
        "rbi": 0
      },
      {
        "name": "AJ Pollock",
        "team": "Unknown",
        "hits": 2,
        "rbi": 2
      },
      {
        "name": "Teoscar Hern\u00e1ndez",
        "team": "Unknown",
        "hits": 1,
        "rbi": 0
      },
      {
        "name": "Eugenio Su\u00e1rez",
        "team": "Unknown",
        "hits": 1,
        "rbi": 0
      },
      {
        "name": "Tom Murphy",
        "team": "Unknown",
        "hits": 1,
        "rbi": 0
      },
      {
        "name": "Julio Rodr\u00edguez",
        "team": "Unknown",
        "hits": 2,
        "rbi": 1
      },
      {
        "name": "Jarred Kelenic",
        "team": "Unknown",
        "hits": 0,
        "rbi": 1
      }
    ],
    "pitcher_stats": [
      {
        "name": "Sean Manaea",
        "team": "Unknown",
        "innings_pitched": "2.0",
        "strikeouts": 2,
        "earned_runs": 1
      },
      {
        "name": "Keaton Winn",
        "team": "Unknown",
        "innings_pitched": "4.0",
        "strikeouts": 2,
        "earned_runs": 3
      },
      {
        "name": "Jakob Junis",
        "team": "Unknown",
        "innings_pitched": "3.0",
        "strikeouts": 5,
        "earned_runs": 2
      },
      {
        "name": "Logan Gilbert",
        "team": "Unknown",
        "innings_pitched": "9.0",
        "strikeouts": 7,
        "earned_runs": 0
      }
    ]
  },
  {
    "date": "2023-07-04",
    "home_team": "Detroit Tigers",
    "away_team": "Oakland Athletics",
    "home_score": 0,
    "away_score": 1,
    "status": "Final",
    "game_id": 717494,
    "starting_pitchers": {
      "home": "Tarik Skubal",
      "away": "JP Sears"
    },
    "first_inning_runs": {
      "home": 0,
      "away": 0
    },
    "player_stats": [
      {
        "name": "Zach McKinstry",
        "team": "Unknown",
        "hits": 0,
        "rbi": 0
      },
      {
        "name": "Javier B\u00e1ez",
        "team": "Unknown",
        "hits": 0,
        "rbi": 0
      },
      {
        "name": "Jonathan Schoop",
        "team": "Unknown",
        "hits": 0,
        "rbi": 0
      },
      {
        "name": "Zack Short",
        "team": "Unknown",
        "hits": 1,
        "rbi": 0
      },
      {
        "name": "Spencer Torkelson",
        "team": "Unknown",
        "hits": 0,
        "rbi": 0
      },
      {
        "name": "Jake Rogers",
        "team": "Unknown",
        "hits": 1,
        "rbi": 0
      },
      {
        "name": "Miguel Cabrera",
        "team": "Unknown",
        "hits": 2,
        "rbi": 0
      },
      {
        "name": "Eric Haase",
        "team": "Unknown",
        "hits": 0,
        "rbi": 0
      },
      {
        "name": "Matt Vierling",
        "team": "Unknown",
        "hits": 2,
        "rbi": 0
      },
      {
        "name": "Andy Ib\u00e1\u00f1ez",
        "team": "Unknown",
        "hits": 0,
        "rbi": 0
      },
      {
        "name": "Nick Allen",
        "team": "Unknown",
        "hits": 0,
        "rbi": 0
      },
      {
        "name": "Brent Rooker",
        "team": "Unknown",
        "hits": 0,
        "rbi": 0
      },
      {
        "name": "Jace Peterson",
        "team": "Unknown",
        "hits": 0,
        "rbi": 0
      },
      {
        "name": "Manny Pi\u00f1a",
        "team": "Unknown",
        "hits": 0,
        "rbi": 0
      },
      {
        "name": "Esteury Ruiz",
        "team": "Unknown",
        "hits": 0,
        "rbi": 0
      },
      {
        "name": "Seth Brown",
        "team": "Unknown",
        "hits": 0,
        "rbi": 0
      },
      {
        "name": "Jordan Diaz",
        "team": "Unknown",
        "hits": 0,
        "rbi": 0
      },
      {
        "name": "Ryan Noda",
        "team": "Unknown",
        "hits": 1,
        "rbi": 1
      },
      {
        "name": "Tony Kemp",
        "team": "Unknown",
        "hits": 0,
        "rbi": 0
      },
      {
        "name": "Aledmys D\u00edaz",
        "team": "Unknown",
        "hits": 0,
        "rbi": 0
      },
      {
        "name": "Shea Langeliers",
        "team": "Unknown",
        "hits": 1,
        "rbi": 0
      },
      {
        "name": "JJ Bleday",
        "team": "Unknown",
        "hits": 0,
        "rbi": 0
      }
    ],
    "pitcher_stats": [
      {
        "name": "Tarik Skubal",
        "team": "Unknown",
        "innings_pitched": "4.0",
        "strikeouts": 6,
        "earned_runs": 0
      },
      {
        "name": "Reese Olson",
        "team": "Unknown",
        "innings_pitched": "5.0",
        "strikeouts": 5,
        "earned_runs": 0
      },
      {
        "name": "Tyler Holton",
        "team": "Unknown",
        "innings_pitched": "1.0",
        "strikeouts": 1,
        "earned_runs": 0
      },
      {
        "name": "Shintaro Fujinami",
        "team": "Unknown",
        "innings_pitched": "1.0",
        "strikeouts": 3,
        "earned_runs": 0
      },
      {
        "name": "Lucas Erceg",
        "team": "Unknown",
        "innings_pitched": "0.2",
        "strikeouts": 2,
        "earned_runs": 0
      },
      {
        "name": "Trevor May",
        "team": "Unknown",
        "innings_pitched": "1.0",
        "strikeouts": 1,
        "earned_runs": 0
      },
      {
        "name": "JP Sears",
        "team": "Unknown",
        "innings_pitched": "7.1",
        "strikeouts": 4,
        "earned_runs": 0
      }
    ]
  },
  {
    "date": "2023-07-04",
    "home_team": "San Diego Padres",
    "away_team": "Los Angeles Angels",
    "home_score": 8,
    "away_score": 5,
    "status": "Final",
    "game_id": 717497,
    "starting_pitchers": {
      "home": "Joe Musgrove",
      "away": "Shohei Ohtani"
    },
    "first_inning_runs": {
      "home": 0,
      "away": 0
    },
    "player_stats": [
      {
        "name": "Rougned Odor",
        "team": "Unknown",
        "hits": 1,
        "rbi": 0
      },
      {
        "name": "Manny Machado",
        "team": "Unknown",
        "hits": 3,
        "rbi": 1
      },
      {
        "name": "Fernando Tatis Jr.",
        "team": "Unknown",
        "hits": 0,
        "rbi": 0
      },
      {
        "name": "Juan Soto",
        "team": "Unknown",
        "hits": 0,
        "rbi": 1
      },
      {
        "name": "Xander Bogaerts",
        "team": "Unknown",
        "hits": 2,
        "rbi": 3
      },
      {
        "name": "Gary S\u00e1nchez",
        "team": "Unknown",
        "hits": 0,
        "rbi": 0
      },
      {
        "name": "Trent Grisham",
        "team": "Unknown",
        "hits": 1,
        "rbi": 0
      },
      {
        "name": "Jake Cronenworth",
        "team": "Unknown",
        "hits": 3,
        "rbi": 3
      },
      {
        "name": "Ha-Seong Kim",
        "team": "Unknown",
        "hits": 1,
        "rbi": 0
      },
      {
        "name": "Luis Rengifo",
        "team": "Unknown",
        "hits": 1,
        "rbi": 0
      },
      {
        "name": "Mickey Moniak",
        "team": "Unknown",
        "hits": 1,
        "rbi": 1
      },
      {
        "name": "Taylor Ward",
        "team": "Unknown",
        "hits": 1,
        "rbi": 0
      },
      {
        "name": "Hunter Renfroe",
        "team": "Unknown",
        "hits": 1,
        "rbi": 1
      },
      {
        "name": "Eduardo Escobar",
        "team": "Unknown",
        "hits": 0,
        "rbi": 1
      },
      {
        "name": "Anthony Rendon",
        "team": "Unknown",
        "hits": 0,
        "rbi": 0
      },
      {
        "name": "Jo Adell",
        "team": "Unknown",
        "hits": 1,
        "rbi": 1
      },
      {
        "name": "Andrew Velazquez",
        "team": "Unknown",
        "hits": 1,
        "rbi": 0
      },
      {
        "name": "Shohei Ohtani",
        "team": "Unknown",
        "hits": 0,
        "rbi": 0
      },
      {
        "name": "Mike Moustakas",
        "team": "Unknown",
        "hits": 0,
        "rbi": 0
      },
      {
        "name": "David Fletcher",
        "team": "Unknown",
        "hits": 0,
        "rbi": 0
      },
      {
        "name": "Chad Wallach",
        "team": "Unknown",
        "hits": 0,
        "rbi": 1
      }
    ],
    "pitcher_stats": [
      {
        "name": "Josh Hader",
        "team": "Unknown",
        "innings_pitched": "0.2",
        "strikeouts": 1,
        "earned_runs": 0
      },
      {
        "name": "Joe Musgrove",
        "team": "Unknown",
        "innings_pitched": "7.0",
        "strikeouts": 11,
        "earned_runs": 1
      },
      {
        "name": "Jos\u00e9 Castillo",
        "team": "Unknown",
        "innings_pitched": "0.1",
        "strikeouts": 0,
        "earned_runs": 4
      },
      {
        "name": "Luis Garc\u00eda",
        "team": "Unknown",
        "innings_pitched": "1.0",
        "strikeouts": 2,
        "earned_runs": 0
      },
      {
        "name": "Gerardo Reyes",
        "team": "Unknown",
        "innings_pitched": "1.0",
        "strikeouts": 0,
        "earned_runs": 2
      },
      {
        "name": "Aaron Loup",
        "team": "Unknown",
        "innings_pitched": "1.0",
        "strikeouts": 1,
        "earned_runs": 0
      },
      {
        "name": "Chris Devenski",
        "team": "Unknown",
        "innings_pitched": "1.0",
        "strikeouts": 1,
        "earned_runs": 1
      },
      {
        "name": "Shohei Ohtani",
        "team": "Unknown",
        "innings_pitched": "5.0",
        "strikeouts": 5,
        "earned_runs": 5
      }
    ]
  },
  {
    "date": "2023-07-04",
    "home_team": "Cleveland Guardians",
    "away_team": "Atlanta Braves",
    "home_score": 6,
    "away_score": 5,
    "status": "Final",
    "game_id": 717495,
    "starting_pitchers": {
      "home": "Shane Bieber",
      "away": "Kolby Allard"
    },
    "first_inning_runs": {
      "home": 0,
      "away": 0
    },
    "player_stats": [
      {
        "name": "Cam Gallagher",
        "team": "Unknown",
        "hits": 0,
        "rbi": 0
      },
      {
        "name": "Will Brennan",
        "team": "Unknown",
        "hits": 0,
        "rbi": 0
      },
      {
        "name": "Amed Rosario",
        "team": "Unknown",
        "hits": 3,
        "rbi": 4
      },
      {
        "name": "Josh Bell",
        "team": "Unknown",
        "hits": 1,
        "rbi": 0
      },
      {
        "name": "Andr\u00e9s Gim\u00e9nez",
        "team": "Unknown",
        "hits": 1,
        "rbi": 0
      },
      {
        "name": "Gabriel Arias",
        "team": "Unknown",
        "hits": 0,
        "rbi": 0
      },
      {
        "name": "Tyler Freeman",
        "team": "Unknown",
        "hits": 2,
        "rbi": 0
      },
      {
        "name": "David Fry",
        "team": "Unknown",
        "hits": 2,
        "rbi": 1
      },
      {
        "name": "Jos\u00e9 Ram\u00edrez",
        "team": "Unknown",
        "hits": 0,
        "rbi": 0
      },
      {
        "name": "Steven Kwan",
        "team": "Unknown",
        "hits": 2,
        "rbi": 1
      },
      {
        "name": "Myles Straw",
        "team": "Unknown",
        "hits": 0,
        "rbi": 0
      },
      {
        "name": "Michael Harris II",
        "team": "Unknown",
        "hits": 0,
        "rbi": 0
      },
      {
        "name": "Travis d'Arnaud",
        "team": "Unknown",
        "hits": 1,
        "rbi": 1
      },
      {
        "name": "Matt Olson",
        "team": "Unknown",
        "hits": 0,
        "rbi": 0
      },
      {
        "name": "Ronald Acu\u00f1a Jr.",
        "team": "Unknown",
        "hits": 2,
        "rbi": 0
      },
      {
        "name": "Eddie Rosario",
        "team": "Unknown",
        "hits": 1,
        "rbi": 1
      },
      {
        "name": "Ozzie Albies",
        "team": "Unknown",
        "hits": 2,
        "rbi": 3
      },
      {
        "name": "Austin Riley",
        "team": "Unknown",
        "hits": 1,
        "rbi": 0
      },
      {
        "name": "Orlando Arcia",
        "team": "Unknown",
        "hits": 1,
        "rbi": 0
      },
      {
        "name": "Marcell Ozuna",
        "team": "Unknown",
        "hits": 2,
        "rbi": 0
      }
    ],
    "pitcher_stats": [
      {
        "name": "Shane Bieber",
        "team": "Unknown",
        "innings_pitched": "4.2",
        "strikeouts": 4,
        "earned_runs": 4
      },
      {
        "name": "Eli Morgan",
        "team": "Unknown",
        "innings_pitched": "1.1",
        "strikeouts": 2,
        "earned_runs": 0
      },
      {
        "name": "Nick Sandlin",
        "team": "Unknown",
        "innings_pitched": "1.0",
        "strikeouts": 2,
        "earned_runs": 0
      },
      {
        "name": "Emmanuel Clase",
        "team": "Unknown",
        "innings_pitched": "1.0",
        "strikeouts": 1,
        "earned_runs": 1
      },
      {
        "name": "Enyel De Los Santos",
        "team": "Unknown",
        "innings_pitched": "1.0",
        "strikeouts": 0,
        "earned_runs": 0
      },
      {
        "name": "Trevor Stephan",
        "team": "Unknown",
        "innings_pitched": "1.0",
        "strikeouts": 0,
        "earned_runs": 0
      },
      {
        "name": "Nick Anderson",
        "team": "Unknown",
        "innings_pitched": "1.0",
        "strikeouts": 0,
        "earned_runs": 0
      },
      {
        "name": "Collin McHugh",
        "team": "Unknown",
        "innings_pitched": "1.0",
        "strikeouts": 1,
        "earned_runs": 0
      },
      {
        "name": "Raisel Iglesias",
        "team": "Unknown",
        "innings_pitched": "0.2",
        "strikeouts": 0,
        "earned_runs": 0
      },
      {
        "name": "Kolby Allard",
        "team": "Unknown",
        "innings_pitched": "5.0",
        "strikeouts": 3,
        "earned_runs": 3
      },
      {
        "name": "Joe Jim\u00e9nez",
        "team": "Unknown",
        "innings_pitched": "1.0",
        "strikeouts": 2,
        "earned_runs": 0
      },
      {
        "name": "Kirby Yates",
        "team": "Unknown",
        "innings_pitched": "1.0",
        "strikeouts": 0,
        "earned_runs": 2
      }
    ]
  },
  {
    "date": "2023-07-04",
    "home_team": "Chicago White Sox",
    "away_team": "Toronto Blue Jays",
    "home_score": 3,
    "away_score": 4,
    "status": "Final",
    "game_id": 717496,
    "starting_pitchers": {
      "home": "Lucas Giolito",
      "away": "Chris Bassitt"
    },
    "first_inning_runs": {
      "home": 0,
      "away": 0
    },
    "player_stats": [
      {
        "name": "Jake Burger",
        "team": "Unknown",
        "hits": 0,
        "rbi": 0
      },
      {
        "name": "Andrew Vaughn",
        "team": "Unknown",
        "hits": 0,
        "rbi": 0
      },
      {
        "name": "Zach Remillard",
        "team": "Unknown",
        "hits": 0,
        "rbi": 0
      },
      {
        "name": "Seby Zavala",
        "team": "Unknown",
        "hits": 0,
        "rbi": 0
      },
      {
        "name": "Andrew Benintendi",
        "team": "Unknown",
        "hits": 1,
        "rbi": 0
      },
      {
        "name": "Tim Anderson",
        "team": "Unknown",
        "hits": 2,
        "rbi": 0
      },
      {
        "name": "Eloy Jim\u00e9nez",
        "team": "Unknown",
        "hits": 2,
        "rbi": 0
      },
      {
        "name": "Luis Robert Jr.",
        "team": "Unknown",
        "hits": 1,
        "rbi": 3
      },
      {
        "name": "Oscar Col\u00e1s",
        "team": "Unknown",
        "hits": 1,
        "rbi": 0
      },
      {
        "name": "Bo Bichette",
        "team": "Unknown",
        "hits": 1,
        "rbi": 0
      },
      {
        "name": "Daulton Varsho",
        "team": "Unknown",
        "hits": 0,
        "rbi": 0
      },
      {
        "name": "Matt Chapman",
        "team": "Unknown",
        "hits": 0,
        "rbi": 0
      },
      {
        "name": "Whit Merrifield",
        "team": "Unknown",
        "hits": 2,
        "rbi": 2
      },
      {
        "name": "Kevin Kiermaier",
        "team": "Unknown",
        "hits": 0,
        "rbi": 0
      },
      {
        "name": "George Springer",
        "team": "Unknown",
        "hits": 0,
        "rbi": 0
      },
      {
        "name": "Vladimir Guerrero Jr.",
        "team": "Unknown",
        "hits": 2,
        "rbi": 2
      },
      {
        "name": "Brandon Belt",
        "team": "Unknown",
        "hits": 1,
        "rbi": 0
      },
      {
        "name": "Alejandro Kirk",
        "team": "Unknown",
        "hits": 0,
        "rbi": 0
      }
    ],
    "pitcher_stats": [
      {
        "name": "Kendall Graveman",
        "team": "Unknown",
        "innings_pitched": "1.0",
        "strikeouts": 0,
        "earned_runs": 0
      },
      {
        "name": "Reynaldo L\u00f3pez",
        "team": "Unknown",
        "innings_pitched": "1.0",
        "strikeouts": 0,
        "earned_runs": 0
      },
      {
        "name": "Lucas Giolito",
        "team": "Unknown",
        "innings_pitched": "6.0",
        "strikeouts": 4,
        "earned_runs": 2
      },
      {
        "name": "Joe Kelly",
        "team": "Unknown",
        "innings_pitched": "1.0",
        "strikeouts": 2,
        "earned_runs": 2
      },
      {
        "name": "Chris Bassitt",
        "team": "Unknown",
        "innings_pitched": "6.0",
        "strikeouts": 5,
        "earned_runs": 3
      },
      {
        "name": "Erik Swanson",
        "team": "Unknown",
        "innings_pitched": "1.0",
        "strikeouts": 0,
        "earned_runs": 0
      },
      {
        "name": "Nate Pearson",
        "team": "Unknown",
        "innings_pitched": "1.0",
        "strikeouts": 1,
        "earned_runs": 0
      },
      {
        "name": "Jordan Romano",
        "team": "Unknown",
        "innings_pitched": "1.0",
        "strikeouts": 3,
        "earned_runs": 0
      }
    ]
  },
  {
    "date": "2023-07-04",
    "home_team": "Los Angeles Dodgers",
    "away_team": "Pittsburgh Pirates",
    "home_score": 7,
    "away_score": 9,
    "status": "Final",
    "game_id": 717492,
    "starting_pitchers": {
      "home": "Emmet Sheehan",
      "away": "Luis L. Ortiz"
    },
    "first_inning_runs": {
      "home": 1,
      "away": 2
    },
    "player_stats": [
      {
        "name": "Will Smith",
        "team": "Unknown",
        "hits": 1,
        "rbi": 1
      },
      {
        "name": "Max Muncy",
        "team": "Unknown",
        "hits": 1,
        "rbi": 0
      },
      {
        "name": "Jason Heyward",
        "team": "Unknown",
        "hits": 2,
        "rbi": 0
      },
      {
        "name": "Freddie Freeman",
        "team": "Unknown",
        "hits": 1,
        "rbi": 0
      },
      {
        "name": "Jonny DeLuca",
        "team": "Unknown",
        "hits": 1,
        "rbi": 1
      },
      {
        "name": "David Peralta",
        "team": "Unknown",
        "hits": 0,
        "rbi": 0
      },
      {
        "name": "J.D. Martinez",
        "team": "Unknown",
        "hits": 0,
        "rbi": 0
      },
      {
        "name": "James Outman",
        "team": "Unknown",
        "hits": 2,
        "rbi": 4
      },
      {
        "name": "Mookie Betts",
        "team": "Unknown",
        "hits": 2,
        "rbi": 1
      },
      {
        "name": "Miguel Rojas",
        "team": "Unknown",
        "hits": 1,
        "rbi": 0
      },
      {
        "name": "Miguel Vargas",
        "team": "Unknown",
        "hits": 0,
        "rbi": 0
      },
      {
        "name": "Bryan Reynolds",
        "team": "Unknown",
        "hits": 2,
        "rbi": 1
      },
      {
        "name": "Rodolfo Castro",
        "team": "Unknown",
        "hits": 0,
        "rbi": 0
      },
      {
        "name": "Austin Hedges",
        "team": "Unknown",
        "hits": 1,
        "rbi": 1
      },
      {
        "name": "Jared Triolo",
        "team": "Unknown",
        "hits": 2,
        "rbi": 1
      },
      {
        "name": "Andrew McCutchen",
        "team": "Unknown",
        "hits": 0,
        "rbi": 0
      },
      {
        "name": "Henry Davis",
        "team": "Unknown",
        "hits": 1,
        "rbi": 1
      },
      {
        "name": "Joshua Palacios",
        "team": "Unknown",
        "hits": 1,
        "rbi": 2
      },
      {
        "name": "Jack Suwinski",
        "team": "Unknown",
        "hits": 2,
        "rbi": 1
      },
      {
        "name": "Carlos Santana",
        "team": "Unknown",
        "hits": 0,
        "rbi": 0
      },
      {
        "name": "Nick Gonzales",
        "team": "Unknown",
        "hits": 3,
        "rbi": 2
      }
    ],
    "pitcher_stats": [
      {
        "name": "Phil Bickford",
        "team": "Unknown",
        "innings_pitched": "1.0",
        "strikeouts": 0,
        "earned_runs": 0
      },
      {
        "name": "Caleb Ferguson",
        "team": "Unknown",
        "innings_pitched": "0.1",
        "strikeouts": 0,
        "earned_runs": 0
      },
      {
        "name": "Yency Almonte",
        "team": "Unknown",
        "innings_pitched": "1.0",
        "strikeouts": 3,
        "earned_runs": 0
      },
      {
        "name": "Evan Phillips",
        "team": "Unknown",
        "innings_pitched": "1.0",
        "strikeouts": 2,
        "earned_runs": 3
      },
      {
        "name": "Emmet Sheehan",
        "team": "Unknown",
        "innings_pitched": "3.2",
        "strikeouts": 4,
        "earned_runs": 5
      },
      {
        "name": "Gavin Stone",
        "team": "Unknown",
        "innings_pitched": "2.0",
        "strikeouts": 3,
        "earned_runs": 1
      },
      {
        "name": "Luis L. Ortiz",
        "team": "Unknown",
        "innings_pitched": "3.1",
        "strikeouts": 3,
        "earned_runs": 6
      },
      {
        "name": "Angel Perdomo",
        "team": "Unknown",
        "innings_pitched": "0.1",
        "strikeouts": 1,
        "earned_runs": 1
      },
      {
        "name": "Colin Holderman",
        "team": "Unknown",
        "innings_pitched": "1.2",
        "strikeouts": 0,
        "earned_runs": 0
      },
      {
        "name": "Carmen Mlodzinski",
        "team": "Unknown",
        "innings_pitched": "1.0",
        "strikeouts": 1,
        "earned_runs": 0
      },
      {
        "name": "Ryan Borucki",
        "team": "Unknown",
        "innings_pitched": "1.0",
        "strikeouts": 3,
        "earned_runs": 0
      },
      {
        "name": "David Bednar",
        "team": "Unknown",
        "innings_pitched": "1.2",
        "strikeouts": 2,
        "earned_runs": 0
      }
    ]
  }
]