[
  {
    "date": "2022-04-07",
    "home_team": "Chicago Cubs",
    "away_team": "Milwaukee Brewers",
    "home_score": 5,
    "away_score": 4,
    "status": "Final",
    "game_id": 663178,
    "starting_pitchers": {
      "home": "Kyle Hendricks",
      "away": "Corbin Burnes"
    },
    "first_inning_runs": {
      "home": 0,
      "away": 0
    },
    "player_stats": [
      {
        "name": "Willson Contreras",
        "team": "Unknown",
        "hits": 0,
        "rbi": 0
      },
      {
        "name": "Nick Madrigal",
        "team": "Unknown",
        "hits": 0,
        "rbi": 0
      },
      {
        "name": "Frank Schwindel",
        "team": "Unknown",
        "hits": 0,
        "rbi": 0
      },
      {
        "name": "Ian Happ",
        "team": "Unknown",
        "hits": 3,
        "rbi": 2
      },
      {
        "name": "Patrick Wisdom",
        "team": "Unknown",
        "hits": 0,
        "rbi": 1
      },
      {
        "name": "Clint Frazier",
        "team": "Unknown",
        "hits": 1,
        "rbi": 0
      },
      {
        "name": "Jason Heyward",
        "team": "Unknown",
        "hits": 2,
        "rbi": 0
      },
      {
        "name": "Seiya Suzuki",
        "team": "Unknown",
        "hits": 1,
        "rbi": 0
      },
      {
        "name": "Nico Hoerner",
        "team": "Unknown",
        "hits": 1,
        "rbi": 2
      },
      {
        "name": "Rafael Ortega",
        "team": "Unknown",
        "hits": 0,
        "rbi": 0
      },
      {
        "name": "Tyrone Taylor",
        "team": "Unknown",
        "hits": 0,
        "rbi": 0
      },
      {
        "name": "Kolten Wong",
        "team": "Unknown",
        "hits": 1,
        "rbi": 0
      },
      {
        "name": "Victor Caratini",
        "team": "Unknown",
        "hits": 1,
        "rbi": 0
      },
      {
        "name": "Christian Yelich",
        "team": "Unknown",
        "hits": 0,
        "rbi": 1
      },
      {
        "name": "Jace Peterson",
        "team": "Unknown",
        "hits": 0,
        "rbi": 0
      },
      {
        "name": "Hunter Renfroe",
        "team": "Unknown",
        "hits": 1,
        "rbi": 0
      },
      {
        "name": "Rowdy Tellez",
        "team": "Unknown",
        "hits": 2,
        "rbi": 0
      },
      {
        "name": "Lorenzo Cain",
        "team": "Unknown",
        "hits": 1,
        "rbi": 2
      },
      {
        "name": "Andrew McCutchen",
        "team": "Unknown",
        "hits": 2,
        "rbi": 0
      },
      {
        "name": "Mike Brosseau",
        "team": "Unknown",
        "hits": 0,
        "rbi": 0
      },
      {
        "name": "Willy Adames",
        "team": "Unknown",
        "hits": 2,
        "rbi": 1
      }
    ],
    "pitcher_stats": [
      {
        "name": "Daniel Norris",
        "team": "Unknown",
        "innings_pitched": "1.0",
        "strikeouts": 0,
        "earned_runs": 2
      },
      {
        "name": "Rowan Wick",
        "team": "Unknown",
        "innings_pitched": "0.2",
        "strikeouts": 0,
        "earned_runs": 1
      },
      {
        "name": "Mychal Givens",
        "team": "Unknown",
        "innings_pitched": "0.1",
        "strikeouts": 1,
        "earned_runs": 0
      },
      {
        "name": "Kyle Hendricks",
        "team": "Unknown",
        "innings_pitched": "5.1",
        "strikeouts": 7,
        "earned_runs": 1
      },
      {
        "name": "David Robertson",
        "team": "Unknown",
        "innings_pitched": "1.0",
        "strikeouts": 1,
        "earned_runs": 0
      },
      {
        "name": "Chris Martin",
        "team": "Unknown",
        "innings_pitched": "0.2",
        "strikeouts": 0,
        "earned_runs": 0
      },
      {
        "name": "Corbin Burnes",
        "team": "Unknown",
        "innings_pitched": "5.0",
        "strikeouts": 4,
        "earned_runs": 3
      },
      {
        "name": "Aaron Ashby",
        "team": "Unknown",
        "innings_pitched": "1.2",
        "strikeouts": 1,
        "earned_runs": 1
      },
      {
        "name": "Jake Cousins",
        "team": "Unknown",
        "innings_pitched": "1.1",
        "strikeouts": 2,
        "earned_runs": 1
      }
    ]
  },
  {
    "date": "2022-04-07",
    "home_team": "Kansas City Royals",
    "away_team": "Cleveland Guardians",
    "home_score": 3,
    "away_score": 1,
    "status": "Final",
    "game_id": 662766,
    "starting_pitchers": {
      "home": "Zack Greinke",
      "away": "Shane Bieber"
    },
    "first_inning_runs": {
      "home": 0,
      "away": 0
    },
    "player_stats": [
      {
        "name": "Adalberto Mondesi",
        "team": "Unknown",
        "hits": 0,
        "rbi": 0
      },
      {
        "name": "Salvador Perez",
        "team": "Unknown",
        "hits": 0,
        "rbi": 0
      },
      {
        "name": "Nicky Lopez",
        "team": "Unknown",
        "hits": 1,
        "rbi": 1
      },
      {
        "name": "Whit Merrifield",
        "team": "Unknown",
        "hits": 1,
        "rbi": 0
      },
      {
        "name": "Andrew Benintendi",
        "team": "Unknown",
        "hits": 1,
        "rbi": 1
      },
      {
        "name": "Hunter Dozier",
        "team": "Unknown",
        "hits": 0,
        "rbi": 0
      },
      {
        "name": "Michael A. Taylor",
        "team": "Unknown",
        "hits": 0,
        "rbi": 0
      },
      {
        "name": "Carlos Santana",
        "team": "Unknown",
        "hits": 0,
        "rbi": 0
      },
      {
        "name": "Bobby Witt Jr.",
        "team": "Unknown",
        "hits": 1,
        "rbi": 1
      },
      {
        "name": "Yu Chang",
        "team": "Unknown",
        "hits": 0,
        "rbi": 0
      },
      {
        "name": "Austin Hedges",
        "team": "Unknown",
        "hits": 0,
        "rbi": 0
      },
      {
        "name": "Amed Rosario",
        "team": "Unknown",
        "hits": 1,
        "rbi": 0
      },
      {
        "name": "Andr\u00e9s Gim\u00e9nez",
        "team": "Unknown",
        "hits": 1,
        "rbi": 0
      },
      {
        "name": "Jos\u00e9 Ram\u00edrez",
        "team": "Unknown",
        "hits": 1,
        "rbi": 1
      },
      {
        "name": "Steven Kwan",
        "team": "Unknown",
        "hits": 1,
        "rbi": 0
      },
      {
        "name": "Bobby Bradley",
        "team": "Unknown",
        "hits": 0,
        "rbi": 0
      },
      {
        "name": "Myles Straw",
        "team": "Unknown",
        "hits": 2,
        "rbi": 0
      },
      {
        "name": "\u00d3scar Mercado",
        "team": "Unknown",
        "hits": 0,
        "rbi": 0
      },
      {
        "name": "Franmil Reyes",
        "team": "Unknown",
        "hits": 1,
        "rbi": 0
      }
    ],
    "pitcher_stats": [
      {
        "name": "Scott Barlow",
        "team": "Unknown",
        "innings_pitched": "2.0",
        "strikeouts": 3,
        "earned_runs": 0
      },
      {
        "name": "Zack Greinke",
        "team": "Unknown",
        "innings_pitched": "5.2",
        "strikeouts": 1,
        "earned_runs": 1
      },
      {
        "name": "Jake Brentz",
        "team": "Unknown",
        "innings_pitched": "1.0",
        "strikeouts": 1,
        "earned_runs": 0
      },
      {
        "name": "Josh Staumont",
        "team": "Unknown",
        "innings_pitched": "0.1",
        "strikeouts": 0,
        "earned_runs": 0
      },
      {
        "name": "Shane Bieber",
        "team": "Unknown",
        "innings_pitched": "4.2",
        "strikeouts": 4,
        "earned_runs": 0
      },
      {
        "name": "Triston McKenzie",
        "team": "Unknown",
        "innings_pitched": "3.0",
        "strikeouts": 1,
        "earned_runs": 2
      },
      {
        "name": "Bryan Shaw",
        "team": "Unknown",
        "innings_pitched": "0.1",
        "strikeouts": 1,
        "earned_runs": 0
      }
    ]
  },
  {
    "date": "2022-04-07",
    "home_team": "St. Louis Cardinals",
    "away_team": "Pittsburgh Pirates",
    "home_score": 9,
    "away_score": 0,
    "status": "Final",
    "game_id": 662021,
    "starting_pitchers": {
      "home": "Adam Wainwright",
      "away": "JT Brubaker"
    },
    "first_inning_runs": {
      "home": 1,
      "away": 0
    },
    "player_stats": [
      {
        "name": "Dylan Carlson",
        "team": "Unknown",
        "hits": 1,
        "rbi": 1
      },
      {
        "name": "Albert Pujols",
        "team": "Unknown",
        "hits": 0,
        "rbi": 0
      },
      {
        "name": "Nolan Arenado",
        "team": "Unknown",
        "hits": 1,
        "rbi": 2
      },
      {
        "name": "Tyler O'Neill",
        "team": "Unknown",
        "hits": 2,
        "rbi": 5
      },
      {
        "name": "Paul DeJong",
        "team": "Unknown",
        "hits": 0,
        "rbi": 0
      },
      {
        "name": "Paul Goldschmidt",
        "team": "Unknown",
        "hits": 1,
        "rbi": 0
      },
      {
        "name": "Tommy Edman",
        "team": "Unknown",
        "hits": 1,
        "rbi": 1
      },
      {
        "name": "Harrison Bader",
        "team": "Unknown",
        "hits": 2,
        "rbi": 0
      },
      {
        "name": "Yadier Molina",
        "team": "Unknown",
        "hits": 0,
        "rbi": 0
      },
      {
        "name": "Bryan Reynolds",
        "team": "Unknown",
        "hits": 1,
        "rbi": 0
      },
      {
        "name": "Ben Gamel",
        "team": "Unknown",
        "hits": 0,
        "rbi": 0
      },
      {
        "name": "Daniel Vogelbach",
        "team": "Unknown",
        "hits": 0,
        "rbi": 0
      },
      {
        "name": "Ke'Bryan Hayes",
        "team": "Unknown",
        "hits": 0,
        "rbi": 0
      },
      {
        "name": "Diego Castillo",
        "team": "Unknown",
        "hits": 0,
        "rbi": 0
      },
      {
        "name": "Michael Chavis",
        "team": "Unknown",
        "hits": 0,
        "rbi": 0
      },
      {
        "name": "Josh VanMeter",
        "team": "Unknown",
        "hits": 0,
        "rbi": 0
      },
      {
        "name": "Kevin Newman",
        "team": "Unknown",
        "hits": 1,
        "rbi": 0
      },
      {
        "name": "Cole Tucker",
        "team": "Unknown",
        "hits": 0,
        "rbi": 0
      },
      {
        "name": "Yoshi Tsutsugo",
        "team": "Unknown",
        "hits": 2,
        "rbi": 0
      },
      {
        "name": "Hoy Park",
        "team": "Unknown",
        "hits": 1,
        "rbi": 0
      },
      {
        "name": "Roberto P\u00e9rez",
        "team": "Unknown",
        "hits": 1,
        "rbi": 0
      }
    ],
    "pitcher_stats": [
      {
        "name": "Nick Wittgren",
        "team": "Unknown",
        "innings_pitched": "1.0",
        "strikeouts": 0,
        "earned_runs": 0
      },
      {
        "name": "Adam Wainwright",
        "team": "Unknown",
        "innings_pitched": "6.0",
        "strikeouts": 6,
        "earned_runs": 0
      },
      {
        "name": "Ryan Helsley",
        "team": "Unknown",
        "innings_pitched": "1.0",
        "strikeouts": 1,
        "earned_runs": 0
      },
      {
        "name": "G\u00e9nesis Cabrera",
        "team": "Unknown",
        "innings_pitched": "1.0",
        "strikeouts": 2,
        "earned_runs": 0
      },
      {
        "name": "JT Brubaker",
        "team": "Unknown",
        "innings_pitched": "3.0",
        "strikeouts": 2,
        "earned_runs": 4
      },
      {
        "name": "Heath Hembree",
        "team": "Unknown",
        "innings_pitched": "1.0",
        "strikeouts": 0,
        "earned_runs": 0
      },
      {
        "name": "Aaron Fletcher",
        "team": "Unknown",
        "innings_pitched": "1.0",
        "strikeouts": 0,
        "earned_runs": 4
      },
      {
        "name": "Duane Underwood Jr.",
        "team": "Unknown",
        "innings_pitched": "0.0",
        "strikeouts": 0,
        "earned_runs": 1
      },
      {
        "name": "Wil Crowe",
        "team": "Unknown",
        "innings_pitched": "2.0",
        "strikeouts": 3,
        "earned_runs": 0
      },
      {
        "name": "Chris Stratton",
        "team": "Unknown",
        "innings_pitched": "1.0",
        "strikeouts": 0,
        "earned_runs": 0
      }
    ]
  },
  {
    "date": "2022-04-07",
    "home_team": "Washington Nationals",
    "away_team": "New York Mets",
    "home_score": 1,
    "away_score": 5,
    "status": "Final",
    "game_id": 662571,
    "starting_pitchers": {
      "home": "Patrick Corbin",
      "away": "Tylor Megill"
    },
    "first_inning_runs": {
      "home": 0,
      "away": 0
    },
    "player_stats": [
      {
        "name": "Victor Robles",
        "team": "Unknown",
        "hits": 0,
        "rbi": 0
      },
      {
        "name": "Maikel Franco",
        "team": "Unknown",
        "hits": 0,
        "rbi": 0
      },
      {
        "name": "Josh Bell",
        "team": "Unknown",
        "hits": 1,
        "rbi": 0
      },
      {
        "name": "Nelson Cruz",
        "team": "Unknown",
        "hits": 0,
        "rbi": 0
      },
      {
        "name": "Juan Soto",
        "team": "Unknown",
        "hits": 1,
        "rbi": 1
      },
      {
        "name": "Alcides Escobar",
        "team": "Unknown",
        "hits": 1,
        "rbi": 0
      },
      {
        "name": "Keibert Ruiz",
        "team": "Unknown",
        "hits": 2,
        "rbi": 0
      },
      {
        "name": "Lane Thomas",
        "team": "Unknown",
        "hits": 0,
        "rbi": 0
      },
      {
        "name": "C\u00e9sar Hern\u00e1ndez",
        "team": "Unknown",
        "hits": 1,
        "rbi": 0
      },
      {
        "name": "Robinson Can\u00f3",
        "team": "Unknown",
        "hits": 2,
        "rbi": 0
      },
      {
        "name": "Jeff McNeil",
        "team": "Unknown",
        "hits": 2,
        "rbi": 1
      },
      {
        "name": "Eduardo Escobar",
        "team": "Unknown",
        "hits": 1,
        "rbi": 0
      },
      {
        "name": "Mark Canha",
        "team": "Unknown",
        "hits": 2,
        "rbi": 1
      },
      {
        "name": "Pete Alonso",
        "team": "Unknown",
        "hits": 2,
        "rbi": 0
      },
      {
        "name": "Starling Marte",
        "team": "Unknown",
        "hits": 1,
        "rbi": 1
      },
      {
        "name": "Francisco Lindor",
        "team": "Unknown",
        "hits": 1,
        "rbi": 1
      },
      {
        "name": "Travis Jankowski",
        "team": "Unknown",
        "hits": 0,
        "rbi": 0
      },
      {
        "name": "J.D. Davis",
        "team": "Unknown",
        "hits": 1,
        "rbi": 0
      },
      {
        "name": "James McCann",
        "team": "Unknown",
        "hits": 0,
        "rbi": 1
      }
    ],
    "pitcher_stats": [
      {
        "name": "Mason Thompson",
        "team": "Unknown",
        "innings_pitched": "1.0",
        "strikeouts": 3,
        "earned_runs": 0
      },
      {
        "name": "Austin Voth",
        "team": "Unknown",
        "innings_pitched": "0.2",
        "strikeouts": 1,
        "earned_runs": 2
      },
      {
        "name": "Andr\u00e9s Machado",
        "team": "Unknown",
        "innings_pitched": "1.1",
        "strikeouts": 1,
        "earned_runs": 1
      },
      {
        "name": "V\u00edctor Arano",
        "team": "Unknown",
        "innings_pitched": "1.0",
        "strikeouts": 0,
        "earned_runs": 0
      },
      {
        "name": "Patrick Corbin",
        "team": "Unknown",
        "innings_pitched": "4.0",
        "strikeouts": 4,
        "earned_runs": 2
      },
      {
        "name": "Patrick Murphy",
        "team": "Unknown",
        "innings_pitched": "1.0",
        "strikeouts": 0,
        "earned_runs": 0
      },
      {
        "name": "Adam Ottavino",
        "team": "Unknown",
        "innings_pitched": "1.0",
        "strikeouts": 2,
        "earned_runs": 0
      },
      {
        "name": "Trevor May",
        "team": "Unknown",
        "innings_pitched": "1.0",
        "strikeouts": 0,
        "earned_runs": 1
      },
      {
        "name": "Edwin D\u00edaz",
        "team": "Unknown",
        "innings_pitched": "1.0",
        "strikeouts": 1,
        "earned_runs": 0
      },
      {
        "name": "Seth Lugo",
        "team": "Unknown",
        "innings_pitched": "1.0",
        "strikeouts": 1,
        "earned_runs": 0
      },
      {
        "name": "Tylor Megill",
        "team": "Unknown",
        "innings_pitched": "5.0",
        "strikeouts": 6,
        "earned_runs": 0
      }
    ]
  },
  {
    "date": "2022-04-07",
    "home_team": "Atlanta Braves",
    "away_team": "Cincinnati Reds",
    "home_score": 3,
    "away_score": 6,
    "status": "Final",
    "game_id": 661577,
    "starting_pitchers": {
      "home": "Max Fried",
      "away": "Tyler Mahle"
    },
    "first_inning_runs": {
      "home": 0,
      "away": 0
    },
    "player_stats": [
      {
        "name": "Adam Duvall",
        "team": "Unknown",
        "hits": 0,
        "rbi": 0
      },
      {
        "name": "Travis d'Arnaud",
        "team": "Unknown",
        "hits": 0,
        "rbi": 0
      },
      {
        "name": "Alex Dickerson",
        "team": "Unknown",
        "hits": 0,
        "rbi": 0
      },
      {
        "name": "Matt Olson",
        "team": "Unknown",
        "hits": 0,
        "rbi": 0
      },
      {
        "name": "Guillermo Heredia",
        "team": "Unknown",
        "hits": 0,
        "rbi": 0
      },
      {
        "name": "Eddie Rosario",
        "team": "Unknown",
        "hits": 0,
        "rbi": 0
      },
      {
        "name": "Ozzie Albies",
        "team": "Unknown",
        "hits": 1,
        "rbi": 0
      },
      {
        "name": "Dansby Swanson",
        "team": "Unknown",
        "hits": 0,
        "rbi": 0
      },
      {
        "name": "Austin Riley",
        "team": "Unknown",
        "hits": 3,
        "rbi": 2
      },
      {
        "name": "Marcell Ozuna",
        "team": "Unknown",
        "hits": 0,
        "rbi": 0
      },
      {
        "name": "Jonathan India",
        "team": "Unknown",
        "hits": 2,
        "rbi": 0
      },
      {
        "name": "Brandon Drury",
        "team": "Unknown",
        "hits": 2,
        "rbi": 3
      },
      {
        "name": "Tommy Pham",
        "team": "Unknown",
        "hits": 0,
        "rbi": 0
      },
      {
        "name": "Nick Senzel",
        "team": "Unknown",
        "hits": 1,
        "rbi": 0
      },
      {
        "name": "Joey Votto",
        "team": "Unknown",
        "hits": 1,
        "rbi": 1
      },
      {
        "name": "Kyle Farmer",
        "team": "Unknown",
        "hits": 2,
        "rbi": 1
      },
      {
        "name": "Mike Moustakas",
        "team": "Unknown",
        "hits": 1,
        "rbi": 0
      },
      {
        "name": "Tyler Stephenson",
        "team": "Unknown",
        "hits": 0,
        "rbi": 1
      },
      {
        "name": "Aristides Aquino",
        "team": "Unknown",
        "hits": 1,
        "rbi": 0
      }
    ],
    "pitcher_stats": [
      {
        "name": "Tyler Thornburg",
        "team": "Unknown",
        "innings_pitched": "1.0",
        "strikeouts": 2,
        "earned_runs": 0
      },
      {
        "name": "Spencer Strider",
        "team": "Unknown",
        "innings_pitched": "2.0",
        "strikeouts": 5,
        "earned_runs": 0
      },
      {
        "name": "Collin McHugh",
        "team": "Unknown",
        "innings_pitched": "0.1",
        "strikeouts": 1,
        "earned_runs": 1
      },
      {
        "name": "Max Fried",
        "team": "Unknown",
        "innings_pitched": "5.2",
        "strikeouts": 5,
        "earned_runs": 5
      },
      {
        "name": "Tony Santillan",
        "team": "Unknown",
        "innings_pitched": "1.0",
        "strikeouts": 2,
        "earned_runs": 0
      },
      {
        "name": "Tyler Mahle",
        "team": "Unknown",
        "innings_pitched": "5.0",
        "strikeouts": 7,
        "earned_runs": 0
      },
      {
        "name": "Dauri Moreta",
        "team": "Unknown",
        "innings_pitched": "1.0",
        "strikeouts": 2,
        "earned_runs": 2
      },
      {
        "name": "Justin Wilson",
        "team": "Unknown",
        "innings_pitched": "1.0",
        "strikeouts": 2,
        "earned_runs": 0
      },
      {
        "name": "Luis Cessa",
        "team": "Unknown",
        "innings_pitched": "1.0",
        "strikeouts": 0,
        "earned_runs": 0
      }
    ]
  },
  {
    "date": "2022-04-07",
    "home_team": "Los Angeles Angels",
    "away_team": "Houston Astros",
    "home_score": 1,
    "away_score": 3,
    "status": "Final",
    "game_id": 661042,
    "starting_pitchers": {
      "home": "Shohei Ohtani",
      "away": "Framber Valdez"
    },
    "first_inning_runs": {
      "home": 0,
      "away": 0
    },
    "player_stats": [
      {
        "name": "Brandon Marsh",
        "team": "Unknown",
        "hits": 0,
        "rbi": 0
      },
      {
        "name": "Mike Trout",
        "team": "Unknown",
        "hits": 1,
        "rbi": 0
      },
      {
        "name": "Anthony Rendon",
        "team": "Unknown",
        "hits": 0,
        "rbi": 0
      },
      {
        "name": "Jo Adell",
        "team": "Unknown",
        "hits": 0,
        "rbi": 0
      },
      {
        "name": "Jared Walsh",
        "team": "Unknown",
        "hits": 0,
        "rbi": 0
      },
      {
        "name": "Shohei Ohtani",
        "team": "Unknown",
        "hits": 0,
        "rbi": 0
      },
      {
        "name": "Tyler Wade",
        "team": "Unknown",
        "hits": 0,
        "rbi": 0
      },
      {
        "name": "Matt Duffy",
        "team": "Unknown",
        "hits": 2,
        "rbi": 0
      },
      {
        "name": "David Fletcher",
        "team": "Unknown",
        "hits": 1,
        "rbi": 1
      },
      {
        "name": "Max Stassi",
        "team": "Unknown",
        "hits": 0,
        "rbi": 0
      },
      {
        "name": "Mart\u00edn Maldonado",
        "team": "Unknown",
        "hits": 0,
        "rbi": 0
      },
      {
        "name": "Kyle Tucker",
        "team": "Unknown",
        "hits": 0,
        "rbi": 0
      },
      {
        "name": "Alex Bregman",
        "team": "Unknown",
        "hits": 2,
        "rbi": 2
      },
      {
        "name": "Yuli Gurriel",
        "team": "Unknown",
        "hits": 1,
        "rbi": 0
      },
      {
        "name": "Jose Altuve",
        "team": "Unknown",
        "hits": 0,
        "rbi": 0
      },
      {
        "name": "Jeremy Pe\u00f1a",
        "team": "Unknown",
        "hits": 0,
        "rbi": 0
      },
      {
        "name": "Michael Brantley",
        "team": "Unknown",
        "hits": 2,
        "rbi": 0
      },
      {
        "name": "Chas McCormick",
        "team": "Unknown",
        "hits": 2,
        "rbi": 0
      },
      {
        "name": "Yordan Alvarez",
        "team": "Unknown",
        "hits": 1,
        "rbi": 1
      }
    ],
    "pitcher_stats": [
      {
        "name": "Aaron Loup",
        "team": "Unknown",
        "innings_pitched": "1.0",
        "strikeouts": 1,
        "earned_runs": 0
      },
      {
        "name": "Austin Warren",
        "team": "Unknown",
        "innings_pitched": "1.0",
        "strikeouts": 0,
        "earned_runs": 0
      },
      {
        "name": "Archie Bradley",
        "team": "Unknown",
        "innings_pitched": "1.0",
        "strikeouts": 0,
        "earned_runs": 0
      },
      {
        "name": "Shohei Ohtani",
        "team": "Unknown",
        "innings_pitched": "4.2",
        "strikeouts": 9,
        "earned_runs": 1
      },
      {
        "name": "Ryan Tepera",
        "team": "Unknown",
        "innings_pitched": "1.0",
        "strikeouts": 0,
        "earned_runs": 2
      },
      {
        "name": "Jos\u00e9 Quijada",
        "team": "Unknown",
        "innings_pitched": "0.1",
        "strikeouts": 0,
        "earned_runs": 0
      },
      {
        "name": "Framber Valdez",
        "team": "Unknown",
        "innings_pitched": "6.2",
        "strikeouts": 6,
        "earned_runs": 0
      },
      {
        "name": "H\u00e9ctor Neris",
        "team": "Unknown",
        "innings_pitched": "0.1",
        "strikeouts": 0,
        "earned_runs": 0
      },
      {
        "name": "Ryan Pressly",
        "team": "Unknown",
        "innings_pitched": "1.0",
        "strikeouts": 0,
        "earned_runs": 0
      },
      {
        "name": "Phil Maton",
        "team": "Unknown",
        "innings_pitched": "1.0",
        "strikeouts": 1,
        "earned_runs": 1
      }
    ]
  },
  {
    "date": "2022-04-07",
    "home_team": "Arizona Diamondbacks",
    "away_team": "San Diego Padres",
    "home_score": 4,
    "away_score": 2,
    "status": "Final",
    "game_id": 663418,
    "starting_pitchers": {
      "home": "Madison Bumgarner",
      "away": "Yu Darvish"
    },
    "first_inning_runs": {
      "home": 0,
      "away": 0
    },
    "player_stats": [
      {
        "name": "Ketel Marte",
        "team": "Unknown",
        "hits": 0,
        "rbi": 0
      },
      {
        "name": "Daulton Varsho",
        "team": "Unknown",
        "hits": 0,
        "rbi": 0
      },
      {
        "name": "Carson Kelly",
        "team": "Unknown",
        "hits": 0,
        "rbi": 0
      },
      {
        "name": "David Peralta",
        "team": "Unknown",
        "hits": 0,
        "rbi": 0
      },
      {
        "name": "Drew Ellis",
        "team": "Unknown",
        "hits": 0,
        "rbi": 0
      },
      {
        "name": "Geraldo Perdomo",
        "team": "Unknown",
        "hits": 0,
        "rbi": 0
      },
      {
        "name": "Seth Beer",
        "team": "Unknown",
        "hits": 2,
        "rbi": 3
      },
      {
        "name": "Christian Walker",
        "team": "Unknown",
        "hits": 0,
        "rbi": 0
      },
      {
        "name": "Pavin Smith",
        "team": "Unknown",
        "hits": 1,
        "rbi": 0
      },
      {
        "name": "Jurickson Profar",
        "team": "Unknown",
        "hits": 1,
        "rbi": 0
      },
      {
        "name": "Manny Machado",
        "team": "Unknown",
        "hits": 0,
        "rbi": 0
      },
      {
        "name": "Wil Myers",
        "team": "Unknown",
        "hits": 0,
        "rbi": 0
      },
      {
        "name": "Luke Voit",
        "team": "Unknown",
        "hits": 0,
        "rbi": 1
      },
      {
        "name": "Trent Grisham",
        "team": "Unknown",
        "hits": 1,
        "rbi": 0
      },
      {
        "name": "Jake Cronenworth",
        "team": "Unknown",
        "hits": 0,
        "rbi": 0
      },
      {
        "name": "Ha-Seong Kim",
        "team": "Unknown",
        "hits": 0,
        "rbi": 0
      },
      {
        "name": "Austin Nola",
        "team": "Unknown",
        "hits": 1,
        "rbi": 1
      },
      {
        "name": "Eric Hosmer",
        "team": "Unknown",
        "hits": 1,
        "rbi": 0
      }
    ],
    "pitcher_stats": [
      {
        "name": "Madison Bumgarner",
        "team": "Unknown",
        "innings_pitched": "3.0",
        "strikeouts": 2,
        "earned_runs": 1
      },
      {
        "name": "Joe Mantiply",
        "team": "Unknown",
        "innings_pitched": "1.0",
        "strikeouts": 1,
        "earned_runs": 0
      },
      {
        "name": "Luke Weaver",
        "team": "Unknown",
        "innings_pitched": "0.2",
        "strikeouts": 0,
        "earned_runs": 1
      },
      {
        "name": "Sean Poppen",
        "team": "Unknown",
        "innings_pitched": "1.1",
        "strikeouts": 0,
        "earned_runs": 0
      },
      {
        "name": "Oliver P\u00e9rez",
        "team": "Unknown",
        "innings_pitched": "1.1",
        "strikeouts": 1,
        "earned_runs": 0
      },
      {
        "name": "No\u00e9 Ramirez",
        "team": "Unknown",
        "innings_pitched": "1.2",
        "strikeouts": 1,
        "earned_runs": 0
      },
      {
        "name": "Robert Suarez",
        "team": "Unknown",
        "innings_pitched": "0.0",
        "strikeouts": 0,
        "earned_runs": 3
      },
      {
        "name": "Pierce Johnson",
        "team": "Unknown",
        "innings_pitched": "1.1",
        "strikeouts": 3,
        "earned_runs": 0
      },
      {
        "name": "Craig Stammen",
        "team": "Unknown",
        "innings_pitched": "0.0",
        "strikeouts": 0,
        "earned_runs": 1
      },
      {
        "name": "Yu Darvish",
        "team": "Unknown",
        "innings_pitched": "6.0",
        "strikeouts": 3,
        "earned_runs": 0
      },
      {
        "name": "Tim Hill",
        "team": "Unknown",
        "innings_pitched": "0.2",
        "strikeouts": 0,
        "earned_runs": 0
      }
    ]
  },
  {
    "date": "2022-04-07",
    "home_team": "New York Yankees",
    "away_team": "Boston Red Sox",
    "home_score": "0",
    "away_score": "0",
    "status": "Postponed",
    "game_id": 661333,
    "starting_pitchers": {
      "home": "Gerrit Cole",
      "away": "Nathan Eovaldi"
    },
    "first_inning_runs": {
      "home": 2,
      "away": 3
    },
    "player_stats": [
      {
        "name": "DJ LeMahieu",
        "team": "Unknown",
        "hits": 1,
        "rbi": 1
      },
      {
        "name": "Anthony Rizzo",
        "team": "Unknown",
        "hits": 1,
        "rbi": 2
      },
      {
        "name": "Aaron Judge",
        "team": "Unknown",
        "hits": 2,
        "rbi": 0
      },
      {
        "name": "Aaron Hicks",
        "team": "Unknown",
        "hits": 1,
        "rbi": 0
      },
      {
        "name": "Kyle Higashioka",
        "team": "Unknown",
        "hits": 1,
        "rbi": 0
      },
      {
        "name": "Isiah Kiner-Falefa",
        "team": "Unknown",
        "hits": 0,
        "rbi": 0
      },
      {
        "name": "Josh Donaldson",
        "team": "Unknown",
        "hits": 2,
        "rbi": 1
      },
      {
        "name": "Giancarlo Stanton",
        "team": "Unknown",
        "hits": 1,
        "rbi": 1
      },
      {
        "name": "Joey Gallo",
        "team": "Unknown",
        "hits": 0,
        "rbi": 0
      },
      {
        "name": "Enrique Hern\u00e1ndez",
        "team": "Unknown",
        "hits": 0,
        "rbi": 0
      },
      {
        "name": "Trevor Story",
        "team": "Unknown",
        "hits": 0,
        "rbi": 0
      },
      {
        "name": "Alex Verdugo",
        "team": "Unknown",
        "hits": 2,
        "rbi": 1
      },
      {
        "name": "Bobby Dalbec",
        "team": "Unknown",
        "hits": 1,
        "rbi": 0
      },
      {
        "name": "J.D. Martinez",
        "team": "Unknown",
        "hits": 1,
        "rbi": 1
      },
      {
        "name": "Christian Arroyo",
        "team": "Unknown",
        "hits": 0,
        "rbi": 0
      },
      {
        "name": "Rafael Devers",
        "team": "Unknown",
        "hits": 1,
        "rbi": 2
      },
      {
        "name": "Xander Bogaerts",
        "team": "Unknown",
        "hits": 3,
        "rbi": 1
      },
      {
        "name": "Jackie Bradley Jr.",
        "team": "Unknown",
        "hits": 0,
        "rbi": 0
      },
      {
        "name": "Christian V\u00e1zquez",
        "team": "Unknown",
        "hits": 1,
        "rbi": 0
      }
    ],
    "pitcher_stats": [
      {
        "name": "Michael King",
        "team": "Unknown",
        "innings_pitched": "2.0",
        "strikeouts": 3,
        "earned_runs": 0
      },
      {
        "name": "Wandy Peralta",
        "team": "Unknown",
        "innings_pitched": "0.2",
        "strikeouts": 1,
        "earned_runs": 0
      },
      {
        "name": "Jonathan Lo\u00e1isiga",
        "team": "Unknown",
        "innings_pitched": "1.1",
        "strikeouts": 1,
        "earned_runs": 0
      },
      {
        "name": "Chad Green",
        "team": "Unknown",
        "innings_pitched": "1.0",
        "strikeouts": 0,
        "earned_runs": 0
      },
      {
        "name": "Clay Holmes",
        "team": "Unknown",
        "innings_pitched": "0.2",
        "strikeouts": 0,
        "earned_runs": 1
      },
      {
        "name": "Miguel Castro",
        "team": "Unknown",
        "innings_pitched": "0.1",
        "strikeouts": 1,
        "earned_runs": 0
      },
      {
        "name": "Gerrit Cole",
        "team": "Unknown",
        "innings_pitched": "4.0",
        "strikeouts": 3,
        "earned_runs": 3
      },
      {
        "name": "Aroldis Chapman",
        "team": "Unknown",
        "innings_pitched": "1.0",
        "strikeouts": 2,
        "earned_runs": 0
      },
      {
        "name": "Jake Diekman",
        "team": "Unknown",
        "innings_pitched": "0.1",
        "strikeouts": 0,
        "earned_runs": 0
      },
      {
        "name": "Garrett Whitlock",
        "team": "Unknown",
        "innings_pitched": "2.1",
        "strikeouts": 4,
        "earned_runs": 1
      },
      {
        "name": "Kutter Crawford",
        "team": "Unknown",
        "innings_pitched": "0.0",
        "strikeouts": 0,
        "earned_runs": 0
      },
      {
        "name": "Matt Strahm",
        "team": "Unknown",
        "innings_pitched": "0.2",
        "strikeouts": 1,
        "earned_runs": 0
      },
      {
        "name": "Hansel Robles",
        "team": "Unknown",
        "innings_pitched": "1.0",
        "strikeouts": 2,
        "earned_runs": 0
      },
      {
        "name": "Ryan Brasier",
        "team": "Unknown",
        "innings_pitched": "0.2",
        "strikeouts": 1,
        "earned_runs": 0
      },
      {
        "name": "Nathan Eovaldi",
        "team": "Unknown",
        "innings_pitched": "5.0",
        "strikeouts": 7,
        "earned_runs": 3
      }
    ]
  },
  {
    "date": "2022-04-07",
    "home_team": "Minnesota Twins",
    "away_team": "Seattle Mariners",
    "home_score": "0",
    "away_score": "0",
    "status": "Postponed",
    "game_id": 661750,
    "starting_pitchers": {
      "home": "Joe Ryan",
      "away": "Robbie Ray"
    },
    "first_inning_runs": {
      "home": 0,
      "away": 2
    },
    "player_stats": [
      {
        "name": "Miguel San\u00f3",
        "team": "Unknown",
        "hits": 0,
        "rbi": 0
      },
      {
        "name": "Gio Urshela",
        "team": "Unknown",
        "hits": 1,
        "rbi": 1
      },
      {
        "name": "Ryan Jeffers",
        "team": "Unknown",
        "hits": 1,
        "rbi": 0
      },
      {
        "name": "Alex Kirilloff",
        "team": "Unknown",
        "hits": 0,
        "rbi": 0
      },
      {
        "name": "Carlos Correa",
        "team": "Unknown",
        "hits": 1,
        "rbi": 0
      },
      {
        "name": "Gary S\u00e1nchez",
        "team": "Unknown",
        "hits": 0,
        "rbi": 0
      },
      {
        "name": "Max Kepler",
        "team": "Unknown",
        "hits": 0,
        "rbi": 0
      },
      {
        "name": "Jorge Polanco",
        "team": "Unknown",
        "hits": 0,
        "rbi": 0
      },
      {
        "name": "Luis Arraez",
        "team": "Unknown",
        "hits": 1,
        "rbi": 0
      },
      {
        "name": "Byron Buxton",
        "team": "Unknown",
        "hits": 0,
        "rbi": 0
      },
      {
        "name": "Adam Frazier",
        "team": "Unknown",
        "hits": 0,
        "rbi": 0
      },
      {
        "name": "Mitch Haniger",
        "team": "Unknown",
        "hits": 1,
        "rbi": 2
      },
      {
        "name": "J.P. Crawford",
        "team": "Unknown",
        "hits": 0,
        "rbi": 0
      },
      {
        "name": "Jesse Winker",
        "team": "Unknown",
        "hits": 2,
        "rbi": 0
      },
      {
        "name": "Cal Raleigh",
        "team": "Unknown",
        "hits": 1,
        "rbi": 0
      },
      {
        "name": "Eugenio Su\u00e1rez",
        "team": "Unknown",
        "hits": 0,
        "rbi": 0
      },
      {
        "name": "Ty France",
        "team": "Unknown",
        "hits": 1,
        "rbi": 0
      },
      {
        "name": "Julio Rodr\u00edguez",
        "team": "Unknown",
        "hits": 0,
        "rbi": 0
      },
      {
        "name": "Jarred Kelenic",
        "team": "Unknown",
        "hits": 0,
        "rbi": 0
      }
    ],
    "pitcher_stats": [
      {
        "name": "Jhoan Duran",
        "team": "Unknown",
        "innings_pitched": "2.0",
        "strikeouts": 4,
        "earned_runs": 0
      },
      {
        "name": "Jorge Alcala",
        "team": "Unknown",
        "innings_pitched": "1.0",
        "strikeouts": 0,
        "earned_runs": 0
      },
      {
        "name": "Danny Coulombe",
        "team": "Unknown",
        "innings_pitched": "2.0",
        "strikeouts": 3,
        "earned_runs": 0
      },
      {
        "name": "Joe Ryan",
        "team": "Unknown",
        "innings_pitched": "4.0",
        "strikeouts": 4,
        "earned_runs": 2
      },
      {
        "name": "Paul Sewald",
        "team": "Unknown",
        "innings_pitched": "1.0",
        "strikeouts": 0,
        "earned_runs": 0
      },
      {
        "name": "Robbie Ray",
        "team": "Unknown",
        "innings_pitched": "7.0",
        "strikeouts": 5,
        "earned_runs": 1
      },
      {
        "name": "Drew Steckenrider",
        "team": "Unknown",
        "innings_pitched": "1.0",
        "strikeouts": 1,
        "earned_runs": 0
      }
    ]
  }
]