[
  {
    "date": "2024-03-22",
    "home_team": "Philadelphia Phillies",
    "away_team": "Detroit Tigers",
    "home_score": 3,
    "away_score": 4,
    "status": "Final",
    "game_id": 747864,
    "starting_pitchers": {
      "home": "Zack Wheeler",
      "away": "Tarik Skubal"
    },
    "first_inning_runs": {
      "home": 0,
      "away": 0
    },
    "player_stats": [
      {
        "name": "David Dahl",
        "team": "Unknown",
        "hits": 0,
        "rbi": 0
      },
      {
        "name": "Whit Merrifield",
        "team": "Unknown",
        "hits": 1,
        "rbi": 0
      },
      {
        "name": "Jake Cave",
        "team": "Unknown",
        "hits": 1,
        "rbi": 1
      },
      {
        "name": "Edmundo Sosa",
        "team": "Unknown",
        "hits": 1,
        "rbi": 1
      },
      {
        "name": "Scott Kingery",
        "team": "Unknown",
        "hits": 0,
        "rbi": 0
      },
      {
        "name": "Bryce Ball",
        "team": "Unknown",
        "hits": 0,
        "rbi": 0
      },
      {
        "name": "Bryson Stott",
        "team": "Unknown",
        "hits": 0,
        "rbi": 0
      },
      {
        "name": "Jim Haley",
        "team": "Unknown",
        "hits": 0,
        "rbi": 0
      },
      {
        "name": "Brandon Marsh",
        "team": "Unknown",
        "hits": 1,
        "rbi": 1
      },
      {
        "name": "J.T. Realmuto",
        "team": "Unknown",
        "hits": 0,
        "rbi": 0
      },
      {
        "name": "Alec Bohm",
        "team": "Unknown",
        "hits": 1,
        "rbi": 0
      },
      {
        "name": "Erick Brito",
        "team": "Unknown",
        "hits": 0,
        "rbi": 0
      },
      {
        "name": "Garrett Stubbs",
        "team": "Unknown",
        "hits": 0,
        "rbi": 0
      },
      {
        "name": "Matt Kroon",
        "team": "Unknown",
        "hits": 1,
        "rbi": 0
      },
      {
        "name": "Nick Castellanos",
        "team": "Unknown",
        "hits": 0,
        "rbi": 0
      },
      {
        "name": "Cristian Pache",
        "team": "Unknown",
        "hits": 0,
        "rbi": 0
      },
      {
        "name": "Cal Stevenson",
        "team": "Unknown",
        "hits": 0,
        "rbi": 0
      },
      {
        "name": "Trea Turner",
        "team": "Unknown",
        "hits": 1,
        "rbi": 0
      },
      {
        "name": "Mark Canha",
        "team": "Unknown",
        "hits": 0,
        "rbi": 0
      },
      {
        "name": "Justyn-Henry Malloy",
        "team": "Unknown",
        "hits": 1,
        "rbi": 0
      },
      {
        "name": "Javier B\u00e1ez",
        "team": "Unknown",
        "hits": 0,
        "rbi": 0
      },
      {
        "name": "Kerry Carpenter",
        "team": "Unknown",
        "hits": 0,
        "rbi": 0
      },
      {
        "name": "Jake Rogers",
        "team": "Unknown",
        "hits": 1,
        "rbi": 1
      },
      {
        "name": "Andy Ib\u00e1\u00f1ez",
        "team": "Unknown",
        "hits": 1,
        "rbi": 0
      },
      {
        "name": "Trei Cruz",
        "team": "Unknown",
        "hits": 0,
        "rbi": 0
      },
      {
        "name": "Ryan Vilade",
        "team": "Unknown",
        "hits": 1,
        "rbi": 2
      },
      {
        "name": "Riley Greene",
        "team": "Unknown",
        "hits": 0,
        "rbi": 0
      },
      {
        "name": "Gio Urshela",
        "team": "Unknown",
        "hits": 1,
        "rbi": 1
      },
      {
        "name": "Bligh Madris",
        "team": "Unknown",
        "hits": 0,
        "rbi": 0
      },
      {
        "name": "Matt Vierling",
        "team": "Unknown",
        "hits": 0,
        "rbi": 0
      },
      {
        "name": "Parker Meadows",
        "team": "Unknown",
        "hits": 1,
        "rbi": 0
      },
      {
        "name": "Colt Keith",
        "team": "Unknown",
        "hits": 0,
        "rbi": 0
      },
      {
        "name": "Spencer Torkelson",
        "team": "Unknown",
        "hits": 0,
        "rbi": 0
      }
    ],
    "pitcher_stats": [
      {
        "name": "Jeff Hoffman",
        "team": "Unknown",
        "innings_pitched": "1.0",
        "strikeouts": 3,
        "earned_runs": 0
      },
      {
        "name": "Jos\u00e9 Alvarado",
        "team": "Unknown",
        "innings_pitched": "0.2",
        "strikeouts": 0,
        "earned_runs": 0
      },
      {
        "name": "Zack Wheeler",
        "team": "Unknown",
        "innings_pitched": "5.1",
        "strikeouts": 5,
        "earned_runs": 0
      },
      {
        "name": "Gregory Soto",
        "team": "Unknown",
        "innings_pitched": "1.0",
        "strikeouts": 0,
        "earned_runs": 4
      },
      {
        "name": "Seranthony Dom\u00ednguez",
        "team": "Unknown",
        "innings_pitched": "1.0",
        "strikeouts": 1,
        "earned_runs": 0
      },
      {
        "name": "Will Vest",
        "team": "Unknown",
        "innings_pitched": "1.0",
        "strikeouts": 2,
        "earned_runs": 1
      },
      {
        "name": "Tarik Skubal",
        "team": "Unknown",
        "innings_pitched": "5.0",
        "strikeouts": 6,
        "earned_runs": 1
      },
      {
        "name": "Tyler Holton",
        "team": "Unknown",
        "innings_pitched": "2.0",
        "strikeouts": 4,
        "earned_runs": 0
      },
      {
        "name": "Shelby Miller",
        "team": "Unknown",
        "innings_pitched": "1.0",
        "strikeouts": 2,
        "earned_runs": 1
      }
    ]
  },
  {
    "date": "2024-03-22",
    "home_team": "New York Yankees",
    "away_team": "New York Mets",
    "home_score": 5,
    "away_score": 3,
    "status": "Final",
    "game_id": 747863,
    "starting_pitchers": {
      "home": "Luis Gil",
      "away": "Tyler Stuart"
    },
    "first_inning_runs": {
      "home": 0,
      "away": 0
    },
    "player_stats": [
      {
        "name": "Jose Trevino",
        "team": "Unknown",
        "hits": 2,
        "rbi": 1
      },
      {
        "name": "Trent Grisham",
        "team": "Unknown",
        "hits": 0,
        "rbi": 0
      },
      {
        "name": "Luis Torrens",
        "team": "Unknown",
        "hits": 1,
        "rbi": 0
      },
      {
        "name": "Oswaldo Cabrera",
        "team": "Unknown",
        "hits": 0,
        "rbi": 0
      },
      {
        "name": "Anthony Volpe",
        "team": "Unknown",
        "hits": 1,
        "rbi": 0
      },
      {
        "name": "Luis Gonz\u00e1lez",
        "team": "Unknown",
        "hits": 0,
        "rbi": 0
      },
      {
        "name": "Gleyber Torres",
        "team": "Unknown",
        "hits": 1,
        "rbi": 1
      },
      {
        "name": "Giancarlo Stanton",
        "team": "Unknown",
        "hits": 1,
        "rbi": 1
      },
      {
        "name": "Juan Soto",
        "team": "Unknown",
        "hits": 1,
        "rbi": 0
      },
      {
        "name": "Kevin Smith",
        "team": "Unknown",
        "hits": 1,
        "rbi": 2
      },
      {
        "name": "Aaron Judge",
        "team": "Unknown",
        "hits": 0,
        "rbi": 0
      },
      {
        "name": "Tyrone Taylor",
        "team": "Unknown",
        "hits": 0,
        "rbi": 0
      },
      {
        "name": "Harrison Bader",
        "team": "Unknown",
        "hits": 0,
        "rbi": 0
      },
      {
        "name": "Brett Baty",
        "team": "Unknown",
        "hits": 1,
        "rbi": 0
      },
      {
        "name": "Ji Man Choi",
        "team": "Unknown",
        "hits": 0,
        "rbi": 0
      },
      {
        "name": "Pete Alonso",
        "team": "Unknown",
        "hits": 2,
        "rbi": 0
      },
      {
        "name": "Starling Marte",
        "team": "Unknown",
        "hits": 1,
        "rbi": 0
      },
      {
        "name": "Francisco Alvarez",
        "team": "Unknown",
        "hits": 0,
        "rbi": 0
      },
      {
        "name": "Zack Short",
        "team": "Unknown",
        "hits": 0,
        "rbi": 0
      },
      {
        "name": "Omar De Los Santos",
        "team": "Unknown",
        "hits": 0,
        "rbi": 0
      },
      {
        "name": "Mark Vientos",
        "team": "Unknown",
        "hits": 1,
        "rbi": 2
      },
      {
        "name": "Francisco Lindor",
        "team": "Unknown",
        "hits": 0,
        "rbi": 1
      }
    ],
    "pitcher_stats": [
      {
        "name": "Will Warren",
        "team": "Unknown",
        "innings_pitched": "5.0",
        "strikeouts": 0,
        "earned_runs": 1
      },
      {
        "name": "Luis Gil",
        "team": "Unknown",
        "innings_pitched": "4.0",
        "strikeouts": 5,
        "earned_runs": 2
      },
      {
        "name": "Joshua Cornielly",
        "team": "Unknown",
        "innings_pitched": "1.0",
        "strikeouts": 0,
        "earned_runs": 0
      },
      {
        "name": "Jeffrey Colon",
        "team": "Unknown",
        "innings_pitched": "2.0",
        "strikeouts": 2,
        "earned_runs": 3
      },
      {
        "name": "Paul Gervase",
        "team": "Unknown",
        "innings_pitched": "1.0",
        "strikeouts": 1,
        "earned_runs": 0
      },
      {
        "name": "Hunter Parsons",
        "team": "Unknown",
        "innings_pitched": "1.0",
        "strikeouts": 3,
        "earned_runs": 0
      },
      {
        "name": "Tyler Stuart",
        "team": "Unknown",
        "innings_pitched": "3.0",
        "strikeouts": 1,
        "earned_runs": 2
      }
    ]
  },
  {
    "date": "2024-03-22",
    "home_team": "Toronto Blue Jays",
    "away_team": "Boston Red Sox",
    "home_score": 5,
    "away_score": 1,
    "status": "Final",
    "game_id": 747866,
    "starting_pitchers": {
      "home": "Mitch White",
      "away": "Justin Hagenman"
    },
    "first_inning_runs": {
      "home": 0,
      "away": 0
    },
    "player_stats": [
      {
        "name": "Ernie Clement",
        "team": "Unknown",
        "hits": 0,
        "rbi": 0
      },
      {
        "name": "Daulton Varsho",
        "team": "Unknown",
        "hits": 1,
        "rbi": 0
      },
      {
        "name": "Miguel Hiraldo",
        "team": "Unknown",
        "hits": 0,
        "rbi": 0
      },
      {
        "name": "Isiah Kiner-Falefa",
        "team": "Unknown",
        "hits": 2,
        "rbi": 2
      },
      {
        "name": "Will Robertson",
        "team": "Unknown",
        "hits": 0,
        "rbi": 0
      },
      {
        "name": "Brian Serven",
        "team": "Unknown",
        "hits": 0,
        "rbi": 0
      },
      {
        "name": "Nathan Lukes",
        "team": "Unknown",
        "hits": 0,
        "rbi": 0
      },
      {
        "name": "Addison Barger",
        "team": "Unknown",
        "hits": 2,
        "rbi": 2
      },
      {
        "name": "Ryan McCarty",
        "team": "Unknown",
        "hits": 0,
        "rbi": 0
      },
      {
        "name": "Damiano Palmegiani",
        "team": "Unknown",
        "hits": 0,
        "rbi": 0
      },
      {
        "name": "Daniel Vogelbach",
        "team": "Unknown",
        "hits": 1,
        "rbi": 0
      },
      {
        "name": "Tanner Morris",
        "team": "Unknown",
        "hits": 0,
        "rbi": 0
      },
      {
        "name": "Josh Kasevich",
        "team": "Unknown",
        "hits": 0,
        "rbi": 0
      },
      {
        "name": "Garrett Spain",
        "team": "Unknown",
        "hits": 1,
        "rbi": 1
      },
      {
        "name": "Vladimir Guerrero Jr.",
        "team": "Unknown",
        "hits": 0,
        "rbi": 0
      },
      {
        "name": "Eddy Alvarez",
        "team": "Unknown",
        "hits": 0,
        "rbi": 0
      },
      {
        "name": "Wilyer Abreu",
        "team": "Unknown",
        "hits": 0,
        "rbi": 0
      },
      {
        "name": "Ahbram Liendo",
        "team": "Unknown",
        "hits": 0,
        "rbi": 0
      },
      {
        "name": "Juan Chacon",
        "team": "Unknown",
        "hits": 0,
        "rbi": 0
      },
      {
        "name": "Alex Binelas",
        "team": "Unknown",
        "hits": 0,
        "rbi": 0
      },
      {
        "name": "Niko Kavadas",
        "team": "Unknown",
        "hits": 0,
        "rbi": 0
      },
      {
        "name": "Bobby Dalbec",
        "team": "Unknown",
        "hits": 0,
        "rbi": 0
      },
      {
        "name": "Enmanuel Valdez",
        "team": "Unknown",
        "hits": 1,
        "rbi": 1
      },
      {
        "name": "Mark Contreras",
        "team": "Unknown",
        "hits": 0,
        "rbi": 0
      },
      {
        "name": "Pablo Reyes",
        "team": "Unknown",
        "hits": 1,
        "rbi": 0
      },
      {
        "name": "Mark Kolozsvary",
        "team": "Unknown",
        "hits": 0,
        "rbi": 0
      },
      {
        "name": "Nick Decker",
        "team": "Unknown",
        "hits": 1,
        "rbi": 0
      },
      {
        "name": "Miguel Ugueto",
        "team": "Unknown",
        "hits": 0,
        "rbi": 0
      }
    ],
    "pitcher_stats": [
      {
        "name": "Tim Mayza",
        "team": "Unknown",
        "innings_pitched": "0.1",
        "strikeouts": 0,
        "earned_runs": 0
      },
      {
        "name": "Trevor Richards",
        "team": "Unknown",
        "innings_pitched": "2.0",
        "strikeouts": 4,
        "earned_runs": 0
      },
      {
        "name": "Chad Green",
        "team": "Unknown",
        "innings_pitched": "1.0",
        "strikeouts": 1,
        "earned_runs": 0
      },
      {
        "name": "Mitch White",
        "team": "Unknown",
        "innings_pitched": "5.2",
        "strikeouts": 6,
        "earned_runs": 1
      },
      {
        "name": "Brendan Cellucci",
        "team": "Unknown",
        "innings_pitched": "1.0",
        "strikeouts": 1,
        "earned_runs": 2
      },
      {
        "name": "Jeremy Wu-Yelland",
        "team": "Unknown",
        "innings_pitched": "1.0",
        "strikeouts": 1,
        "earned_runs": 0
      },
      {
        "name": "Justin Hagenman",
        "team": "Unknown",
        "innings_pitched": "2.0",
        "strikeouts": 0,
        "earned_runs": 3
      },
      {
        "name": "Melvin Ad\u00f3n",
        "team": "Unknown",
        "innings_pitched": "1.0",
        "strikeouts": 1,
        "earned_runs": 0
      },
      {
        "name": "Jacob Webb",
        "team": "Unknown",
        "innings_pitched": "2.0",
        "strikeouts": 2,
        "earned_runs": 0
      },
      {
        "name": "Robert Kwiatkowski",
        "team": "Unknown",
        "innings_pitched": "1.0",
        "strikeouts": 0,
        "earned_runs": 0
      }
    ]
  },
  {
    "date": "2024-03-22",
    "home_team": "Oakland Athletics",
    "away_team": "Cincinnati Reds",
    "home_score": 8,
    "away_score": 6,
    "status": "Final",
    "game_id": 747855,
    "starting_pitchers": {
      "home": "Alex Wood",
      "away": "Graham Ashcraft"
    },
    "first_inning_runs": {
      "home": 1,
      "away": 0
    },
    "player_stats": [
      {
        "name": "Brent Rooker",
        "team": "Unknown",
        "hits": 0,
        "rbi": 0
      },
      {
        "name": "Max Muncy",
        "team": "Unknown",
        "hits": 0,
        "rbi": 0
      },
      {
        "name": "Drew Lugbauer",
        "team": "Unknown",
        "hits": 0,
        "rbi": 0
      },
      {
        "name": "Luke Mann",
        "team": "Unknown",
        "hits": 0,
        "rbi": 0
      },
      {
        "name": "Cameron Masterman",
        "team": "Unknown",
        "hits": 1,
        "rbi": 0
      },
      {
        "name": "Jonny Butler",
        "team": "Unknown",
        "hits": 0,
        "rbi": 1
      },
      {
        "name": "Abraham Toro",
        "team": "Unknown",
        "hits": 1,
        "rbi": 0
      },
      {
        "name": "Shea Langeliers",
        "team": "Unknown",
        "hits": 1,
        "rbi": 0
      },
      {
        "name": "JJ Bleday",
        "team": "Unknown",
        "hits": 1,
        "rbi": 1
      },
      {
        "name": "Jeisson Rosario",
        "team": "Unknown",
        "hits": 1,
        "rbi": 0
      },
      {
        "name": "Armando Alvarez",
        "team": "Unknown",
        "hits": 0,
        "rbi": 0
      },
      {
        "name": "Seth Brown",
        "team": "Unknown",
        "hits": 1,
        "rbi": 1
      },
      {
        "name": "J.D. Davis",
        "team": "Unknown",
        "hits": 0,
        "rbi": 0
      },
      {
        "name": "Jack Winkler",
        "team": "Unknown",
        "hits": 0,
        "rbi": 0
      },
      {
        "name": "Zack Gelof",
        "team": "Unknown",
        "hits": 0,
        "rbi": 0
      },
      {
        "name": "Max Schuemann",
        "team": "Unknown",
        "hits": 1,
        "rbi": 0
      },
      {
        "name": "Danny Bautista Jr.",
        "team": "Unknown",
        "hits": 0,
        "rbi": 0
      },
      {
        "name": "Daniel Susac",
        "team": "Unknown",
        "hits": 2,
        "rbi": 5
      },
      {
        "name": "Will Benson",
        "team": "Unknown",
        "hits": 1,
        "rbi": 1
      },
      {
        "name": "Tyler Stephenson",
        "team": "Unknown",
        "hits": 0,
        "rbi": 0
      },
      {
        "name": "Christian Encarnacion-Strand",
        "team": "Unknown",
        "hits": 2,
        "rbi": 0
      },
      {
        "name": "Nick Martini",
        "team": "Unknown",
        "hits": 2,
        "rbi": 2
      },
      {
        "name": "Bubba Thompson",
        "team": "Unknown",
        "hits": 0,
        "rbi": 0
      },
      {
        "name": "Logan Tanner",
        "team": "Unknown",
        "hits": 0,
        "rbi": 0
      },
      {
        "name": "Johnny Ascanio",
        "team": "Unknown",
        "hits": 0,
        "rbi": 0
      },
      {
        "name": "Erik Gonz\u00e1lez",
        "team": "Unknown",
        "hits": 1,
        "rbi": 2
      },
      {
        "name": "Dominic Pitelli",
        "team": "Unknown",
        "hits": 0,
        "rbi": 0
      },
      {
        "name": "Jacob Hurtubise",
        "team": "Unknown",
        "hits": 0,
        "rbi": 1
      },
      {
        "name": "Jonathan India",
        "team": "Unknown",
        "hits": 1,
        "rbi": 0
      },
      {
        "name": "Ethan O'Donnell",
        "team": "Unknown",
        "hits": 0,
        "rbi": 0
      },
      {
        "name": "Stuart Fairchild",
        "team": "Unknown",
        "hits": 1,
        "rbi": 0
      }
    ],
    "pitcher_stats": [
      {
        "name": "Mason Miller",
        "team": "Unknown",
        "innings_pitched": "0.2",
        "strikeouts": 2,
        "earned_runs": 3
      },
      {
        "name": "Alex Wood",
        "team": "Unknown",
        "innings_pitched": "3.0",
        "strikeouts": 4,
        "earned_runs": 1
      },
      {
        "name": "Billy Sullivan",
        "team": "Unknown",
        "innings_pitched": "1.0",
        "strikeouts": 1,
        "earned_runs": 0
      },
      {
        "name": "Easton Lucas",
        "team": "Unknown",
        "innings_pitched": "1.0",
        "strikeouts": 1,
        "earned_runs": 0
      },
      {
        "name": "Michael Kelly",
        "team": "Unknown",
        "innings_pitched": "0.1",
        "strikeouts": 1,
        "earned_runs": 1
      },
      {
        "name": "Kyle Muller",
        "team": "Unknown",
        "innings_pitched": "1.0",
        "strikeouts": 2,
        "earned_runs": 1
      },
      {
        "name": "Dany Jim\u00e9nez",
        "team": "Unknown",
        "innings_pitched": "1.0",
        "strikeouts": 1,
        "earned_runs": 0
      },
      {
        "name": "Zach Jackson",
        "team": "Unknown",
        "innings_pitched": "1.0",
        "strikeouts": 1,
        "earned_runs": 0
      },
      {
        "name": "Tejay Antone",
        "team": "Unknown",
        "innings_pitched": "1.0",
        "strikeouts": 2,
        "earned_runs": 2
      },
      {
        "name": "Graham Ashcraft",
        "team": "Unknown",
        "innings_pitched": "5.2",
        "strikeouts": 6,
        "earned_runs": 2
      },
      {
        "name": "Fernando Cruz",
        "team": "Unknown",
        "innings_pitched": "1.0",
        "strikeouts": 2,
        "earned_runs": 1
      },
      {
        "name": "Andrew Moore",
        "team": "Unknown",
        "innings_pitched": "0.1",
        "strikeouts": 0,
        "earned_runs": 3
      },
      {
        "name": "Justin Bruihl",
        "team": "Unknown",
        "innings_pitched": "0.1",
        "strikeouts": 0,
        "earned_runs": 0
      }
    ]
  },
  {
    "date": "2024-03-22",
    "home_team": "Chicago Cubs",
    "away_team": "San Francisco Giants",
    "home_score": 3,
    "away_score": 7,
    "status": "Final",
    "game_id": 747852,
    "starting_pitchers": {
      "home": "Justin Steele",
      "away": "Keaton Winn"
    },
    "first_inning_runs": {
      "home": 0,
      "away": 0
    },
    "player_stats": [
      {
        "name": "Alexander Canario",
        "team": "Unknown",
        "hits": 1,
        "rbi": 0
      },
      {
        "name": "Yan Gomes",
        "team": "Unknown",
        "hits": 1,
        "rbi": 0
      },
      {
        "name": "Luis V\u00e1zquez",
        "team": "Unknown",
        "hits": 0,
        "rbi": 0
      },
      {
        "name": "Rafael Morel",
        "team": "Unknown",
        "hits": 0,
        "rbi": 0
      },
      {
        "name": "Jorge Alfaro",
        "team": "Unknown",
        "hits": 1,
        "rbi": 0
      },
      {
        "name": "Jonathon Long",
        "team": "Unknown",
        "hits": 0,
        "rbi": 0
      },
      {
        "name": "Nico Hoerner",
        "team": "Unknown",
        "hits": 0,
        "rbi": 0
      },
      {
        "name": "Jefferson Encarnacion",
        "team": "Unknown",
        "hits": 0,
        "rbi": 0
      },
      {
        "name": "Jake Slaughter",
        "team": "Unknown",
        "hits": 0,
        "rbi": 0
      },
      {
        "name": "Cole Roederer",
        "team": "Unknown",
        "hits": 1,
        "rbi": 1
      },
      {
        "name": "Cody Bellinger",
        "team": "Unknown",
        "hits": 1,
        "rbi": 0
      },
      {
        "name": "Ed Howard",
        "team": "Unknown",
        "hits": 0,
        "rbi": 0
      },
      {
        "name": "Michael Busch",
        "team": "Unknown",
        "hits": 1,
        "rbi": 1
      },
      {
        "name": "Miles Mastrobuoni",
        "team": "Unknown",
        "hits": 0,
        "rbi": 0
      },
      {
        "name": "Kevin Alc\u00e1ntara",
        "team": "Unknown",
        "hits": 1,
        "rbi": 0
      },
      {
        "name": "Jimmy Glowenke",
        "team": "Unknown",
        "hits": 0,
        "rbi": 0
      },
      {
        "name": "Tom Murphy",
        "team": "Unknown",
        "hits": 1,
        "rbi": 0
      },
      {
        "name": "Logan Wyatt",
        "team": "Unknown",
        "hits": 0,
        "rbi": 0
      },
      {
        "name": "Wilmer Flores",
        "team": "Unknown",
        "hits": 0,
        "rbi": 1
      },
      {
        "name": "Otto Lopez",
        "team": "Unknown",
        "hits": 0,
        "rbi": 0
      },
      {
        "name": "Carter Howell",
        "team": "Unknown",
        "hits": 0,
        "rbi": 0
      },
      {
        "name": "Yusniel D\u00edaz",
        "team": "Unknown",
        "hits": 1,
        "rbi": 0
      },
      {
        "name": "Scott Bandura",
        "team": "Unknown",
        "hits": 0,
        "rbi": 0
      },
      {
        "name": "Tyler Fitzgerald",
        "team": "Unknown",
        "hits": 1,
        "rbi": 3
      },
      {
        "name": "Marco Luciano",
        "team": "Unknown",
        "hits": 1,
        "rbi": 0
      },
      {
        "name": "Pablo Sandoval",
        "team": "Unknown",
        "hits": 2,
        "rbi": 2
      },
      {
        "name": "Blake Sabol",
        "team": "Unknown",
        "hits": 1,
        "rbi": 0
      },
      {
        "name": "Diego Velasquez",
        "team": "Unknown",
        "hits": 0,
        "rbi": 0
      },
      {
        "name": "Joey Bart",
        "team": "Unknown",
        "hits": 0,
        "rbi": 0
      },
      {
        "name": "Ismael Munguia",
        "team": "Unknown",
        "hits": 0,
        "rbi": 0
      },
      {
        "name": "Jakson Reetz",
        "team": "Unknown",
        "hits": 1,
        "rbi": 1
      },
      {
        "name": "Grant McCray",
        "team": "Unknown",
        "hits": 0,
        "rbi": 0
      },
      {
        "name": "Luis Matos",
        "team": "Unknown",
        "hits": 2,
        "rbi": 0
      }
    ],
    "pitcher_stats": [
      {
        "name": "Justin Steele",
        "team": "Unknown",
        "innings_pitched": "1.0",
        "strikeouts": 0,
        "earned_runs": 0
      },
      {
        "name": "Chris Clarke",
        "team": "Unknown",
        "innings_pitched": "1.2",
        "strikeouts": 1,
        "earned_runs": 0
      },
      {
        "name": "Joe Nahas",
        "team": "Unknown",
        "innings_pitched": "1.0",
        "strikeouts": 1,
        "earned_runs": 0
      },
      {
        "name": "Cam Sanders",
        "team": "Unknown",
        "innings_pitched": "1.1",
        "strikeouts": 0,
        "earned_runs": 0
      },
      {
        "name": "Jose Romero",
        "team": "Unknown",
        "innings_pitched": "1.0",
        "strikeouts": 1,
        "earned_runs": 0
      },
      {
        "name": "Riley Martin",
        "team": "Unknown",
        "innings_pitched": "2.0",
        "strikeouts": 3,
        "earned_runs": 0
      },
      {
        "name": "Hayden Wesneski",
        "team": "Unknown",
        "innings_pitched": "0.2",
        "strikeouts": 1,
        "earned_runs": 4
      },
      {
        "name": "Luke Little",
        "team": "Unknown",
        "innings_pitched": "0.1",
        "strikeouts": 1,
        "earned_runs": 3
      },
      {
        "name": "Justin Garza",
        "team": "Unknown",
        "innings_pitched": "2.0",
        "strikeouts": 4,
        "earned_runs": 0
      },
      {
        "name": "Keaton Winn",
        "team": "Unknown",
        "innings_pitched": "4.0",
        "strikeouts": 0,
        "earned_runs": 1
      },
      {
        "name": "Daulton Jefferies",
        "team": "Unknown",
        "innings_pitched": "3.0",
        "strikeouts": 5,
        "earned_runs": 2
      }
    ]
  },
  {
    "date": "2024-03-22",
    "home_team": "San Francisco Giants",
    "away_team": "Chicago Cubs",
    "home_score": 13,
    "away_score": 12,
    "status": "Final",
    "game_id": 747857,
    "starting_pitchers": {
      "home": "Logan Webb",
      "away": "Javier Assad"
    },
    "first_inning_runs": {
      "home": 0,
      "away": 9
    },
    "player_stats": [
      {
        "name": "Hunter Bishop",
        "team": "Unknown",
        "hits": 0,
        "rbi": 0
      },
      {
        "name": "Michael Conforto",
        "team": "Unknown",
        "hits": 0,
        "rbi": 0
      },
      {
        "name": "Victor Bericoto",
        "team": "Unknown",
        "hits": 0,
        "rbi": 0
      },
      {
        "name": "Nick Ahmed",
        "team": "Unknown",
        "hits": 1,
        "rbi": 1
      },
      {
        "name": "Matt Chapman",
        "team": "Unknown",
        "hits": 2,
        "rbi": 1
      },
      {
        "name": "Jung Hoo Lee",
        "team": "Unknown",
        "hits": 2,
        "rbi": 1
      },
      {
        "name": "Wade Meckler",
        "team": "Unknown",
        "hits": 1,
        "rbi": 0
      },
      {
        "name": "Mike Yastrzemski",
        "team": "Unknown",
        "hits": 2,
        "rbi": 1
      },
      {
        "name": "Jorge Soler",
        "team": "Unknown",
        "hits": 2,
        "rbi": 2
      },
      {
        "name": "Thairo Estrada",
        "team": "Unknown",
        "hits": 1,
        "rbi": 0
      },
      {
        "name": "Trenton Brooks",
        "team": "Unknown",
        "hits": 1,
        "rbi": 1
      },
      {
        "name": "Patrick Bailey",
        "team": "Unknown",
        "hits": 1,
        "rbi": 3
      },
      {
        "name": "LaMonte Wade Jr.",
        "team": "Unknown",
        "hits": 2,
        "rbi": 1
      },
      {
        "name": "Justin Wishkoski",
        "team": "Unknown",
        "hits": 0,
        "rbi": 0
      },
      {
        "name": "Will Wilson",
        "team": "Unknown",
        "hits": 0,
        "rbi": 0
      },
      {
        "name": "Christopher Morel",
        "team": "Unknown",
        "hits": 0,
        "rbi": 0
      },
      {
        "name": "Miguel Amaya",
        "team": "Unknown",
        "hits": 1,
        "rbi": 1
      },
      {
        "name": "Seiya Suzuki",
        "team": "Unknown",
        "hits": 2,
        "rbi": 4
      },
      {
        "name": "Owen Caissie",
        "team": "Unknown",
        "hits": 1,
        "rbi": 1
      },
      {
        "name": "Fabian Pertuz",
        "team": "Unknown",
        "hits": 0,
        "rbi": 0
      },
      {
        "name": "Christian Olivo",
        "team": "Unknown",
        "hits": 0,
        "rbi": 0
      },
      {
        "name": "Mike Tauchman",
        "team": "Unknown",
        "hits": 1,
        "rbi": 0
      },
      {
        "name": "Joe Hudson",
        "team": "Unknown",
        "hits": 0,
        "rbi": 0
      },
      {
        "name": "Caleb Knight",
        "team": "Unknown",
        "hits": 0,
        "rbi": 0
      },
      {
        "name": "Darius Hill",
        "team": "Unknown",
        "hits": 0,
        "rbi": 0
      },
      {
        "name": "Dansby Swanson",
        "team": "Unknown",
        "hits": 2,
        "rbi": 1
      },
      {
        "name": "Matt Shaw",
        "team": "Unknown",
        "hits": 2,
        "rbi": 1
      },
      {
        "name": "Matt Mervis",
        "team": "Unknown",
        "hits": 1,
        "rbi": 1
      },
      {
        "name": "Brian Kalmer",
        "team": "Unknown",
        "hits": 0,
        "rbi": 0
      },
      {
        "name": "Jordan Nwogu",
        "team": "Unknown",
        "hits": 0,
        "rbi": 0
      },
      {
        "name": "David Peralta",
        "team": "Unknown",
        "hits": 4,
        "rbi": 3
      }
    ],
    "pitcher_stats": [
      {
        "name": "Eric Silva",
        "team": "Unknown",
        "innings_pitched": "1.0",
        "strikeouts": 1,
        "earned_runs": 0
      },
      {
        "name": "Blayne Enlow",
        "team": "Unknown",
        "innings_pitched": "2.0",
        "strikeouts": 1,
        "earned_runs": 0
      },
      {
        "name": "Logan Webb",
        "team": "Unknown",
        "innings_pitched": "4.1",
        "strikeouts": 3,
        "earned_runs": 9
      },
      {
        "name": "Tanner Kiest",
        "team": "Unknown",
        "innings_pitched": "0.2",
        "strikeouts": 2,
        "earned_runs": 3
      },
      {
        "name": "Tyler Rogers",
        "team": "Unknown",
        "innings_pitched": "1.0",
        "strikeouts": 2,
        "earned_runs": 0
      },
      {
        "name": "Chase Watkins",
        "team": "Unknown",
        "innings_pitched": "0.1",
        "strikeouts": 0,
        "earned_runs": 1
      },
      {
        "name": "Frankie Scalzo Jr.",
        "team": "Unknown",
        "innings_pitched": "1.0",
        "strikeouts": 1,
        "earned_runs": 1
      },
      {
        "name": "Cayne Ueckert",
        "team": "Unknown",
        "innings_pitched": "0.1",
        "strikeouts": 1,
        "earned_runs": 1
      },
      {
        "name": "Thomas Pannone",
        "team": "Unknown",
        "innings_pitched": "3.0",
        "strikeouts": 4,
        "earned_runs": 5
      },
      {
        "name": "Javier Assad",
        "team": "Unknown",
        "innings_pitched": "3.2",
        "strikeouts": 4,
        "earned_runs": 2
      }
    ]
  },
  {
    "date": "2024-03-22",
    "home_team": "Cleveland Guardians",
    "away_team": "Texas Rangers",
    "home_score": 10,
    "away_score": 0,
    "status": "Final",
    "game_id": 747849,
    "starting_pitchers": {
      "home": "Shane Bieber",
      "away": "Cody Bradford"
    },
    "first_inning_runs": {
      "home": 0,
      "away": 0
    },
    "player_stats": [
      {
        "name": "Josh Naylor",
        "team": "Unknown",
        "hits": 0,
        "rbi": 0
      },
      {
        "name": "Austin Hedges",
        "team": "Unknown",
        "hits": 1,
        "rbi": 1
      },
      {
        "name": "Andr\u00e9s Gim\u00e9nez",
        "team": "Unknown",
        "hits": 0,
        "rbi": 0
      },
      {
        "name": "Jos\u00e9 Ram\u00edrez",
        "team": "Unknown",
        "hits": 1,
        "rbi": 0
      },
      {
        "name": "Steven Kwan",
        "team": "Unknown",
        "hits": 1,
        "rbi": 4
      },
      {
        "name": "Micah Pries",
        "team": "Unknown",
        "hits": 0,
        "rbi": 0
      },
      {
        "name": "Ram\u00f3n Laureano",
        "team": "Unknown",
        "hits": 1,
        "rbi": 0
      },
      {
        "name": "Tyler Freeman",
        "team": "Unknown",
        "hits": 2,
        "rbi": 0
      },
      {
        "name": "Deyvison De Los Santos",
        "team": "Unknown",
        "hits": 0,
        "rbi": 0
      },
      {
        "name": "Connor Kokx",
        "team": "Unknown",
        "hits": 0,
        "rbi": 0
      },
      {
        "name": "Lorenzo Cedrola",
        "team": "Unknown",
        "hits": 0,
        "rbi": 0
      },
      {
        "name": "Brayan Rocchio",
        "team": "Unknown",
        "hits": 0,
        "rbi": 0
      },
      {
        "name": "Estevan Florial",
        "team": "Unknown",
        "hits": 1,
        "rbi": 2
      },
      {
        "name": "Andrew Knizner",
        "team": "Unknown",
        "hits": 0,
        "rbi": 0
      },
      {
        "name": "Justin Foscue",
        "team": "Unknown",
        "hits": 0,
        "rbi": 0
      },
      {
        "name": "Blaine Crim",
        "team": "Unknown",
        "hits": 0,
        "rbi": 0
      },
      {
        "name": "Daniel Mateo",
        "team": "Unknown",
        "hits": 1,
        "rbi": 0
      },
      {
        "name": "Sebastian Walcott",
        "team": "Unknown",
        "hits": 0,
        "rbi": 0
      },
      {
        "name": "Cameron Cauley",
        "team": "Unknown",
        "hits": 1,
        "rbi": 0
      },
      {
        "name": "Frainyer Chavez",
        "team": "Unknown",
        "hits": 1,
        "rbi": 0
      },
      {
        "name": "Josh Hatcher",
        "team": "Unknown",
        "hits": 0,
        "rbi": 0
      },
      {
        "name": "Travis Jankowski",
        "team": "Unknown",
        "hits": 0,
        "rbi": 0
      },
      {
        "name": "Josh Smith",
        "team": "Unknown",
        "hits": 1,
        "rbi": 0
      },
      {
        "name": "Jared Walsh",
        "team": "Unknown",
        "hits": 0,
        "rbi": 0
      },
      {
        "name": "Jose Barrero",
        "team": "Unknown",
        "hits": 0,
        "rbi": 0
      },
      {
        "name": "Derek Hill",
        "team": "Unknown",
        "hits": 0,
        "rbi": 0
      }
    ],
    "pitcher_stats": [
      {
        "name": "Shane Bieber",
        "team": "Unknown",
        "innings_pitched": "6.0",
        "strikeouts": 7,
        "earned_runs": 0
      },
      {
        "name": "Cade Smith",
        "team": "Unknown",
        "innings_pitched": "0.2",
        "strikeouts": 0,
        "earned_runs": 0
      },
      {
        "name": "Davis Sharpe",
        "team": "Unknown",
        "innings_pitched": "0.1",
        "strikeouts": 0,
        "earned_runs": 0
      },
      {
        "name": "Anthony Banda",
        "team": "Unknown",
        "innings_pitched": "1.0",
        "strikeouts": 1,
        "earned_runs": 0
      },
      {
        "name": "Scott Barlow",
        "team": "Unknown",
        "innings_pitched": "1.0",
        "strikeouts": 3,
        "earned_runs": 0
      },
      {
        "name": "Josh Sborz",
        "team": "Unknown",
        "innings_pitched": "1.0",
        "strikeouts": 0,
        "earned_runs": 0
      },
      {
        "name": "Cody Bradford",
        "team": "Unknown",
        "innings_pitched": "4.0",
        "strikeouts": 3,
        "earned_runs": 4
      },
      {
        "name": "Michael Brewer",
        "team": "Unknown",
        "innings_pitched": "0.1",
        "strikeouts": 0,
        "earned_runs": 1
      },
      {
        "name": "Diego Castillo",
        "team": "Unknown",
        "innings_pitched": "0.1",
        "strikeouts": 1,
        "earned_runs": 1
      },
      {
        "name": "Jesus Tinoco",
        "team": "Unknown",
        "innings_pitched": "1.0",
        "strikeouts": 1,
        "earned_runs": 0
      },
      {
        "name": "Triston Polley",
        "team": "Unknown",
        "innings_pitched": "0.1",
        "strikeouts": 0,
        "earned_runs": 0
      },
      {
        "name": "Yerry Rodr\u00edguez",
        "team": "Unknown",
        "innings_pitched": "1.0",
        "strikeouts": 3,
        "earned_runs": 0
      }
    ]
  },
  {
    "date": "2024-03-22",
    "home_team": "Texas Rangers",
    "away_team": "Colorado Rockies",
    "home_score": 2,
    "away_score": 3,
    "status": "Final",
    "game_id": 747856,
    "starting_pitchers": {
      "home": "Jos\u00e9 Ure\u00f1a",
      "away": "Kyle Freeland"
    },
    "first_inning_runs": {
      "home": 0,
      "away": 0
    },
    "player_stats": [
      {
        "name": "Jonah Heim",
        "team": "Unknown",
        "hits": 0,
        "rbi": 0
      },
      {
        "name": "Evan Carter",
        "team": "Unknown",
        "hits": 0,
        "rbi": 0
      },
      {
        "name": "Elier Hernandez",
        "team": "Unknown",
        "hits": 0,
        "rbi": 0
      },
      {
        "name": "Dustin Harris",
        "team": "Unknown",
        "hits": 0,
        "rbi": 1
      },
      {
        "name": "Wyatt Langford",
        "team": "Unknown",
        "hits": 1,
        "rbi": 1
      },
      {
        "name": "Ezequiel Duran",
        "team": "Unknown",
        "hits": 1,
        "rbi": 0
      },
      {
        "name": "Matt Duffy",
        "team": "Unknown",
        "hits": 1,
        "rbi": 0
      },
      {
        "name": "Kellen Strahm",
        "team": "Unknown",
        "hits": 0,
        "rbi": 0
      },
      {
        "name": "Alex De Goti",
        "team": "Unknown",
        "hits": 0,
        "rbi": 0
      },
      {
        "name": "Jonathan Ornelas",
        "team": "Unknown",
        "hits": 0,
        "rbi": 0
      },
      {
        "name": "Davis Wendzel",
        "team": "Unknown",
        "hits": 1,
        "rbi": 0
      },
      {
        "name": "Leody Taveras",
        "team": "Unknown",
        "hits": 1,
        "rbi": 0
      },
      {
        "name": "Andrew Knapp",
        "team": "Unknown",
        "hits": 1,
        "rbi": 0
      },
      {
        "name": "Marcus Semien",
        "team": "Unknown",
        "hits": 0,
        "rbi": 0
      },
      {
        "name": "Adolis Garc\u00eda",
        "team": "Unknown",
        "hits": 0,
        "rbi": 0
      },
      {
        "name": "Coco Montes",
        "team": "Unknown",
        "hits": 1,
        "rbi": 0
      },
      {
        "name": "Grant Lavigne",
        "team": "Unknown",
        "hits": 0,
        "rbi": 0
      },
      {
        "name": "Drew Romo",
        "team": "Unknown",
        "hits": 0,
        "rbi": 0
      },
      {
        "name": "Bladimir Restituyo",
        "team": "Unknown",
        "hits": 0,
        "rbi": 0
      },
      {
        "name": "Jordan Beck",
        "team": "Unknown",
        "hits": 1,
        "rbi": 1
      },
      {
        "name": "Brenton Doyle",
        "team": "Unknown",
        "hits": 1,
        "rbi": 0
      },
      {
        "name": "Elias D\u00edaz",
        "team": "Unknown",
        "hits": 1,
        "rbi": 1
      },
      {
        "name": "Alan Trejo",
        "team": "Unknown",
        "hits": 0,
        "rbi": 0
      },
      {
        "name": "Michael Toglia",
        "team": "Unknown",
        "hits": 1,
        "rbi": 1
      },
      {
        "name": "Ryan McMahon",
        "team": "Unknown",
        "hits": 1,
        "rbi": 0
      },
      {
        "name": "Sean Bouchard",
        "team": "Unknown",
        "hits": 1,
        "rbi": 0
      },
      {
        "name": "Ryan Ritter",
        "team": "Unknown",
        "hits": 0,
        "rbi": 0
      },
      {
        "name": "Bradley Zimmer",
        "team": "Unknown",
        "hits": 3,
        "rbi": 0
      }
    ],
    "pitcher_stats": [
      {
        "name": "Blake Taylor",
        "team": "Unknown",
        "innings_pitched": "0.1",
        "strikeouts": 0,
        "earned_runs": 0
      },
      {
        "name": "Jack Leiter",
        "team": "Unknown",
        "innings_pitched": "2.2",
        "strikeouts": 5,
        "earned_runs": 2
      },
      {
        "name": "Jos\u00e9 Ure\u00f1a",
        "team": "Unknown",
        "innings_pitched": "5.2",
        "strikeouts": 5,
        "earned_runs": 1
      },
      {
        "name": "Shane Greene",
        "team": "Unknown",
        "innings_pitched": "0.1",
        "strikeouts": 1,
        "earned_runs": 0
      },
      {
        "name": "Jalen Beeks",
        "team": "Unknown",
        "innings_pitched": "1.0",
        "strikeouts": 1,
        "earned_runs": 0
      },
      {
        "name": "Kyle Freeland",
        "team": "Unknown",
        "innings_pitched": "5.0",
        "strikeouts": 2,
        "earned_runs": 0
      },
      {
        "name": "Matt Koch",
        "team": "Unknown",
        "innings_pitched": "1.0",
        "strikeouts": 1,
        "earned_runs": 0
      },
      {
        "name": "Ty Blach",
        "team": "Unknown",
        "innings_pitched": "2.0",
        "strikeouts": 1,
        "earned_runs": 2
      }
    ]
  },
  {
    "date": "2024-03-22",
    "home_team": "Chicago White Sox",
    "away_team": "Oakland Athletics",
    "home_score": 8,
    "away_score": 2,
    "status": "Final",
    "game_id": 747853,
    "starting_pitchers": {
      "home": "Jake Woodford",
      "away": "Joe Boyle"
    },
    "first_inning_runs": {
      "home": 5,
      "away": 0
    },
    "player_stats": [
      {
        "name": "Brett Phillips",
        "team": "Unknown",
        "hits": 1,
        "rbi": 1
      },
      {
        "name": "Wilber Sanchez",
        "team": "Unknown",
        "hits": 1,
        "rbi": 0
      },
      {
        "name": "Wilfred Veras",
        "team": "Unknown",
        "hits": 0,
        "rbi": 0
      },
      {
        "name": "Rafael Ortega",
        "team": "Unknown",
        "hits": 0,
        "rbi": 0
      },
      {
        "name": "Samuel Zavala",
        "team": "Unknown",
        "hits": 0,
        "rbi": 0
      },
      {
        "name": "Mart\u00edn Maldonado",
        "team": "Unknown",
        "hits": 1,
        "rbi": 1
      },
      {
        "name": "Yo\u00e1n Moncada",
        "team": "Unknown",
        "hits": 1,
        "rbi": 0
      },
      {
        "name": "Bryan Ramos",
        "team": "Unknown",
        "hits": 1,
        "rbi": 0
      },
      {
        "name": "Korey Lee",
        "team": "Unknown",
        "hits": 0,
        "rbi": 0
      },
      {
        "name": "Paul DeJong",
        "team": "Unknown",
        "hits": 1,
        "rbi": 2
      },
      {
        "name": "Dominic Fletcher",
        "team": "Unknown",
        "hits": 2,
        "rbi": 2
      },
      {
        "name": "Alsander Womack",
        "team": "Unknown",
        "hits": 1,
        "rbi": 0
      },
      {
        "name": "Andrew Vaughn",
        "team": "Unknown",
        "hits": 0,
        "rbi": 1
      },
      {
        "name": "Nicky Lopez",
        "team": "Unknown",
        "hits": 1,
        "rbi": 1
      },
      {
        "name": "Jacob Burke",
        "team": "Unknown",
        "hits": 1,
        "rbi": 0
      },
      {
        "name": "Eloy Jim\u00e9nez",
        "team": "Unknown",
        "hits": 0,
        "rbi": 0
      },
      {
        "name": "Caden Connor",
        "team": "Unknown",
        "hits": 1,
        "rbi": 0
      },
      {
        "name": "Esteury Ruiz",
        "team": "Unknown",
        "hits": 1,
        "rbi": 0
      },
      {
        "name": "Yohel Pozo",
        "team": "Unknown",
        "hits": 0,
        "rbi": 0
      },
      {
        "name": "Kyle McCann",
        "team": "Unknown",
        "hits": 0,
        "rbi": 0
      },
      {
        "name": "Daz Cameron",
        "team": "Unknown",
        "hits": 0,
        "rbi": 0
      },
      {
        "name": "Hoy Park",
        "team": "Unknown",
        "hits": 2,
        "rbi": 1
      },
      {
        "name": "Lawrence Butler",
        "team": "Unknown",
        "hits": 0,
        "rbi": 0
      },
      {
        "name": "Carlos P\u00e9rez",
        "team": "Unknown",
        "hits": 1,
        "rbi": 1
      },
      {
        "name": "Ryan Noda",
        "team": "Unknown",
        "hits": 0,
        "rbi": 0
      },
      {
        "name": "Darell Hernaiz",
        "team": "Unknown",
        "hits": 2,
        "rbi": 0
      },
      {
        "name": "Cooper Bowman",
        "team": "Unknown",
        "hits": 0,
        "rbi": 0
      },
      {
        "name": "Nick Allen",
        "team": "Unknown",
        "hits": 1,
        "rbi": 0
      },
      {
        "name": "Logan Davidson",
        "team": "Unknown",
        "hits": 0,
        "rbi": 0
      }
    ],
    "pitcher_stats": [
      {
        "name": "Yoelvin Silven",
        "team": "Unknown",
        "innings_pitched": "1.0",
        "strikeouts": 1,
        "earned_runs": 0
      },
      {
        "name": "Jake Woodford",
        "team": "Unknown",
        "innings_pitched": "4.2",
        "strikeouts": 4,
        "earned_runs": 1
      },
      {
        "name": "Justin Anderson",
        "team": "Unknown",
        "innings_pitched": "1.0",
        "strikeouts": 2,
        "earned_runs": 1
      },
      {
        "name": "Jake Cousins",
        "team": "Unknown",
        "innings_pitched": "1.0",
        "strikeouts": 1,
        "earned_runs": 0
      },
      {
        "name": "Dominic Leone",
        "team": "Unknown",
        "innings_pitched": "1.0",
        "strikeouts": 1,
        "earned_runs": 0
      },
      {
        "name": "Tim Hill",
        "team": "Unknown",
        "innings_pitched": "0.1",
        "strikeouts": 0,
        "earned_runs": 0
      },
      {
        "name": "Lucas Erceg",
        "team": "Unknown",
        "innings_pitched": "1.0",
        "strikeouts": 0,
        "earned_runs": 0
      },
      {
        "name": "Mitch Spence",
        "team": "Unknown",
        "innings_pitched": "2.2",
        "strikeouts": 2,
        "earned_runs": 0
      },
      {
        "name": "Joe Boyle",
        "team": "Unknown",
        "innings_pitched": "3.0",
        "strikeouts": 4,
        "earned_runs": 7
      },
      {
        "name": "Stevie Emanuels",
        "team": "Unknown",
        "innings_pitched": "0.1",
        "strikeouts": 0,
        "earned_runs": 1
      },
      {
        "name": "Tyler Ferguson",
        "team": "Unknown",
        "innings_pitched": "0.1",
        "strikeouts": 1,
        "earned_runs": 0
      },
      {
        "name": "Vinny Nittoli",
        "team": "Unknown",
        "innings_pitched": "0.2",
        "strikeouts": 1,
        "earned_runs": 0
      }
    ]
  },
  {
    "date": "2024-03-22",
    "home_team": "Arizona Diamondbacks",
    "away_team": "Seattle Mariners",
    "home_score": 3,
    "away_score": 3,
    "status": "Final: Tied",
    "game_id": 747851,
    "starting_pitchers": {
      "home": "Ryne Nelson",
      "away": "Emerson Hancock"
    },
    "first_inning_runs": {
      "home": 0,
      "away": 0
    },
    "player_stats": [
      {
        "name": "Joc Pederson",
        "team": "Unknown",
        "hits": 1,
        "rbi": 0
      },
      {
        "name": "Wyatt Crenshaw",
        "team": "Unknown",
        "hits": 0,
        "rbi": 0
      },
      {
        "name": "Neyfy Castillo",
        "team": "Unknown",
        "hits": 0,
        "rbi": 0
      },
      {
        "name": "Jake McCarthy",
        "team": "Unknown",
        "hits": 0,
        "rbi": 0
      },
      {
        "name": "Blaze Alexander",
        "team": "Unknown",
        "hits": 0,
        "rbi": 0
      },
      {
        "name": "Gabriel Moreno",
        "team": "Unknown",
        "hits": 0,
        "rbi": 0
      },
      {
        "name": "Kevin Newman",
        "team": "Unknown",
        "hits": 0,
        "rbi": 0
      },
      {
        "name": "Jace Peterson",
        "team": "Unknown",
        "hits": 0,
        "rbi": 0
      },
      {
        "name": "Eugenio Su\u00e1rez",
        "team": "Unknown",
        "hits": 0,
        "rbi": 0
      },
      {
        "name": "Alek Thomas",
        "team": "Unknown",
        "hits": 1,
        "rbi": 0
      },
      {
        "name": "Ketel Marte",
        "team": "Unknown",
        "hits": 1,
        "rbi": 1
      },
      {
        "name": "Geraldo Perdomo",
        "team": "Unknown",
        "hits": 0,
        "rbi": 0
      },
      {
        "name": "Corbin Carroll",
        "team": "Unknown",
        "hits": 1,
        "rbi": 1
      },
      {
        "name": "Lourdes Gurriel Jr.",
        "team": "Unknown",
        "hits": 1,
        "rbi": 0
      },
      {
        "name": "Christian Walker",
        "team": "Unknown",
        "hits": 1,
        "rbi": 0
      },
      {
        "name": "Emmanuel Rivera",
        "team": "Unknown",
        "hits": 0,
        "rbi": 0
      },
      {
        "name": "Colin Davis",
        "team": "Unknown",
        "hits": 1,
        "rbi": 0
      },
      {
        "name": "Luke Raley",
        "team": "Unknown",
        "hits": 1,
        "rbi": 0
      },
      {
        "name": "Josh Rojas",
        "team": "Unknown",
        "hits": 0,
        "rbi": 0
      },
      {
        "name": "Dominic Canzone",
        "team": "Unknown",
        "hits": 1,
        "rbi": 0
      },
      {
        "name": "Colt Emerson",
        "team": "Unknown",
        "hits": 1,
        "rbi": 1
      },
      {
        "name": "Seby Zavala",
        "team": "Unknown",
        "hits": 0,
        "rbi": 0
      },
      {
        "name": "Dylan Moore",
        "team": "Unknown",
        "hits": 1,
        "rbi": 0
      },
      {
        "name": "Charlie Pagliarini",
        "team": "Unknown",
        "hits": 1,
        "rbi": 1
      },
      {
        "name": "Michael Papierski",
        "team": "Unknown",
        "hits": 0,
        "rbi": 0
      },
      {
        "name": "Brock Rodden",
        "team": "Unknown",
        "hits": 2,
        "rbi": 1
      },
      {
        "name": "Gabriel Moncada",
        "team": "Unknown",
        "hits": 0,
        "rbi": 0
      },
      {
        "name": "Bill Knight",
        "team": "Unknown",
        "hits": 0,
        "rbi": 0
      },
      {
        "name": "Samad Taylor",
        "team": "Unknown",
        "hits": 0,
        "rbi": 0
      },
      {
        "name": "Axel Sanchez",
        "team": "Unknown",
        "hits": 0,
        "rbi": 0
      },
      {
        "name": "Harry Ford",
        "team": "Unknown",
        "hits": 0,
        "rbi": 0
      },
      {
        "name": "Alberto Rodriguez",
        "team": "Unknown",
        "hits": 1,
        "rbi": 0
      }
    ],
    "pitcher_stats": [
      {
        "name": "Kyle Nelson",
        "team": "Unknown",
        "innings_pitched": "1.0",
        "strikeouts": 1,
        "earned_runs": 0
      },
      {
        "name": "Ryne Nelson",
        "team": "Unknown",
        "innings_pitched": "5.0",
        "strikeouts": 9,
        "earned_runs": 1
      },
      {
        "name": "Brandon Hughes",
        "team": "Unknown",
        "innings_pitched": "0.1",
        "strikeouts": 0,
        "earned_runs": 1
      },
      {
        "name": "Christian Montes De Oca",
        "team": "Unknown",
        "innings_pitched": "0.2",
        "strikeouts": 1,
        "earned_runs": 0
      },
      {
        "name": "Ryan Thompson",
        "team": "Unknown",
        "innings_pitched": "1.0",
        "strikeouts": 3,
        "earned_runs": 0
      },
      {
        "name": "Scott McGough",
        "team": "Unknown",
        "innings_pitched": "1.0",
        "strikeouts": 1,
        "earned_runs": 0
      },
      {
        "name": "Jordan Holloway",
        "team": "Unknown",
        "innings_pitched": "1.0",
        "strikeouts": 1,
        "earned_runs": 0
      },
      {
        "name": "Joey Krehbiel",
        "team": "Unknown",
        "innings_pitched": "1.1",
        "strikeouts": 2,
        "earned_runs": 0
      },
      {
        "name": "Sean Poppen",
        "team": "Unknown",
        "innings_pitched": "1.0",
        "strikeouts": 2,
        "earned_runs": 0
      },
      {
        "name": "Emerson Hancock",
        "team": "Unknown",
        "innings_pitched": "4.0",
        "strikeouts": 1,
        "earned_runs": 1
      },
      {
        "name": "Luis Curvelo",
        "team": "Unknown",
        "innings_pitched": "1.0",
        "strikeouts": 1,
        "earned_runs": 0
      },
      {
        "name": "Trevor Kelley",
        "team": "Unknown",
        "innings_pitched": "0.2",
        "strikeouts": 2,
        "earned_runs": 2
      }
    ]
  },
  {
    "date": "2024-03-22",
    "home_team": "Los Angeles Angels",
    "away_team": "Chicago White Sox",
    "home_score": 2,
    "away_score": 0,
    "status": "Final",
    "game_id": 747850,
    "starting_pitchers": {
      "home": "Jos\u00e9 Soriano",
      "away": "Jonathan Cannon"
    },
    "first_inning_runs": {
      "home": 0,
      "away": 0
    },
    "player_stats": [
      {
        "name": "Matt Thaiss",
        "team": "Unknown",
        "hits": 0,
        "rbi": 0
      },
      {
        "name": "Ehire Adrianza",
        "team": "Unknown",
        "hits": 0,
        "rbi": 1
      },
      {
        "name": "Mike Trout",
        "team": "Unknown",
        "hits": 0,
        "rbi": 0
      },
      {
        "name": "Taylor Ward",
        "team": "Unknown",
        "hits": 0,
        "rbi": 0
      },
      {
        "name": "Anthony Rendon",
        "team": "Unknown",
        "hits": 0,
        "rbi": 0
      },
      {
        "name": "Jack L\u00f3pez",
        "team": "Unknown",
        "hits": 0,
        "rbi": 0
      },
      {
        "name": "Jake Marisnick",
        "team": "Unknown",
        "hits": 0,
        "rbi": 0
      },
      {
        "name": "Arol Vera",
        "team": "Unknown",
        "hits": 0,
        "rbi": 0
      },
      {
        "name": "Brandon Drury",
        "team": "Unknown",
        "hits": 1,
        "rbi": 0
      },
      {
        "name": "Aaron Hicks",
        "team": "Unknown",
        "hits": 2,
        "rbi": 0
      },
      {
        "name": "Denzer Guzman",
        "team": "Unknown",
        "hits": 0,
        "rbi": 0
      },
      {
        "name": "Mickey Moniak",
        "team": "Unknown",
        "hits": 2,
        "rbi": 1
      },
      {
        "name": "Zach Neto",
        "team": "Unknown",
        "hits": 0,
        "rbi": 0
      },
      {
        "name": "Miguel San\u00f3",
        "team": "Unknown",
        "hits": 0,
        "rbi": 0
      },
      {
        "name": "Jo Adell",
        "team": "Unknown",
        "hits": 0,
        "rbi": 0
      },
      {
        "name": "Zach Humphreys",
        "team": "Unknown",
        "hits": 0,
        "rbi": 0
      },
      {
        "name": "Nelson Rada",
        "team": "Unknown",
        "hits": 0,
        "rbi": 0
      },
      {
        "name": "Mark Payton",
        "team": "Unknown",
        "hits": 1,
        "rbi": 0
      },
      {
        "name": "Carlos P\u00e9rez",
        "team": "Unknown",
        "hits": 0,
        "rbi": 0
      },
      {
        "name": "Gavin Sheets",
        "team": "Unknown",
        "hits": 1,
        "rbi": 0
      },
      {
        "name": "Tim Elko",
        "team": "Unknown",
        "hits": 0,
        "rbi": 0
      },
      {
        "name": "Zach Remillard",
        "team": "Unknown",
        "hits": 1,
        "rbi": 0
      },
      {
        "name": "Danny Mendick",
        "team": "Unknown",
        "hits": 0,
        "rbi": 0
      },
      {
        "name": "Oscar Col\u00e1s",
        "team": "Unknown",
        "hits": 0,
        "rbi": 0
      },
      {
        "name": "Lenyn Sosa",
        "team": "Unknown",
        "hits": 1,
        "rbi": 0
      },
      {
        "name": "Zach DeLoach",
        "team": "Unknown",
        "hits": 1,
        "rbi": 0
      },
      {
        "name": "Chuckie Robinson",
        "team": "Unknown",
        "hits": 0,
        "rbi": 0
      }
    ],
    "pitcher_stats": [
      {
        "name": "Jos\u00e9 Soriano",
        "team": "Unknown",
        "innings_pitched": "6.0",
        "strikeouts": 8,
        "earned_runs": 0
      },
      {
        "name": "Carlos Est\u00e9vez",
        "team": "Unknown",
        "innings_pitched": "1.0",
        "strikeouts": 1,
        "earned_runs": 0
      },
      {
        "name": "Adam Cimber",
        "team": "Unknown",
        "innings_pitched": "1.0",
        "strikeouts": 2,
        "earned_runs": 0
      },
      {
        "name": "Jos\u00e9 Cisnero",
        "team": "Unknown",
        "innings_pitched": "1.0",
        "strikeouts": 2,
        "earned_runs": 0
      },
      {
        "name": "Tanner Banks",
        "team": "Unknown",
        "innings_pitched": "2.0",
        "strikeouts": 4,
        "earned_runs": 0
      },
      {
        "name": "Chad Kuhl",
        "team": "Unknown",
        "innings_pitched": "1.0",
        "strikeouts": 2,
        "earned_runs": 1
      },
      {
        "name": "Bryan Shaw",
        "team": "Unknown",
        "innings_pitched": "1.0",
        "strikeouts": 1,
        "earned_runs": 0
      },
      {
        "name": "Jonathan Cannon",
        "team": "Unknown",
        "innings_pitched": "4.0",
        "strikeouts": 2,
        "earned_runs": 1
      }
    ]
  },
  {
    "date": "2024-03-22",
    "home_team": "Milwaukee Brewers",
    "away_team": "Kansas City Royals",
    "home_score": 11,
    "away_score": 5,
    "status": "Final",
    "game_id": 747854,
    "starting_pitchers": {
      "home": "Bryse Wilson",
      "away": "Cole Ragans"
    },
    "first_inning_runs": {
      "home": 0,
      "away": 2
    },
    "player_stats": [
      {
        "name": "Zavier Warren",
        "team": "Unknown",
        "hits": 1,
        "rbi": 2
      },
      {
        "name": "Blake Perkins",
        "team": "Unknown",
        "hits": 2,
        "rbi": 2
      },
      {
        "name": "Brice Turang",
        "team": "Unknown",
        "hits": 1,
        "rbi": 0
      },
      {
        "name": "Juan Baez",
        "team": "Unknown",
        "hits": 0,
        "rbi": 0
      },
      {
        "name": "Rhys Hoskins",
        "team": "Unknown",
        "hits": 0,
        "rbi": 0
      },
      {
        "name": "Christian Yelich",
        "team": "Unknown",
        "hits": 0,
        "rbi": 0
      },
      {
        "name": "Garrett Mitchell",
        "team": "Unknown",
        "hits": 1,
        "rbi": 4
      },
      {
        "name": "Brock Wilken",
        "team": "Unknown",
        "hits": 1,
        "rbi": 2
      },
      {
        "name": "Willy Adames",
        "team": "Unknown",
        "hits": 1,
        "rbi": 0
      },
      {
        "name": "Gregory Barrios",
        "team": "Unknown",
        "hits": 0,
        "rbi": 0
      },
      {
        "name": "Jackson Chourio",
        "team": "Unknown",
        "hits": 2,
        "rbi": 0
      },
      {
        "name": "Sal Frelick",
        "team": "Unknown",
        "hits": 0,
        "rbi": 0
      },
      {
        "name": "Chris Roller",
        "team": "Unknown",
        "hits": 0,
        "rbi": 0
      },
      {
        "name": "Eric Haase",
        "team": "Unknown",
        "hits": 1,
        "rbi": 1
      },
      {
        "name": "Dylan O'Rae",
        "team": "Unknown",
        "hits": 0,
        "rbi": 0
      },
      {
        "name": "Adam Frazier",
        "team": "Unknown",
        "hits": 1,
        "rbi": 0
      },
      {
        "name": "CJ Alexander",
        "team": "Unknown",
        "hits": 0,
        "rbi": 0
      },
      {
        "name": "Vinnie Pasquantino",
        "team": "Unknown",
        "hits": 2,
        "rbi": 0
      },
      {
        "name": "Kyle Isbel",
        "team": "Unknown",
        "hits": 0,
        "rbi": 0
      },
      {
        "name": "Maikel Garcia",
        "team": "Unknown",
        "hits": 0,
        "rbi": 0
      },
      {
        "name": "Salvador Perez",
        "team": "Unknown",
        "hits": 1,
        "rbi": 0
      },
      {
        "name": "MJ Melendez",
        "team": "Unknown",
        "hits": 1,
        "rbi": 0
      },
      {
        "name": "Hunter Renfroe",
        "team": "Unknown",
        "hits": 1,
        "rbi": 2
      },
      {
        "name": "Cam Devanney",
        "team": "Unknown",
        "hits": 0,
        "rbi": 1
      },
      {
        "name": "Bobby Witt Jr.",
        "team": "Unknown",
        "hits": 1,
        "rbi": 2
      }
    ],
    "pitcher_stats": [
      {
        "name": "J.B. Bukauskas",
        "team": "Unknown",
        "innings_pitched": "1.0",
        "strikeouts": 2,
        "earned_runs": 0
      },
      {
        "name": "Jared Koenig",
        "team": "Unknown",
        "innings_pitched": "1.0",
        "strikeouts": 0,
        "earned_runs": 2
      },
      {
        "name": "Bryse Wilson",
        "team": "Unknown",
        "innings_pitched": "3.0",
        "strikeouts": 4,
        "earned_runs": 1
      },
      {
        "name": "Joel Payamps",
        "team": "Unknown",
        "innings_pitched": "0.2",
        "strikeouts": 1,
        "earned_runs": 0
      },
      {
        "name": "Trevor Megill",
        "team": "Unknown",
        "innings_pitched": "1.0",
        "strikeouts": 2,
        "earned_runs": 0
      },
      {
        "name": "Elvis Peguero",
        "team": "Unknown",
        "innings_pitched": "1.0",
        "strikeouts": 1,
        "earned_runs": 0
      },
      {
        "name": "Enoli Paredes",
        "team": "Unknown",
        "innings_pitched": "1.1",
        "strikeouts": 2,
        "earned_runs": 1
      },
      {
        "name": "Will Klein",
        "team": "Unknown",
        "innings_pitched": "1.0",
        "strikeouts": 2,
        "earned_runs": 2
      },
      {
        "name": "Emilio Marquez",
        "team": "Unknown",
        "innings_pitched": "0.2",
        "strikeouts": 1,
        "earned_runs": 2
      },
      {
        "name": "Jonah Dipoto",
        "team": "Unknown",
        "innings_pitched": "1.1",
        "strikeouts": 0,
        "earned_runs": 0
      },
      {
        "name": "Cole Ragans",
        "team": "Unknown",
        "innings_pitched": "4.0",
        "strikeouts": 5,
        "earned_runs": 5
      },
      {
        "name": "Steven Cruz",
        "team": "Unknown",
        "innings_pitched": "1.0",
        "strikeouts": 1,
        "earned_runs": 2
      }
    ]
  },
  {
    "date": "2024-03-22",
    "home_team": "Seattle Mariners",
    "away_team": "Milwaukee Brewers",
    "home_score": 4,
    "away_score": 4,
    "status": "Final: Tied",
    "game_id": 747848,
    "starting_pitchers": {
      "home": "Luis Castillo",
      "away": "Freddy Peralta"
    },
    "first_inning_runs": {
      "home": 0,
      "away": 0
    },
    "player_stats": [
      {
        "name": "Luis Ur\u00edas",
        "team": "Unknown",
        "hits": 0,
        "rbi": 0
      },
      {
        "name": "Julio Rodr\u00edguez",
        "team": "Unknown",
        "hits": 1,
        "rbi": 0
      },
      {
        "name": "Lazaro Montes",
        "team": "Unknown",
        "hits": 0,
        "rbi": 0
      },
      {
        "name": "Mitch Haniger",
        "team": "Unknown",
        "hits": 0,
        "rbi": 0
      },
      {
        "name": "Jared Oliva",
        "team": "Unknown",
        "hits": 0,
        "rbi": 0
      },
      {
        "name": "Jorge Polanco",
        "team": "Unknown",
        "hits": 2,
        "rbi": 1
      },
      {
        "name": "Cole Young",
        "team": "Unknown",
        "hits": 2,
        "rbi": 1
      },
      {
        "name": "Tyler Locklear",
        "team": "Unknown",
        "hits": 0,
        "rbi": 0
      },
      {
        "name": "J.P. Crawford",
        "team": "Unknown",
        "hits": 1,
        "rbi": 0
      },
      {
        "name": "Mitch Garver",
        "team": "Unknown",
        "hits": 0,
        "rbi": 0
      },
      {
        "name": "Josh Hood",
        "team": "Unknown",
        "hits": 0,
        "rbi": 0
      },
      {
        "name": "RJ Schreck",
        "team": "Unknown",
        "hits": 0,
        "rbi": 0
      },
      {
        "name": "Cal Raleigh",
        "team": "Unknown",
        "hits": 0,
        "rbi": 0
      },
      {
        "name": "Luis Suisbel",
        "team": "Unknown",
        "hits": 0,
        "rbi": 0
      },
      {
        "name": "Taylor Trammell",
        "team": "Unknown",
        "hits": 1,
        "rbi": 2
      },
      {
        "name": "Ty France",
        "team": "Unknown",
        "hits": 0,
        "rbi": 0
      },
      {
        "name": "Ben Ramirez",
        "team": "Unknown",
        "hits": 0,
        "rbi": 0
      },
      {
        "name": "Jake Anchia",
        "team": "Unknown",
        "hits": 0,
        "rbi": 0
      },
      {
        "name": "Brewer Hicklen",
        "team": "Unknown",
        "hits": 0,
        "rbi": 0
      },
      {
        "name": "Owen Miller",
        "team": "Unknown",
        "hits": 1,
        "rbi": 0
      },
      {
        "name": "Ethan Murray",
        "team": "Unknown",
        "hits": 0,
        "rbi": 0
      },
      {
        "name": "Vinny Capra",
        "team": "Unknown",
        "hits": 1,
        "rbi": 1
      },
      {
        "name": "Joey Wiemer",
        "team": "Unknown",
        "hits": 1,
        "rbi": 1
      },
      {
        "name": "Joey Ortiz",
        "team": "Unknown",
        "hits": 0,
        "rbi": 0
      },
      {
        "name": "Chavez Young",
        "team": "Unknown",
        "hits": 0,
        "rbi": 0
      },
      {
        "name": "William Contreras",
        "team": "Unknown",
        "hits": 0,
        "rbi": 0
      },
      {
        "name": "Jake Bauers",
        "team": "Unknown",
        "hits": 1,
        "rbi": 1
      },
      {
        "name": "Andruw Monasterio",
        "team": "Unknown",
        "hits": 1,
        "rbi": 0
      },
      {
        "name": "Gary S\u00e1nchez",
        "team": "Unknown",
        "hits": 0,
        "rbi": 0
      },
      {
        "name": "Luis Lara",
        "team": "Unknown",
        "hits": 0,
        "rbi": 0
      }
    ],
    "pitcher_stats": [
      {
        "name": "Luis Castillo",
        "team": "Unknown",
        "innings_pitched": "5.1",
        "strikeouts": 9,
        "earned_runs": 2
      },
      {
        "name": "Brett de Geus",
        "team": "Unknown",
        "innings_pitched": "1.0",
        "strikeouts": 2,
        "earned_runs": 0
      },
      {
        "name": "Kirby Snead",
        "team": "Unknown",
        "innings_pitched": "1.0",
        "strikeouts": 1,
        "earned_runs": 0
      },
      {
        "name": "Cody Bolton",
        "team": "Unknown",
        "innings_pitched": "0.2",
        "strikeouts": 0,
        "earned_runs": 0
      },
      {
        "name": "Ryne Stanek",
        "team": "Unknown",
        "innings_pitched": "1.0",
        "strikeouts": 2,
        "earned_runs": 1
      },
      {
        "name": "Rob Zastryzny",
        "team": "Unknown",
        "innings_pitched": "1.0",
        "strikeouts": 1,
        "earned_runs": 1
      },
      {
        "name": "Abner Uribe",
        "team": "Unknown",
        "innings_pitched": "1.0",
        "strikeouts": 2,
        "earned_runs": 0
      },
      {
        "name": "Thyago Vieira",
        "team": "Unknown",
        "innings_pitched": "1.0",
        "strikeouts": 2,
        "earned_runs": 0
      },
      {
        "name": "Hoby Milner",
        "team": "Unknown",
        "innings_pitched": "1.0",
        "strikeouts": 0,
        "earned_runs": 0
      },
      {
        "name": "Nolan Blackwood",
        "team": "Unknown",
        "innings_pitched": "0.2",
        "strikeouts": 1,
        "earned_runs": 0
      },
      {
        "name": "Freddy Peralta",
        "team": "Unknown",
        "innings_pitched": "4.1",
        "strikeouts": 9,
        "earned_runs": 3
      }
    ]
  },
  {
    "date": "2024-03-22",
    "home_team": "Tampa Bay Rays",
    "away_team": "Minnesota Twins",
    "home_score": "0",
    "away_score": "0",
    "status": "Cancelled",
    "game_id": 747858,
    "starting_pitchers": {
      "home": "Garrett Cleavinger",
      "away": "Pablo L\u00f3pez"
    },
    "first_inning_runs": {
      "home": 0,
      "away": 0
    },
    "player_stats": [],
    "pitcher_stats": []
  },
  {
    "date": "2024-03-22",
    "home_team": "Minnesota Twins",
    "away_team": "Atlanta Braves",
    "home_score": "0",
    "away_score": "0",
    "status": "Cancelled",
    "game_id": 747859,
    "starting_pitchers": {
      "home": "",
      "away": ""
    },
    "first_inning_runs": {
      "home": 0,
      "away": 0
    },
    "player_stats": [],
    "pitcher_stats": []
  },
  {
    "date": "2024-03-22",
    "home_team": "Houston Astros",
    "away_team": "Washington Nationals",
    "home_score": "0",
    "away_score": "0",
    "status": "Cancelled",
    "game_id": 747862,
    "starting_pitchers": {
      "home": "Framber Valdez",
      "away": "Derek Law"
    },
    "first_inning_runs": {
      "home": 0,
      "away": 0
    },
    "player_stats": [],
    "pitcher_stats": []
  },
  {
    "date": "2024-03-22",
    "home_team": "Baltimore Orioles",
    "away_team": "Pittsburgh Pirates",
    "home_score": "0",
    "away_score": "0",
    "status": "Cancelled",
    "game_id": 747860,
    "starting_pitchers": {
      "home": "Corbin Burnes",
      "away": "Jared Jones"
    },
    "first_inning_runs": {
      "home": 0,
      "away": 0
    },
    "player_stats": [],
    "pitcher_stats": []
  },
  {
    "date": "2024-03-22",
    "home_team": "Miami Marlins",
    "away_team": "St. Louis Cardinals",
    "home_score": "0",
    "away_score": "0",
    "status": "Cancelled",
    "game_id": 747861,
    "starting_pitchers": {
      "home": "",
      "away": "Miles Mikolas"
    },
    "first_inning_runs": {
      "home": 0,
      "away": 0
    },
    "player_stats": [],
    "pitcher_stats": []
  }
]