[
  {
    "date": "2023-08-06",
    "home_team": "Cleveland Guardians",
    "away_team": "Chicago White Sox",
    "home_score": 3,
    "away_score": 5,
    "status": "Final",
    "game_id": 717108,
    "starting_pitchers": {
      "home": "Xzavion Curry",
      "away": "Jesse Scholtens"
    },
    "first_inning_runs": {
      "home": 0,
      "away": 2
    },
    "player_stats": [
      {
        "name": "Cam Gallagher",
        "team": "Unknown",
        "hits": 0,
        "rbi": 0
      },
      {
        "name": "Andr\u00e9s Gim\u00e9nez",
        "team": "Unknown",
        "hits": 0,
        "rbi": 0
      },
      {
        "name": "Oscar Gonzalez",
        "team": "Unknown",
        "hits": 0,
        "rbi": 0
      },
      {
        "name": "Brayan Rocchio",
        "team": "Unknown",
        "hits": 1,
        "rbi": 0
      },
      {
        "name": "Gabriel Arias",
        "team": "Unknown",
        "hits": 1,
        "rbi": 2
      },
      {
        "name": "Jos\u00e9 Ram\u00edrez",
        "team": "Unknown",
        "hits": 1,
        "rbi": 0
      },
      {
        "name": "Kole Calhoun",
        "team": "Unknown",
        "hits": 1,
        "rbi": 0
      },
      {
        "name": "Steven Kwan",
        "team": "Unknown",
        "hits": 1,
        "rbi": 0
      },
      {
        "name": "Myles Straw",
        "team": "Unknown",
        "hits": 2,
        "rbi": 0
      },
      {
        "name": "Yasmani Grandal",
        "team": "Unknown",
        "hits": 1,
        "rbi": 0
      },
      {
        "name": "Yo\u00e1n Moncada",
        "team": "Unknown",
        "hits": 0,
        "rbi": 0
      },
      {
        "name": "Andrew Vaughn",
        "team": "Unknown",
        "hits": 1,
        "rbi": 0
      },
      {
        "name": "Gavin Sheets",
        "team": "Unknown",
        "hits": 1,
        "rbi": 0
      },
      {
        "name": "Zach Remillard",
        "team": "Unknown",
        "hits": 0,
        "rbi": 0
      },
      {
        "name": "Trayce Thompson",
        "team": "Unknown",
        "hits": 1,
        "rbi": 0
      },
      {
        "name": "Eloy Jim\u00e9nez",
        "team": "Unknown",
        "hits": 1,
        "rbi": 1
      },
      {
        "name": "Elvis Andrus",
        "team": "Unknown",
        "hits": 3,
        "rbi": 2
      },
      {
        "name": "Luis Robert Jr.",
        "team": "Unknown",
        "hits": 1,
        "rbi": 1
      },
      {
        "name": "Oscar Col\u00e1s",
        "team": "Unknown",
        "hits": 1,
        "rbi": 0
      }
    ],
    "pitcher_stats": [
      {
        "name": "Nick Sandlin",
        "team": "Unknown",
        "innings_pitched": "1.0",
        "strikeouts": 1,
        "earned_runs": 0
      },
      {
        "name": "Emmanuel Clase",
        "team": "Unknown",
        "innings_pitched": "1.0",
        "strikeouts": 3,
        "earned_runs": 0
      },
      {
        "name": "Enyel De Los Santos",
        "team": "Unknown",
        "innings_pitched": "0.1",
        "strikeouts": 1,
        "earned_runs": 0
      },
      {
        "name": "Xzavion Curry",
        "team": "Unknown",
        "innings_pitched": "5.0",
        "strikeouts": 4,
        "earned_runs": 2
      },
      {
        "name": "Sam Hentges",
        "team": "Unknown",
        "innings_pitched": "0.2",
        "strikeouts": 2,
        "earned_runs": 0
      },
      {
        "name": "Trevor Stephan",
        "team": "Unknown",
        "innings_pitched": "1.0",
        "strikeouts": 1,
        "earned_runs": 0
      },
      {
        "name": "Lane Ramsey",
        "team": "Unknown",
        "innings_pitched": "1.1",
        "strikeouts": 0,
        "earned_runs": 0
      },
      {
        "name": "Jesse Scholtens",
        "team": "Unknown",
        "innings_pitched": "6.0",
        "strikeouts": 6,
        "earned_runs": 2
      },
      {
        "name": "Jimmy Lambert",
        "team": "Unknown",
        "innings_pitched": "1.0",
        "strikeouts": 0,
        "earned_runs": 0
      },
      {
        "name": "Sammy Peralta",
        "team": "Unknown",
        "innings_pitched": "0.2",
        "strikeouts": 0,
        "earned_runs": 0
      }
    ]
  },
  {
    "date": "2023-08-06",
    "home_team": "Baltimore Orioles",
    "away_team": "New York Mets",
    "home_score": 2,
    "away_score": 0,
    "status": "Final",
    "game_id": 717107,
    "starting_pitchers": {
      "home": "Kyle Bradish",
      "away": "Jose Quintana"
    },
    "first_inning_runs": {
      "home": 0,
      "away": 0
    },
    "player_stats": [
      {
        "name": "Gunnar Henderson",
        "team": "Unknown",
        "hits": 0,
        "rbi": 0
      },
      {
        "name": "Jorge Mateo",
        "team": "Unknown",
        "hits": 1,
        "rbi": 0
      },
      {
        "name": "Anthony Santander",
        "team": "Unknown",
        "hits": 0,
        "rbi": 0
      },
      {
        "name": "Ryan McKenna",
        "team": "Unknown",
        "hits": 1,
        "rbi": 0
      },
      {
        "name": "Ryan Mountcastle",
        "team": "Unknown",
        "hits": 1,
        "rbi": 0
      },
      {
        "name": "Adley Rutschman",
        "team": "Unknown",
        "hits": 0,
        "rbi": 1
      },
      {
        "name": "Jordan Westburg",
        "team": "Unknown",
        "hits": 1,
        "rbi": 0
      },
      {
        "name": "Ram\u00f3n Ur\u00edas",
        "team": "Unknown",
        "hits": 1,
        "rbi": 0
      },
      {
        "name": "James McCann",
        "team": "Unknown",
        "hits": 1,
        "rbi": 0
      },
      {
        "name": "Ryan O'Hearn",
        "team": "Unknown",
        "hits": 0,
        "rbi": 1
      },
      {
        "name": "DJ Stewart",
        "team": "Unknown",
        "hits": 0,
        "rbi": 0
      },
      {
        "name": "Pete Alonso",
        "team": "Unknown",
        "hits": 0,
        "rbi": 0
      },
      {
        "name": "Francisco Lindor",
        "team": "Unknown",
        "hits": 1,
        "rbi": 0
      },
      {
        "name": "Jeff McNeil",
        "team": "Unknown",
        "hits": 0,
        "rbi": 0
      },
      {
        "name": "Omar Narv\u00e1ez",
        "team": "Unknown",
        "hits": 1,
        "rbi": 0
      },
      {
        "name": "Mark Vientos",
        "team": "Unknown",
        "hits": 1,
        "rbi": 0
      },
      {
        "name": "Daniel Vogelbach",
        "team": "Unknown",
        "hits": 0,
        "rbi": 0
      },
      {
        "name": "Brandon Nimmo",
        "team": "Unknown",
        "hits": 0,
        "rbi": 0
      },
      {
        "name": "Brett Baty",
        "team": "Unknown",
        "hits": 0,
        "rbi": 0
      },
      {
        "name": "Danny Mendick",
        "team": "Unknown",
        "hits": 0,
        "rbi": 0
      },
      {
        "name": "Rafael Ortega",
        "team": "Unknown",
        "hits": 1,
        "rbi": 0
      }
    ],
    "pitcher_stats": [
      {
        "name": "Shintaro Fujinami",
        "team": "Unknown",
        "innings_pitched": "1.0",
        "strikeouts": 2,
        "earned_runs": 0
      },
      {
        "name": "Kyle Bradish",
        "team": "Unknown",
        "innings_pitched": "4.2",
        "strikeouts": 5,
        "earned_runs": 0
      },
      {
        "name": "Cole Irvin",
        "team": "Unknown",
        "innings_pitched": "1.0",
        "strikeouts": 1,
        "earned_runs": 0
      },
      {
        "name": "Cionel P\u00e9rez",
        "team": "Unknown",
        "innings_pitched": "1.1",
        "strikeouts": 0,
        "earned_runs": 0
      },
      {
        "name": "F\u00e9lix Bautista",
        "team": "Unknown",
        "innings_pitched": "1.0",
        "strikeouts": 1,
        "earned_runs": 0
      },
      {
        "name": "Adam Ottavino",
        "team": "Unknown",
        "innings_pitched": "1.0",
        "strikeouts": 0,
        "earned_runs": 0
      },
      {
        "name": "Trevor Gott",
        "team": "Unknown",
        "innings_pitched": "1.0",
        "strikeouts": 1,
        "earned_runs": 0
      },
      {
        "name": "Jose Quintana",
        "team": "Unknown",
        "innings_pitched": "6.0",
        "strikeouts": 6,
        "earned_runs": 2
      }
    ]
  },
  {
    "date": "2023-08-06",
    "home_team": "Boston Red Sox",
    "away_team": "Toronto Blue Jays",
    "home_score": 1,
    "away_score": 13,
    "status": "Final",
    "game_id": 717111,
    "starting_pitchers": {
      "home": "Brennan Bernardino",
      "away": "Chris Bassitt"
    },
    "first_inning_runs": {
      "home": 0,
      "away": 0
    },
    "player_stats": [
      {
        "name": "Luis Ur\u00edas",
        "team": "Unknown",
        "hits": 1,
        "rbi": 0
      },
      {
        "name": "Pablo Reyes",
        "team": "Unknown",
        "hits": 0,
        "rbi": 0
      },
      {
        "name": "Yu Chang",
        "team": "Unknown",
        "hits": 0,
        "rbi": 0
      },
      {
        "name": "Connor Wong",
        "team": "Unknown",
        "hits": 0,
        "rbi": 0
      },
      {
        "name": "Alex Verdugo",
        "team": "Unknown",
        "hits": 3,
        "rbi": 0
      },
      {
        "name": "Reese McGuire",
        "team": "Unknown",
        "hits": 0,
        "rbi": 0
      },
      {
        "name": "Rafael Devers",
        "team": "Unknown",
        "hits": 1,
        "rbi": 0
      },
      {
        "name": "Jarren Duran",
        "team": "Unknown",
        "hits": 0,
        "rbi": 0
      },
      {
        "name": "Masataka Yoshida",
        "team": "Unknown",
        "hits": 1,
        "rbi": 0
      },
      {
        "name": "Triston Casas",
        "team": "Unknown",
        "hits": 1,
        "rbi": 1
      },
      {
        "name": "Justin Turner",
        "team": "Unknown",
        "hits": 1,
        "rbi": 0
      },
      {
        "name": "Daulton Varsho",
        "team": "Unknown",
        "hits": 1,
        "rbi": 1
      },
      {
        "name": "Matt Chapman",
        "team": "Unknown",
        "hits": 2,
        "rbi": 3
      },
      {
        "name": "Paul DeJong",
        "team": "Unknown",
        "hits": 1,
        "rbi": 0
      },
      {
        "name": "Whit Merrifield",
        "team": "Unknown",
        "hits": 0,
        "rbi": 1
      },
      {
        "name": "Kevin Kiermaier",
        "team": "Unknown",
        "hits": 2,
        "rbi": 2
      },
      {
        "name": "Davis Schneider",
        "team": "Unknown",
        "hits": 4,
        "rbi": 4
      },
      {
        "name": "Santiago Espinal",
        "team": "Unknown",
        "hits": 0,
        "rbi": 0
      },
      {
        "name": "George Springer",
        "team": "Unknown",
        "hits": 2,
        "rbi": 1
      },
      {
        "name": "Cavan Biggio",
        "team": "Unknown",
        "hits": 1,
        "rbi": 1
      },
      {
        "name": "Brandon Belt",
        "team": "Unknown",
        "hits": 2,
        "rbi": 0
      },
      {
        "name": "Alejandro Kirk",
        "team": "Unknown",
        "hits": 1,
        "rbi": 0
      }
    ],
    "pitcher_stats": [
      {
        "name": "Richard Bleier",
        "team": "Unknown",
        "innings_pitched": "2.1",
        "strikeouts": 1,
        "earned_runs": 1
      },
      {
        "name": "Pablo Reyes",
        "team": "Unknown",
        "innings_pitched": "1.0",
        "strikeouts": 0,
        "earned_runs": 0
      },
      {
        "name": "Brennan Bernardino",
        "team": "Unknown",
        "innings_pitched": "1.0",
        "strikeouts": 2,
        "earned_runs": 0
      },
      {
        "name": "Chris Murphy",
        "team": "Unknown",
        "innings_pitched": "2.1",
        "strikeouts": 3,
        "earned_runs": 6
      },
      {
        "name": "Mauricio Llovera",
        "team": "Unknown",
        "innings_pitched": "1.1",
        "strikeouts": 0,
        "earned_runs": 5
      },
      {
        "name": "Nick Robertson",
        "team": "Unknown",
        "innings_pitched": "1.0",
        "strikeouts": 1,
        "earned_runs": 1
      },
      {
        "name": "Chris Bassitt",
        "team": "Unknown",
        "innings_pitched": "7.0",
        "strikeouts": 6,
        "earned_runs": 1
      },
      {
        "name": "Jay Jackson",
        "team": "Unknown",
        "innings_pitched": "1.0",
        "strikeouts": 1,
        "earned_runs": 0
      },
      {
        "name": "Bowden Francis",
        "team": "Unknown",
        "innings_pitched": "1.0",
        "strikeouts": 1,
        "earned_runs": 0
      }
    ]
  },
  {
    "date": "2023-08-06",
    "home_team": "Philadelphia Phillies",
    "away_team": "Kansas City Royals",
    "home_score": 8,
    "away_score": 4,
    "status": "Final",
    "game_id": 717113,
    "starting_pitchers": {
      "home": "Taijuan Walker",
      "away": "Zack Greinke"
    },
    "first_inning_runs": {
      "home": 3,
      "away": 3
    },
    "player_stats": [
      {
        "name": "Bryce Harper",
        "team": "Unknown",
        "hits": 2,
        "rbi": 1
      },
      {
        "name": "Edmundo Sosa",
        "team": "Unknown",
        "hits": 0,
        "rbi": 0
      },
      {
        "name": "Nick Castellanos",
        "team": "Unknown",
        "hits": 1,
        "rbi": 2
      },
      {
        "name": "Alec Bohm",
        "team": "Unknown",
        "hits": 1,
        "rbi": 0
      },
      {
        "name": "Bryson Stott",
        "team": "Unknown",
        "hits": 1,
        "rbi": 3
      },
      {
        "name": "Kyle Schwarber",
        "team": "Unknown",
        "hits": 3,
        "rbi": 2
      },
      {
        "name": "Garrett Stubbs",
        "team": "Unknown",
        "hits": 1,
        "rbi": 0
      },
      {
        "name": "Johan Rojas",
        "team": "Unknown",
        "hits": 2,
        "rbi": 0
      },
      {
        "name": "Trea Turner",
        "team": "Unknown",
        "hits": 1,
        "rbi": 0
      },
      {
        "name": "Freddy Fermin",
        "team": "Unknown",
        "hits": 2,
        "rbi": 0
      },
      {
        "name": "Salvador Perez",
        "team": "Unknown",
        "hits": 1,
        "rbi": 0
      },
      {
        "name": "Edward Olivares",
        "team": "Unknown",
        "hits": 0,
        "rbi": 0
      },
      {
        "name": "Samad Taylor",
        "team": "Unknown",
        "hits": 0,
        "rbi": 0
      },
      {
        "name": "Drew Waters",
        "team": "Unknown",
        "hits": 0,
        "rbi": 1
      },
      {
        "name": "MJ Melendez",
        "team": "Unknown",
        "hits": 1,
        "rbi": 1
      },
      {
        "name": "Michael Massey",
        "team": "Unknown",
        "hits": 1,
        "rbi": 1
      },
      {
        "name": "Matt Beaty",
        "team": "Unknown",
        "hits": 1,
        "rbi": 1
      },
      {
        "name": "Matt Duffy",
        "team": "Unknown",
        "hits": 0,
        "rbi": 0
      },
      {
        "name": "Kyle Isbel",
        "team": "Unknown",
        "hits": 0,
        "rbi": 0
      },
      {
        "name": "Maikel Garcia",
        "team": "Unknown",
        "hits": 1,
        "rbi": 0
      }
    ],
    "pitcher_stats": [
      {
        "name": "Gregory Soto",
        "team": "Unknown",
        "innings_pitched": "1.0",
        "strikeouts": 1,
        "earned_runs": 0
      },
      {
        "name": "Jeff Hoffman",
        "team": "Unknown",
        "innings_pitched": "1.0",
        "strikeouts": 1,
        "earned_runs": 0
      },
      {
        "name": "Taijuan Walker",
        "team": "Unknown",
        "innings_pitched": "7.0",
        "strikeouts": 2,
        "earned_runs": 4
      },
      {
        "name": "Zack Greinke",
        "team": "Unknown",
        "innings_pitched": "4.0",
        "strikeouts": 4,
        "earned_runs": 5
      },
      {
        "name": "James McArthur",
        "team": "Unknown",
        "innings_pitched": "2.0",
        "strikeouts": 1,
        "earned_runs": 1
      },
      {
        "name": "Jonathan Heasley",
        "team": "Unknown",
        "innings_pitched": "2.0",
        "strikeouts": 1,
        "earned_runs": 2
      }
    ]
  },
  {
    "date": "2023-08-06",
    "home_team": "New York Yankees",
    "away_team": "Houston Astros",
    "home_score": 7,
    "away_score": 9,
    "status": "Final",
    "game_id": 717110,
    "starting_pitchers": {
      "home": "Carlos Rod\u00f3n",
      "away": "Jos\u00e9 Urquidy"
    },
    "first_inning_runs": {
      "home": 1,
      "away": 0
    },
    "player_stats": [
      {
        "name": "DJ LeMahieu",
        "team": "Unknown",
        "hits": 2,
        "rbi": 0
      },
      {
        "name": "Jake Bauers",
        "team": "Unknown",
        "hits": 0,
        "rbi": 1
      },
      {
        "name": "Aaron Judge",
        "team": "Unknown",
        "hits": 0,
        "rbi": 1
      },
      {
        "name": "Kyle Higashioka",
        "team": "Unknown",
        "hits": 0,
        "rbi": 0
      },
      {
        "name": "Isiah Kiner-Falefa",
        "team": "Unknown",
        "hits": 0,
        "rbi": 0
      },
      {
        "name": "Gleyber Torres",
        "team": "Unknown",
        "hits": 3,
        "rbi": 2
      },
      {
        "name": "Anthony Volpe",
        "team": "Unknown",
        "hits": 0,
        "rbi": 1
      },
      {
        "name": "Harrison Bader",
        "team": "Unknown",
        "hits": 3,
        "rbi": 2
      },
      {
        "name": "Giancarlo Stanton",
        "team": "Unknown",
        "hits": 0,
        "rbi": 0
      },
      {
        "name": "Mart\u00edn Maldonado",
        "team": "Unknown",
        "hits": 1,
        "rbi": 1
      },
      {
        "name": "Kyle Tucker",
        "team": "Unknown",
        "hits": 0,
        "rbi": 0
      },
      {
        "name": "Alex Bregman",
        "team": "Unknown",
        "hits": 0,
        "rbi": 0
      },
      {
        "name": "Jake Meyers",
        "team": "Unknown",
        "hits": 2,
        "rbi": 6
      },
      {
        "name": "Jos\u00e9 Abreu",
        "team": "Unknown",
        "hits": 0,
        "rbi": 0
      },
      {
        "name": "Jose Altuve",
        "team": "Unknown",
        "hits": 1,
        "rbi": 0
      },
      {
        "name": "Jeremy Pe\u00f1a",
        "team": "Unknown",
        "hits": 1,
        "rbi": 0
      },
      {
        "name": "Chas McCormick",
        "team": "Unknown",
        "hits": 0,
        "rbi": 0
      },
      {
        "name": "Yordan Alvarez",
        "team": "Unknown",
        "hits": 1,
        "rbi": 2
      }
    ],
    "pitcher_stats": [
      {
        "name": "Albert Abreu",
        "team": "Unknown",
        "innings_pitched": "1.0",
        "strikeouts": 1,
        "earned_runs": 0
      },
      {
        "name": "Jhony Brito",
        "team": "Unknown",
        "innings_pitched": "1.2",
        "strikeouts": 2,
        "earned_runs": 0
      },
      {
        "name": "Carlos Rod\u00f3n",
        "team": "Unknown",
        "innings_pitched": "2.2",
        "strikeouts": 5,
        "earned_runs": 5
      },
      {
        "name": "Wandy Peralta",
        "team": "Unknown",
        "innings_pitched": "1.2",
        "strikeouts": 3,
        "earned_runs": 4
      },
      {
        "name": "Keynan Middleton",
        "team": "Unknown",
        "innings_pitched": "2.0",
        "strikeouts": 3,
        "earned_runs": 0
      },
      {
        "name": "Bryan Abreu",
        "team": "Unknown",
        "innings_pitched": "1.1",
        "strikeouts": 2,
        "earned_runs": 0
      },
      {
        "name": "H\u00e9ctor Neris",
        "team": "Unknown",
        "innings_pitched": "0.2",
        "strikeouts": 1,
        "earned_runs": 1
      },
      {
        "name": "J.P. France",
        "team": "Unknown",
        "innings_pitched": "3.1",
        "strikeouts": 4,
        "earned_runs": 0
      },
      {
        "name": "Jos\u00e9 Urquidy",
        "team": "Unknown",
        "innings_pitched": "3.1",
        "strikeouts": 1,
        "earned_runs": 5
      },
      {
        "name": "Phil Maton",
        "team": "Unknown",
        "innings_pitched": "0.1",
        "strikeouts": 1,
        "earned_runs": 0
      }
    ]
  },
  {
    "date": "2023-08-06",
    "home_team": "Cincinnati Reds",
    "away_team": "Washington Nationals",
    "home_score": 3,
    "away_score": 6,
    "status": "Final",
    "game_id": 717104,
    "starting_pitchers": {
      "home": "Lyon Richardson",
      "away": "Jake Irvin"
    },
    "first_inning_runs": {
      "home": 0,
      "away": 4
    },
    "player_stats": [
      {
        "name": "Elly De La Cruz",
        "team": "Unknown",
        "hits": 1,
        "rbi": 0
      },
      {
        "name": "Matt McLain",
        "team": "Unknown",
        "hits": 0,
        "rbi": 0
      },
      {
        "name": "Will Benson",
        "team": "Unknown",
        "hits": 0,
        "rbi": 0
      },
      {
        "name": "TJ Friedl",
        "team": "Unknown",
        "hits": 2,
        "rbi": 1
      },
      {
        "name": "Nick Senzel",
        "team": "Unknown",
        "hits": 1,
        "rbi": 0
      },
      {
        "name": "Joey Votto",
        "team": "Unknown",
        "hits": 1,
        "rbi": 1
      },
      {
        "name": "Spencer Steer",
        "team": "Unknown",
        "hits": 0,
        "rbi": 0
      },
      {
        "name": "Tyler Stephenson",
        "team": "Unknown",
        "hits": 1,
        "rbi": 0
      },
      {
        "name": "Christian Encarnacion-Strand",
        "team": "Unknown",
        "hits": 0,
        "rbi": 0
      },
      {
        "name": "Stuart Fairchild",
        "team": "Unknown",
        "hits": 1,
        "rbi": 1
      },
      {
        "name": "Blake Rutherford",
        "team": "Unknown",
        "hits": 0,
        "rbi": 0
      },
      {
        "name": "CJ Abrams",
        "team": "Unknown",
        "hits": 4,
        "rbi": 1
      },
      {
        "name": "Joey Meneses",
        "team": "Unknown",
        "hits": 0,
        "rbi": 0
      },
      {
        "name": "Ildemaro Vargas",
        "team": "Unknown",
        "hits": 0,
        "rbi": 0
      },
      {
        "name": "Dominic Smith",
        "team": "Unknown",
        "hits": 1,
        "rbi": 0
      },
      {
        "name": "Alex Call",
        "team": "Unknown",
        "hits": 0,
        "rbi": 0
      },
      {
        "name": "Jake Alu",
        "team": "Unknown",
        "hits": 2,
        "rbi": 2
      },
      {
        "name": "Keibert Ruiz",
        "team": "Unknown",
        "hits": 1,
        "rbi": 0
      },
      {
        "name": "Lane Thomas",
        "team": "Unknown",
        "hits": 2,
        "rbi": 3
      }
    ],
    "pitcher_stats": [
      {
        "name": "Lyon Richardson",
        "team": "Unknown",
        "innings_pitched": "3.0",
        "strikeouts": 2,
        "earned_runs": 4
      },
      {
        "name": "Alex Young",
        "team": "Unknown",
        "innings_pitched": "0.1",
        "strikeouts": 0,
        "earned_runs": 1
      },
      {
        "name": "Fernando Cruz",
        "team": "Unknown",
        "innings_pitched": "1.2",
        "strikeouts": 5,
        "earned_runs": 0
      },
      {
        "name": "Ian Gibaut",
        "team": "Unknown",
        "innings_pitched": "1.0",
        "strikeouts": 1,
        "earned_runs": 0
      },
      {
        "name": "Lucas Sims",
        "team": "Unknown",
        "innings_pitched": "1.0",
        "strikeouts": 1,
        "earned_runs": 0
      },
      {
        "name": "Buck Farmer",
        "team": "Unknown",
        "innings_pitched": "0.2",
        "strikeouts": 0,
        "earned_runs": 1
      },
      {
        "name": "Sam Moll",
        "team": "Unknown",
        "innings_pitched": "1.1",
        "strikeouts": 2,
        "earned_runs": 0
      },
      {
        "name": "Jordan Weems",
        "team": "Unknown",
        "innings_pitched": "1.0",
        "strikeouts": 1,
        "earned_runs": 0
      },
      {
        "name": "Robert Garcia",
        "team": "Unknown",
        "innings_pitched": "2.0",
        "strikeouts": 2,
        "earned_runs": 0
      },
      {
        "name": "Kyle Finnegan",
        "team": "Unknown",
        "innings_pitched": "1.0",
        "strikeouts": 2,
        "earned_runs": 0
      },
      {
        "name": "Andr\u00e9s Machado",
        "team": "Unknown",
        "innings_pitched": "0.2",
        "strikeouts": 2,
        "earned_runs": 0
      },
      {
        "name": "Jake Irvin",
        "team": "Unknown",
        "innings_pitched": "4.1",
        "strikeouts": 6,
        "earned_runs": 3
      }
    ]
  },
  {
    "date": "2023-08-06",
    "home_team": "Detroit Tigers",
    "away_team": "Tampa Bay Rays",
    "home_score": 6,
    "away_score": 10,
    "status": "Final",
    "game_id": 717103,
    "starting_pitchers": {
      "home": "Matt Manning",
      "away": "Erasmo Ram\u00edrez"
    },
    "first_inning_runs": {
      "home": 0,
      "away": 3
    },
    "player_stats": [
      {
        "name": "Zach McKinstry",
        "team": "Unknown",
        "hits": 0,
        "rbi": 0
      },
      {
        "name": "Javier B\u00e1ez",
        "team": "Unknown",
        "hits": 0,
        "rbi": 0
      },
      {
        "name": "Riley Greene",
        "team": "Unknown",
        "hits": 0,
        "rbi": 0
      },
      {
        "name": "Kerry Carpenter",
        "team": "Unknown",
        "hits": 3,
        "rbi": 2
      },
      {
        "name": "Zack Short",
        "team": "Unknown",
        "hits": 1,
        "rbi": 0
      },
      {
        "name": "Spencer Torkelson",
        "team": "Unknown",
        "hits": 2,
        "rbi": 0
      },
      {
        "name": "Jake Rogers",
        "team": "Unknown",
        "hits": 0,
        "rbi": 1
      },
      {
        "name": "Akil Baddoo",
        "team": "Unknown",
        "hits": 1,
        "rbi": 0
      },
      {
        "name": "Eric Haase",
        "team": "Unknown",
        "hits": 1,
        "rbi": 1
      },
      {
        "name": "Matt Vierling",
        "team": "Unknown",
        "hits": 1,
        "rbi": 0
      },
      {
        "name": "Andy Ib\u00e1\u00f1ez",
        "team": "Unknown",
        "hits": 2,
        "rbi": 1
      },
      {
        "name": "Jose Siri",
        "team": "Unknown",
        "hits": 0,
        "rbi": 0
      },
      {
        "name": "Isaac Paredes",
        "team": "Unknown",
        "hits": 0,
        "rbi": 0
      },
      {
        "name": "Harold Ram\u00edrez",
        "team": "Unknown",
        "hits": 1,
        "rbi": 1
      },
      {
        "name": "Brandon Lowe",
        "team": "Unknown",
        "hits": 1,
        "rbi": 1
      },
      {
        "name": "Randy Arozarena",
        "team": "Unknown",
        "hits": 1,
        "rbi": 1
      },
      {
        "name": "Christian Bethancourt",
        "team": "Unknown",
        "hits": 2,
        "rbi": 0
      },
      {
        "name": "Curtis Mead",
        "team": "Unknown",
        "hits": 0,
        "rbi": 0
      },
      {
        "name": "Josh Lowe",
        "team": "Unknown",
        "hits": 2,
        "rbi": 2
      },
      {
        "name": "Yandy D\u00edaz",
        "team": "Unknown",
        "hits": 3,
        "rbi": 2
      },
      {
        "name": "Wander Franco",
        "team": "Unknown",
        "hits": 3,
        "rbi": 2
      },
      {
        "name": "Luke Raley",
        "team": "Unknown",
        "hits": 0,
        "rbi": 0
      }
    ],
    "pitcher_stats": [
      {
        "name": "Chasen Shreve",
        "team": "Unknown",
        "innings_pitched": "1.0",
        "strikeouts": 2,
        "earned_runs": 0
      },
      {
        "name": "Andrew Vasquez",
        "team": "Unknown",
        "innings_pitched": "0.1",
        "strikeouts": 1,
        "earned_runs": 0
      },
      {
        "name": "Matt Manning",
        "team": "Unknown",
        "innings_pitched": "5.2",
        "strikeouts": 3,
        "earned_runs": 6
      },
      {
        "name": "Brendan White",
        "team": "Unknown",
        "innings_pitched": "2.0",
        "strikeouts": 3,
        "earned_runs": 2
      },
      {
        "name": "Jake Diekman",
        "team": "Unknown",
        "innings_pitched": "1.0",
        "strikeouts": 1,
        "earned_runs": 0
      },
      {
        "name": "Shawn Armstrong",
        "team": "Unknown",
        "innings_pitched": "0.1",
        "strikeouts": 1,
        "earned_runs": 2
      },
      {
        "name": "Pete Fairbanks",
        "team": "Unknown",
        "innings_pitched": "1.0",
        "strikeouts": 1,
        "earned_runs": 0
      },
      {
        "name": "Jason Adam",
        "team": "Unknown",
        "innings_pitched": "1.0",
        "strikeouts": 2,
        "earned_runs": 2
      },
      {
        "name": "Robert Stephenson",
        "team": "Unknown",
        "innings_pitched": "1.0",
        "strikeouts": 3,
        "earned_runs": 1
      },
      {
        "name": "Erasmo Ram\u00edrez",
        "team": "Unknown",
        "innings_pitched": "3.0",
        "strikeouts": 3,
        "earned_runs": 1
      },
      {
        "name": "Colin Poche",
        "team": "Unknown",
        "innings_pitched": "1.2",
        "strikeouts": 2,
        "earned_runs": 0
      }
    ]
  },
  {
    "date": "2023-08-06",
    "home_team": "Minnesota Twins",
    "away_team": "Arizona Diamondbacks",
    "home_score": 5,
    "away_score": 3,
    "status": "Final",
    "game_id": 717106,
    "starting_pitchers": {
      "home": "Dallas Keuchel",
      "away": "Zac Gallen"
    },
    "first_inning_runs": {
      "home": 0,
      "away": 0
    },
    "player_stats": [
      {
        "name": "Donovan Solano",
        "team": "Unknown",
        "hits": 0,
        "rbi": 0
      },
      {
        "name": "Willi Castro",
        "team": "Unknown",
        "hits": 1,
        "rbi": 0
      },
      {
        "name": "Edouard Julien",
        "team": "Unknown",
        "hits": 1,
        "rbi": 0
      },
      {
        "name": "Ryan Jeffers",
        "team": "Unknown",
        "hits": 1,
        "rbi": 0
      },
      {
        "name": "Carlos Correa",
        "team": "Unknown",
        "hits": 1,
        "rbi": 2
      },
      {
        "name": "Max Kepler",
        "team": "Unknown",
        "hits": 1,
        "rbi": 1
      },
      {
        "name": "Michael A. Taylor",
        "team": "Unknown",
        "hits": 0,
        "rbi": 0
      },
      {
        "name": "Christian V\u00e1zquez",
        "team": "Unknown",
        "hits": 0,
        "rbi": 0
      },
      {
        "name": "Matt Wallner",
        "team": "Unknown",
        "hits": 1,
        "rbi": 2
      },
      {
        "name": "Jake McCarthy",
        "team": "Unknown",
        "hits": 2,
        "rbi": 0
      },
      {
        "name": "Nick Ahmed",
        "team": "Unknown",
        "hits": 0,
        "rbi": 0
      },
      {
        "name": "Ketel Marte",
        "team": "Unknown",
        "hits": 0,
        "rbi": 0
      },
      {
        "name": "Carson Kelly",
        "team": "Unknown",
        "hits": 2,
        "rbi": 0
      },
      {
        "name": "Tommy Pham",
        "team": "Unknown",
        "hits": 0,
        "rbi": 1
      },
      {
        "name": "Geraldo Perdomo",
        "team": "Unknown",
        "hits": 0,
        "rbi": 0
      },
      {
        "name": "Corbin Carroll",
        "team": "Unknown",
        "hits": 2,
        "rbi": 0
      },
      {
        "name": "Lourdes Gurriel Jr.",
        "team": "Unknown",
        "hits": 3,
        "rbi": 1
      },
      {
        "name": "Christian Walker",
        "team": "Unknown",
        "hits": 2,
        "rbi": 1
      },
      {
        "name": "Emmanuel Rivera",
        "team": "Unknown",
        "hits": 0,
        "rbi": 0
      }
    ],
    "pitcher_stats": [
      {
        "name": "Emilio Pag\u00e1n",
        "team": "Unknown",
        "innings_pitched": "1.0",
        "strikeouts": 1,
        "earned_runs": 1
      },
      {
        "name": "Caleb Thielbar",
        "team": "Unknown",
        "innings_pitched": "1.0",
        "strikeouts": 1,
        "earned_runs": 1
      },
      {
        "name": "Dylan Floro",
        "team": "Unknown",
        "innings_pitched": "1.0",
        "strikeouts": 1,
        "earned_runs": 0
      },
      {
        "name": "Griffin Jax",
        "team": "Unknown",
        "innings_pitched": "1.0",
        "strikeouts": 2,
        "earned_runs": 0
      },
      {
        "name": "Dallas Keuchel",
        "team": "Unknown",
        "innings_pitched": "5.0",
        "strikeouts": 0,
        "earned_runs": 1
      },
      {
        "name": "Kevin Ginkel",
        "team": "Unknown",
        "innings_pitched": "1.0",
        "strikeouts": 2,
        "earned_runs": 0
      },
      {
        "name": "Paul Sewald",
        "team": "Unknown",
        "innings_pitched": "0.0",
        "strikeouts": 0,
        "earned_runs": 3
      },
      {
        "name": "Zac Gallen",
        "team": "Unknown",
        "innings_pitched": "7.0",
        "strikeouts": 8,
        "earned_runs": 2
      }
    ]
  },
  {
    "date": "2023-08-06",
    "home_team": "Milwaukee Brewers",
    "away_team": "Pittsburgh Pirates",
    "home_score": 1,
    "away_score": 4,
    "status": "Final",
    "game_id": 717105,
    "starting_pitchers": {
      "home": "Brandon Woodruff",
      "away": "Johan Oviedo"
    },
    "first_inning_runs": {
      "home": 0,
      "away": 0
    },
    "player_stats": [
      {
        "name": "Christian Yelich",
        "team": "Unknown",
        "hits": 0,
        "rbi": 0
      },
      {
        "name": "Joey Wiemer",
        "team": "Unknown",
        "hits": 0,
        "rbi": 0
      },
      {
        "name": "Sal Frelick",
        "team": "Unknown",
        "hits": 0,
        "rbi": 0
      },
      {
        "name": "Andruw Monasterio",
        "team": "Unknown",
        "hits": 0,
        "rbi": 0
      },
      {
        "name": "Mark Canha",
        "team": "Unknown",
        "hits": 0,
        "rbi": 0
      },
      {
        "name": "William Contreras",
        "team": "Unknown",
        "hits": 2,
        "rbi": 0
      },
      {
        "name": "Brice Turang",
        "team": "Unknown",
        "hits": 1,
        "rbi": 0
      },
      {
        "name": "Willy Adames",
        "team": "Unknown",
        "hits": 0,
        "rbi": 0
      },
      {
        "name": "Carlos Santana",
        "team": "Unknown",
        "hits": 1,
        "rbi": 0
      },
      {
        "name": "Endy Rodr\u00edguez",
        "team": "Unknown",
        "hits": 3,
        "rbi": 1
      },
      {
        "name": "Bryan Reynolds",
        "team": "Unknown",
        "hits": 1,
        "rbi": 2
      },
      {
        "name": "Liover Peguero",
        "team": "Unknown",
        "hits": 0,
        "rbi": 0
      },
      {
        "name": "Connor Joe",
        "team": "Unknown",
        "hits": 1,
        "rbi": 1
      },
      {
        "name": "Alfonso Rivas III",
        "team": "Unknown",
        "hits": 1,
        "rbi": 0
      },
      {
        "name": "Ke'Bryan Hayes",
        "team": "Unknown",
        "hits": 0,
        "rbi": 0
      },
      {
        "name": "Jared Triolo",
        "team": "Unknown",
        "hits": 0,
        "rbi": 0
      },
      {
        "name": "Henry Davis",
        "team": "Unknown",
        "hits": 0,
        "rbi": 0
      },
      {
        "name": "Joshua Palacios",
        "team": "Unknown",
        "hits": 0,
        "rbi": 0
      },
      {
        "name": "Jack Suwinski",
        "team": "Unknown",
        "hits": 0,
        "rbi": 0
      }
    ],
    "pitcher_stats": [
      {
        "name": "Hoby Milner",
        "team": "Unknown",
        "innings_pitched": "1.0",
        "strikeouts": 0,
        "earned_runs": 0
      },
      {
        "name": "Abner Uribe",
        "team": "Unknown",
        "innings_pitched": "1.0",
        "strikeouts": 2,
        "earned_runs": 0
      },
      {
        "name": "Brandon Woodruff",
        "team": "Unknown",
        "innings_pitched": "5.0",
        "strikeouts": 9,
        "earned_runs": 2
      },
      {
        "name": "J.C. Mej\u00eda",
        "team": "Unknown",
        "innings_pitched": "2.0",
        "strikeouts": 3,
        "earned_runs": 2
      },
      {
        "name": "Colin Holderman",
        "team": "Unknown",
        "innings_pitched": "1.0",
        "strikeouts": 1,
        "earned_runs": 0
      },
      {
        "name": "Carmen Mlodzinski",
        "team": "Unknown",
        "innings_pitched": "1.0",
        "strikeouts": 1,
        "earned_runs": 0
      },
      {
        "name": "Johan Oviedo",
        "team": "Unknown",
        "innings_pitched": "7.0",
        "strikeouts": 6,
        "earned_runs": 0
      }
    ]
  },
  {
    "date": "2023-08-06",
    "home_team": "St. Louis Cardinals",
    "away_team": "Colorado Rockies",
    "home_score": 0,
    "away_score": 1,
    "status": "Final",
    "game_id": 717099,
    "starting_pitchers": {
      "home": "Zack Thompson",
      "away": "Austin Gomber"
    },
    "first_inning_runs": {
      "home": 0,
      "away": 0
    },
    "player_stats": [
      {
        "name": "Nolan Gorman",
        "team": "Unknown",
        "hits": 1,
        "rbi": 0
      },
      {
        "name": "Jordan Walker",
        "team": "Unknown",
        "hits": 1,
        "rbi": 0
      },
      {
        "name": "Dylan Carlson",
        "team": "Unknown",
        "hits": 1,
        "rbi": 0
      },
      {
        "name": "Willson Contreras",
        "team": "Unknown",
        "hits": 1,
        "rbi": 0
      },
      {
        "name": "Nolan Arenado",
        "team": "Unknown",
        "hits": 1,
        "rbi": 0
      },
      {
        "name": "Lars Nootbaar",
        "team": "Unknown",
        "hits": 1,
        "rbi": 0
      },
      {
        "name": "Andrew Knizner",
        "team": "Unknown",
        "hits": 1,
        "rbi": 0
      },
      {
        "name": "Tyler O'Neill",
        "team": "Unknown",
        "hits": 0,
        "rbi": 0
      },
      {
        "name": "Alec Burleson",
        "team": "Unknown",
        "hits": 0,
        "rbi": 0
      },
      {
        "name": "Paul Goldschmidt",
        "team": "Unknown",
        "hits": 1,
        "rbi": 0
      },
      {
        "name": "Tommy Edman",
        "team": "Unknown",
        "hits": 0,
        "rbi": 0
      },
      {
        "name": "Austin Wynns",
        "team": "Unknown",
        "hits": 0,
        "rbi": 0
      },
      {
        "name": "Michael Toglia",
        "team": "Unknown",
        "hits": 0,
        "rbi": 0
      },
      {
        "name": "Ryan McMahon",
        "team": "Unknown",
        "hits": 0,
        "rbi": 0
      },
      {
        "name": "Nolan Jones",
        "team": "Unknown",
        "hits": 1,
        "rbi": 0
      },
      {
        "name": "Brenton Doyle",
        "team": "Unknown",
        "hits": 2,
        "rbi": 0
      },
      {
        "name": "Elias D\u00edaz",
        "team": "Unknown",
        "hits": 0,
        "rbi": 0
      },
      {
        "name": "Ezequiel Tovar",
        "team": "Unknown",
        "hits": 0,
        "rbi": 1
      },
      {
        "name": "Elehuris Montero",
        "team": "Unknown",
        "hits": 1,
        "rbi": 0
      },
      {
        "name": "Alan Trejo",
        "team": "Unknown",
        "hits": 1,
        "rbi": 0
      }
    ],
    "pitcher_stats": [
      {
        "name": "Zack Thompson",
        "team": "Unknown",
        "innings_pitched": "4.0",
        "strikeouts": 8,
        "earned_runs": 1
      },
      {
        "name": "JoJo Romero",
        "team": "Unknown",
        "innings_pitched": "2.0",
        "strikeouts": 4,
        "earned_runs": 0
      },
      {
        "name": "John King",
        "team": "Unknown",
        "innings_pitched": "1.0",
        "strikeouts": 1,
        "earned_runs": 0
      },
      {
        "name": "Andre Pallante",
        "team": "Unknown",
        "innings_pitched": "1.0",
        "strikeouts": 0,
        "earned_runs": 0
      },
      {
        "name": "Drew VerHagen",
        "team": "Unknown",
        "innings_pitched": "1.0",
        "strikeouts": 0,
        "earned_runs": 0
      },
      {
        "name": "Austin Gomber",
        "team": "Unknown",
        "innings_pitched": "6.0",
        "strikeouts": 2,
        "earned_runs": 0
      },
      {
        "name": "Tyler Kinley",
        "team": "Unknown",
        "innings_pitched": "0.2",
        "strikeouts": 1,
        "earned_runs": 0
      },
      {
        "name": "Justin Lawrence",
        "team": "Unknown",
        "innings_pitched": "1.1",
        "strikeouts": 1,
        "earned_runs": 0
      },
      {
        "name": "Brent Suter",
        "team": "Unknown",
        "innings_pitched": "1.0",
        "strikeouts": 1,
        "earned_runs": 0
      }
    ]
  },
  {
    "date": "2023-08-06",
    "home_team": "Chicago Cubs",
    "away_team": "Atlanta Braves",
    "home_score": 6,
    "away_score": 4,
    "status": "Final",
    "game_id": 717098,
    "starting_pitchers": {
      "home": "Justin Steele",
      "away": "Charlie Morton"
    },
    "first_inning_runs": {
      "home": 0,
      "away": 0
    },
    "player_stats": [
      {
        "name": "Christopher Morel",
        "team": "Unknown",
        "hits": 0,
        "rbi": 0
      },
      {
        "name": "Nick Madrigal",
        "team": "Unknown",
        "hits": 0,
        "rbi": 0
      },
      {
        "name": "Ian Happ",
        "team": "Unknown",
        "hits": 1,
        "rbi": 2
      },
      {
        "name": "Mike Tauchman",
        "team": "Unknown",
        "hits": 2,
        "rbi": 0
      },
      {
        "name": "Miguel Amaya",
        "team": "Unknown",
        "hits": 0,
        "rbi": 0
      },
      {
        "name": "Jeimer Candelario",
        "team": "Unknown",
        "hits": 1,
        "rbi": 1
      },
      {
        "name": "Cody Bellinger",
        "team": "Unknown",
        "hits": 2,
        "rbi": 1
      },
      {
        "name": "Dansby Swanson",
        "team": "Unknown",
        "hits": 1,
        "rbi": 2
      },
      {
        "name": "Nico Hoerner",
        "team": "Unknown",
        "hits": 0,
        "rbi": 0
      },
      {
        "name": "Michael Harris II",
        "team": "Unknown",
        "hits": 1,
        "rbi": 0
      },
      {
        "name": "Travis d'Arnaud",
        "team": "Unknown",
        "hits": 0,
        "rbi": 0
      },
      {
        "name": "Matt Olson",
        "team": "Unknown",
        "hits": 2,
        "rbi": 3
      },
      {
        "name": "Ronald Acu\u00f1a Jr.",
        "team": "Unknown",
        "hits": 2,
        "rbi": 1
      },
      {
        "name": "Eddie Rosario",
        "team": "Unknown",
        "hits": 0,
        "rbi": 0
      },
      {
        "name": "Kevin Pillar",
        "team": "Unknown",
        "hits": 0,
        "rbi": 0
      },
      {
        "name": "Ozzie Albies",
        "team": "Unknown",
        "hits": 3,
        "rbi": 0
      },
      {
        "name": "Austin Riley",
        "team": "Unknown",
        "hits": 0,
        "rbi": 0
      },
      {
        "name": "Orlando Arcia",
        "team": "Unknown",
        "hits": 1,
        "rbi": 0
      },
      {
        "name": "Marcell Ozuna",
        "team": "Unknown",
        "hits": 1,
        "rbi": 0
      }
    ],
    "pitcher_stats": [
      {
        "name": "Adbert Alzolay",
        "team": "Unknown",
        "innings_pitched": "1.0",
        "strikeouts": 1,
        "earned_runs": 0
      },
      {
        "name": "Jose Cuas",
        "team": "Unknown",
        "innings_pitched": "1.0",
        "strikeouts": 2,
        "earned_runs": 0
      },
      {
        "name": "Mark Leiter Jr.",
        "team": "Unknown",
        "innings_pitched": "1.0",
        "strikeouts": 1,
        "earned_runs": 0
      },
      {
        "name": "Michael Fulmer",
        "team": "Unknown",
        "innings_pitched": "0.2",
        "strikeouts": 2,
        "earned_runs": 0
      },
      {
        "name": "Justin Steele",
        "team": "Unknown",
        "innings_pitched": "5.1",
        "strikeouts": 7,
        "earned_runs": 3
      },
      {
        "name": "Collin McHugh",
        "team": "Unknown",
        "innings_pitched": "0.2",
        "strikeouts": 0,
        "earned_runs": 0
      },
      {
        "name": "Joe Jim\u00e9nez",
        "team": "Unknown",
        "innings_pitched": "1.0",
        "strikeouts": 0,
        "earned_runs": 1
      },
      {
        "name": "Kirby Yates",
        "team": "Unknown",
        "innings_pitched": "1.0",
        "strikeouts": 0,
        "earned_runs": 0
      },
      {
        "name": "Brad Hand",
        "team": "Unknown",
        "innings_pitched": "1.0",
        "strikeouts": 0,
        "earned_runs": 0
      },
      {
        "name": "Charlie Morton",
        "team": "Unknown",
        "innings_pitched": "4.1",
        "strikeouts": 4,
        "earned_runs": 5
      }
    ]
  },
  {
    "date": "2023-08-06",
    "home_team": "Texas Rangers",
    "away_team": "Miami Marlins",
    "home_score": 6,
    "away_score": 0,
    "status": "Final",
    "game_id": 717102,
    "starting_pitchers": {
      "home": "Andrew Heaney",
      "away": "Sandy Alcantara"
    },
    "first_inning_runs": {
      "home": 0,
      "away": 0
    },
    "player_stats": [
      {
        "name": "Leody Taveras",
        "team": "Unknown",
        "hits": 1,
        "rbi": 0
      },
      {
        "name": "Nathaniel Lowe",
        "team": "Unknown",
        "hits": 1,
        "rbi": 2
      },
      {
        "name": "Marcus Semien",
        "team": "Unknown",
        "hits": 2,
        "rbi": 1
      },
      {
        "name": "Josh Jung",
        "team": "Unknown",
        "hits": 0,
        "rbi": 0
      },
      {
        "name": "Ezequiel Duran",
        "team": "Unknown",
        "hits": 1,
        "rbi": 1
      },
      {
        "name": "Mitch Garver",
        "team": "Unknown",
        "hits": 1,
        "rbi": 1
      },
      {
        "name": "Travis Jankowski",
        "team": "Unknown",
        "hits": 0,
        "rbi": 0
      },
      {
        "name": "Josh Smith",
        "team": "Unknown",
        "hits": 0,
        "rbi": 0
      },
      {
        "name": "Adolis Garc\u00eda",
        "team": "Unknown",
        "hits": 2,
        "rbi": 1
      },
      {
        "name": "Robbie Grossman",
        "team": "Unknown",
        "hits": 0,
        "rbi": 0
      },
      {
        "name": "Jake Burger",
        "team": "Unknown",
        "hits": 1,
        "rbi": 0
      },
      {
        "name": "Bryan De La Cruz",
        "team": "Unknown",
        "hits": 1,
        "rbi": 0
      },
      {
        "name": "Jorge Soler",
        "team": "Unknown",
        "hits": 0,
        "rbi": 0
      },
      {
        "name": "Yuli Gurriel",
        "team": "Unknown",
        "hits": 2,
        "rbi": 0
      },
      {
        "name": "Josh Bell",
        "team": "Unknown",
        "hits": 1,
        "rbi": 0
      },
      {
        "name": "Jacob Stallings",
        "team": "Unknown",
        "hits": 0,
        "rbi": 0
      },
      {
        "name": "Jon Berti",
        "team": "Unknown",
        "hits": 0,
        "rbi": 0
      },
      {
        "name": "Avisa\u00edl Garc\u00eda",
        "team": "Unknown",
        "hits": 0,
        "rbi": 0
      },
      {
        "name": "Luis Arraez",
        "team": "Unknown",
        "hits": 1,
        "rbi": 0
      }
    ],
    "pitcher_stats": [
      {
        "name": "Andrew Heaney",
        "team": "Unknown",
        "innings_pitched": "5.2",
        "strikeouts": 4,
        "earned_runs": 0
      },
      {
        "name": "Jos\u00e9 Leclerc",
        "team": "Unknown",
        "innings_pitched": "1.0",
        "strikeouts": 0,
        "earned_runs": 0
      },
      {
        "name": "Chris Stratton",
        "team": "Unknown",
        "innings_pitched": "1.1",
        "strikeouts": 0,
        "earned_runs": 0
      },
      {
        "name": "Mart\u00edn P\u00e9rez",
        "team": "Unknown",
        "innings_pitched": "1.0",
        "strikeouts": 1,
        "earned_runs": 0
      },
      {
        "name": "Sandy Alcantara",
        "team": "Unknown",
        "innings_pitched": "6.0",
        "strikeouts": 7,
        "earned_runs": 4
      },
      {
        "name": "Geoff Hartlieb",
        "team": "Unknown",
        "innings_pitched": "1.0",
        "strikeouts": 2,
        "earned_runs": 1
      },
      {
        "name": "Andrew Nardi",
        "team": "Unknown",
        "innings_pitched": "1.0",
        "strikeouts": 2,
        "earned_runs": 0
      }
    ]
  },
  {
    "date": "2023-08-06",
    "home_team": "Los Angeles Angels",
    "away_team": "Seattle Mariners",
    "home_score": 2,
    "away_score": 3,
    "status": "Final",
    "game_id": 717101,
    "starting_pitchers": {
      "home": "Chase Silseth",
      "away": "Bryce Miller"
    },
    "first_inning_runs": {
      "home": 1,
      "away": 1
    },
    "player_stats": [
      {
        "name": "Luis Rengifo",
        "team": "Unknown",
        "hits": 1,
        "rbi": 0
      },
      {
        "name": "Mickey Moniak",
        "team": "Unknown",
        "hits": 0,
        "rbi": 0
      },
      {
        "name": "Matt Thaiss",
        "team": "Unknown",
        "hits": 1,
        "rbi": 1
      },
      {
        "name": "Hunter Renfroe",
        "team": "Unknown",
        "hits": 0,
        "rbi": 0
      },
      {
        "name": "Eduardo Escobar",
        "team": "Unknown",
        "hits": 0,
        "rbi": 0
      },
      {
        "name": "Randal Grichuk",
        "team": "Unknown",
        "hits": 0,
        "rbi": 0
      },
      {
        "name": "Brandon Drury",
        "team": "Unknown",
        "hits": 1,
        "rbi": 0
      },
      {
        "name": "C.J. Cron",
        "team": "Unknown",
        "hits": 0,
        "rbi": 0
      },
      {
        "name": "Shohei Ohtani",
        "team": "Unknown",
        "hits": 1,
        "rbi": 0
      },
      {
        "name": "Mike Moustakas",
        "team": "Unknown",
        "hits": 2,
        "rbi": 1
      },
      {
        "name": "Chad Wallach",
        "team": "Unknown",
        "hits": 0,
        "rbi": 0
      },
      {
        "name": "Mike Ford",
        "team": "Unknown",
        "hits": 0,
        "rbi": 0
      },
      {
        "name": "J.P. Crawford",
        "team": "Unknown",
        "hits": 1,
        "rbi": 1
      },
      {
        "name": "Josh Rojas",
        "team": "Unknown",
        "hits": 0,
        "rbi": 0
      },
      {
        "name": "Dominic Canzone",
        "team": "Unknown",
        "hits": 0,
        "rbi": 0
      },
      {
        "name": "Cal Raleigh",
        "team": "Unknown",
        "hits": 0,
        "rbi": 0
      },
      {
        "name": "Teoscar Hern\u00e1ndez",
        "team": "Unknown",
        "hits": 3,
        "rbi": 1
      },
      {
        "name": "Eugenio Su\u00e1rez",
        "team": "Unknown",
        "hits": 1,
        "rbi": 1
      },
      {
        "name": "Ty France",
        "team": "Unknown",
        "hits": 0,
        "rbi": 0
      },
      {
        "name": "Cade Marlowe",
        "team": "Unknown",
        "hits": 0,
        "rbi": 0
      },
      {
        "name": "Julio Rodr\u00edguez",
        "team": "Unknown",
        "hits": 2,
        "rbi": 0
      }
    ],
    "pitcher_stats": [
      {
        "name": "Chase Silseth",
        "team": "Unknown",
        "innings_pitched": "7.0",
        "strikeouts": 12,
        "earned_runs": 2
      },
      {
        "name": "Matt Moore",
        "team": "Unknown",
        "innings_pitched": "1.0",
        "strikeouts": 2,
        "earned_runs": 0
      },
      {
        "name": "Jaime Barria",
        "team": "Unknown",
        "innings_pitched": "1.0",
        "strikeouts": 1,
        "earned_runs": 0
      },
      {
        "name": "Carlos Est\u00e9vez",
        "team": "Unknown",
        "innings_pitched": "1.0",
        "strikeouts": 0,
        "earned_runs": 0
      },
      {
        "name": "Justin Topa",
        "team": "Unknown",
        "innings_pitched": "1.0",
        "strikeouts": 1,
        "earned_runs": 0
      },
      {
        "name": "Trent Thornton",
        "team": "Unknown",
        "innings_pitched": "1.0",
        "strikeouts": 1,
        "earned_runs": 1
      },
      {
        "name": "Isaiah Campbell",
        "team": "Unknown",
        "innings_pitched": "1.0",
        "strikeouts": 0,
        "earned_runs": 0
      },
      {
        "name": "Tayler Saucedo",
        "team": "Unknown",
        "innings_pitched": "2.0",
        "strikeouts": 3,
        "earned_runs": 0
      },
      {
        "name": "Bryce Miller",
        "team": "Unknown",
        "innings_pitched": "5.0",
        "strikeouts": 10,
        "earned_runs": 1
      }
    ]
  },
  {
    "date": "2023-08-06",
    "home_team": "Oakland Athletics",
    "away_team": "San Francisco Giants",
    "home_score": 8,
    "away_score": 6,
    "status": "Final",
    "game_id": 717100,
    "starting_pitchers": {
      "home": "Luis Medina",
      "away": "Alex Cobb"
    },
    "first_inning_runs": {
      "home": 1,
      "away": 1
    },
    "player_stats": [
      {
        "name": "Nick Allen",
        "team": "Unknown",
        "hits": 3,
        "rbi": 3
      },
      {
        "name": "Brent Rooker",
        "team": "Unknown",
        "hits": 0,
        "rbi": 0
      },
      {
        "name": "Zack Gelof",
        "team": "Unknown",
        "hits": 3,
        "rbi": 0
      },
      {
        "name": "Esteury Ruiz",
        "team": "Unknown",
        "hits": 1,
        "rbi": 0
      },
      {
        "name": "Seth Brown",
        "team": "Unknown",
        "hits": 3,
        "rbi": 1
      },
      {
        "name": "Jordan Diaz",
        "team": "Unknown",
        "hits": 0,
        "rbi": 0
      },
      {
        "name": "Tyler Soderstrom",
        "team": "Unknown",
        "hits": 0,
        "rbi": 1
      },
      {
        "name": "Shea Langeliers",
        "team": "Unknown",
        "hits": 1,
        "rbi": 2
      },
      {
        "name": "JJ Bleday",
        "team": "Unknown",
        "hits": 0,
        "rbi": 0
      },
      {
        "name": "Michael Conforto",
        "team": "Unknown",
        "hits": 1,
        "rbi": 0
      },
      {
        "name": "Thairo Estrada",
        "team": "Unknown",
        "hits": 1,
        "rbi": 1
      },
      {
        "name": "Joc Pederson",
        "team": "Unknown",
        "hits": 0,
        "rbi": 0
      },
      {
        "name": "Brandon Crawford",
        "team": "Unknown",
        "hits": 0,
        "rbi": 1
      },
      {
        "name": "Patrick Bailey",
        "team": "Unknown",
        "hits": 2,
        "rbi": 1
      },
      {
        "name": "Wilmer Flores",
        "team": "Unknown",
        "hits": 0,
        "rbi": 0
      },
      {
        "name": "LaMonte Wade Jr.",
        "team": "Unknown",
        "hits": 3,
        "rbi": 2
      },
      {
        "name": "Luis Matos",
        "team": "Unknown",
        "hits": 1,
        "rbi": 0
      },
      {
        "name": "J.D. Davis",
        "team": "Unknown",
        "hits": 1,
        "rbi": 1
      },
      {
        "name": "Austin Slater",
        "team": "Unknown",
        "hits": 0,
        "rbi": 0
      }
    ],
    "pitcher_stats": [
      {
        "name": "Sam Long",
        "team": "Unknown",
        "innings_pitched": "1.0",
        "strikeouts": 2,
        "earned_runs": 2
      },
      {
        "name": "Kirby Snead",
        "team": "Unknown",
        "innings_pitched": "1.0",
        "strikeouts": 3,
        "earned_runs": 0
      },
      {
        "name": "Angel Felipe",
        "team": "Unknown",
        "innings_pitched": "1.0",
        "strikeouts": 3,
        "earned_runs": 0
      },
      {
        "name": "Lucas Erceg",
        "team": "Unknown",
        "innings_pitched": "1.0",
        "strikeouts": 2,
        "earned_runs": 0
      },
      {
        "name": "Trevor May",
        "team": "Unknown",
        "innings_pitched": "1.0",
        "strikeouts": 0,
        "earned_runs": 0
      },
      {
        "name": "Austin Pruitt",
        "team": "Unknown",
        "innings_pitched": "0.2",
        "strikeouts": 0,
        "earned_runs": 0
      },
      {
        "name": "Luis Medina",
        "team": "Unknown",
        "innings_pitched": "3.1",
        "strikeouts": 3,
        "earned_runs": 3
      },
      {
        "name": "Alex Cobb",
        "team": "Unknown",
        "innings_pitched": "5.1",
        "strikeouts": 3,
        "earned_runs": 5
      },
      {
        "name": "Scott Alexander",
        "team": "Unknown",
        "innings_pitched": "0.1",
        "strikeouts": 0,
        "earned_runs": 1
      },
      {
        "name": "Luke Jackson",
        "team": "Unknown",
        "innings_pitched": "0.2",
        "strikeouts": 1,
        "earned_runs": 1
      },
      {
        "name": "Ryan Walker",
        "team": "Unknown",
        "innings_pitched": "0.2",
        "strikeouts": 0,
        "earned_runs": 0
      },
      {
        "name": "Jakob Junis",
        "team": "Unknown",
        "innings_pitched": "1.0",
        "strikeouts": 1,
        "earned_runs": 0
      }
    ]
  },
  {
    "date": "2023-08-06",
    "home_team": "San Diego Padres",
    "away_team": "Los Angeles Dodgers",
    "home_score": 2,
    "away_score": 8,
    "status": "Final",
    "game_id": 717093,
    "starting_pitchers": {
      "home": "Rich Hill",
      "away": "Lance Lynn"
    },
    "first_inning_runs": {
      "home": 0,
      "away": 2
    },
    "player_stats": [
      {
        "name": "Ji Man Choi",
        "team": "Unknown",
        "hits": 0,
        "rbi": 0
      },
      {
        "name": "Manny Machado",
        "team": "Unknown",
        "hits": 0,
        "rbi": 0
      },
      {
        "name": "Fernando Tatis Jr.",
        "team": "Unknown",
        "hits": 0,
        "rbi": 0
      },
      {
        "name": "Juan Soto",
        "team": "Unknown",
        "hits": 0,
        "rbi": 0
      },
      {
        "name": "Xander Bogaerts",
        "team": "Unknown",
        "hits": 1,
        "rbi": 0
      },
      {
        "name": "Gary S\u00e1nchez",
        "team": "Unknown",
        "hits": 2,
        "rbi": 1
      },
      {
        "name": "Trent Grisham",
        "team": "Unknown",
        "hits": 1,
        "rbi": 0
      },
      {
        "name": "Jake Cronenworth",
        "team": "Unknown",
        "hits": 2,
        "rbi": 1
      },
      {
        "name": "Ha-Seong Kim",
        "team": "Unknown",
        "hits": 1,
        "rbi": 0
      },
      {
        "name": "Chris Taylor",
        "team": "Unknown",
        "hits": 0,
        "rbi": 0
      },
      {
        "name": "Austin Barnes",
        "team": "Unknown",
        "hits": 2,
        "rbi": 1
      },
      {
        "name": "Enrique Hern\u00e1ndez",
        "team": "Unknown",
        "hits": 3,
        "rbi": 1
      },
      {
        "name": "Amed Rosario",
        "team": "Unknown",
        "hits": 1,
        "rbi": 2
      },
      {
        "name": "Freddie Freeman",
        "team": "Unknown",
        "hits": 2,
        "rbi": 3
      },
      {
        "name": "David Peralta",
        "team": "Unknown",
        "hits": 1,
        "rbi": 0
      },
      {
        "name": "J.D. Martinez",
        "team": "Unknown",
        "hits": 1,
        "rbi": 0
      },
      {
        "name": "James Outman",
        "team": "Unknown",
        "hits": 0,
        "rbi": 0
      },
      {
        "name": "Mookie Betts",
        "team": "Unknown",
        "hits": 1,
        "rbi": 1
      },
      {
        "name": "Miguel Rojas",
        "team": "Unknown",
        "hits": 1,
        "rbi": 0
      }
    ],
    "pitcher_stats": [
      {
        "name": "Pedro Avila",
        "team": "Unknown",
        "innings_pitched": "4.2",
        "strikeouts": 7,
        "earned_runs": 1
      },
      {
        "name": "Rich Hill",
        "team": "Unknown",
        "innings_pitched": "3.0",
        "strikeouts": 4,
        "earned_runs": 6
      },
      {
        "name": "Ray Kerr",
        "team": "Unknown",
        "innings_pitched": "0.2",
        "strikeouts": 1,
        "earned_runs": 1
      },
      {
        "name": "Luis Garc\u00eda",
        "team": "Unknown",
        "innings_pitched": "0.2",
        "strikeouts": 1,
        "earned_runs": 0
      },
      {
        "name": "Lance Lynn",
        "team": "Unknown",
        "innings_pitched": "6.0",
        "strikeouts": 6,
        "earned_runs": 1
      },
      {
        "name": "Brusdar Graterol",
        "team": "Unknown",
        "innings_pitched": "1.0",
        "strikeouts": 0,
        "earned_runs": 0
      },
      {
        "name": "Yency Almonte",
        "team": "Unknown",
        "innings_pitched": "1.0",
        "strikeouts": 0,
        "earned_runs": 0
      },
      {
        "name": "Ryan Brasier",
        "team": "Unknown",
        "innings_pitched": "1.0",
        "strikeouts": 1,
        "earned_runs": 1
      }
    ]
  }
]