[
  {
    "date": "2023-09-07",
    "home_team": "Tampa Bay Rays",
    "away_team": "Seattle Mariners",
    "home_score": 0,
    "away_score": 1,
    "status": "Final",
    "game_id": 716683,
    "starting_pitchers": {
      "home": "Zack Littell",
      "away": "Luis Castillo"
    },
    "first_inning_runs": {
      "home": 0,
      "away": 0
    },
    "player_stats": [
      {
        "name": "Taylor Walls",
        "team": "Unknown",
        "hits": 0,
        "rbi": 0
      },
      {
        "name": "Isaac Paredes",
        "team": "Unknown",
        "hits": 0,
        "rbi": 0
      },
      {
        "name": "Harold Ram\u00edrez",
        "team": "Unknown",
        "hits": 0,
        "rbi": 0
      },
      {
        "name": "Brandon Lowe",
        "team": "Unknown",
        "hits": 1,
        "rbi": 0
      },
      {
        "name": "Randy Arozarena",
        "team": "Unknown",
        "hits": 0,
        "rbi": 0
      },
      {
        "name": "Christian Bethancourt",
        "team": "Unknown",
        "hits": 0,
        "rbi": 0
      },
      {
        "name": "Jonathan Aranda",
        "team": "Unknown",
        "hits": 1,
        "rbi": 0
      },
      {
        "name": "Josh Lowe",
        "team": "Unknown",
        "hits": 1,
        "rbi": 0
      },
      {
        "name": "Yandy D\u00edaz",
        "team": "Unknown",
        "hits": 0,
        "rbi": 0
      },
      {
        "name": "Luke Raley",
        "team": "Unknown",
        "hits": 1,
        "rbi": 0
      },
      {
        "name": "Mike Ford",
        "team": "Unknown",
        "hits": 1,
        "rbi": 1
      },
      {
        "name": "J.P. Crawford",
        "team": "Unknown",
        "hits": 0,
        "rbi": 0
      },
      {
        "name": "Josh Rojas",
        "team": "Unknown",
        "hits": 0,
        "rbi": 0
      },
      {
        "name": "Dominic Canzone",
        "team": "Unknown",
        "hits": 0,
        "rbi": 0
      },
      {
        "name": "Cal Raleigh",
        "team": "Unknown",
        "hits": 1,
        "rbi": 0
      },
      {
        "name": "Teoscar Hern\u00e1ndez",
        "team": "Unknown",
        "hits": 2,
        "rbi": 0
      },
      {
        "name": "Eugenio Su\u00e1rez",
        "team": "Unknown",
        "hits": 1,
        "rbi": 0
      },
      {
        "name": "Ty France",
        "team": "Unknown",
        "hits": 0,
        "rbi": 0
      },
      {
        "name": "Julio Rodr\u00edguez",
        "team": "Unknown",
        "hits": 0,
        "rbi": 0
      }
    ],
    "pitcher_stats": [
      {
        "name": "Andrew Kittredge",
        "team": "Unknown",
        "innings_pitched": "1.0",
        "strikeouts": 2,
        "earned_runs": 0
      },
      {
        "name": "Zack Littell",
        "team": "Unknown",
        "innings_pitched": "8.0",
        "strikeouts": 4,
        "earned_runs": 1
      },
      {
        "name": "Matt Brash",
        "team": "Unknown",
        "innings_pitched": "1.0",
        "strikeouts": 1,
        "earned_runs": 0
      },
      {
        "name": "Luis Castillo",
        "team": "Unknown",
        "innings_pitched": "6.0",
        "strikeouts": 8,
        "earned_runs": 0
      },
      {
        "name": "Andr\u00e9s Mu\u00f1oz",
        "team": "Unknown",
        "innings_pitched": "1.0",
        "strikeouts": 2,
        "earned_runs": 0
      },
      {
        "name": "Isaiah Campbell",
        "team": "Unknown",
        "innings_pitched": "1.0",
        "strikeouts": 3,
        "earned_runs": 0
      }
    ]
  },
  {
    "date": "2023-09-07",
    "home_team": "Miami Marlins",
    "away_team": "Los Angeles Dodgers",
    "home_score": 0,
    "away_score": 10,
    "status": "Final",
    "game_id": 716682,
    "starting_pitchers": {
      "home": "Braxton Garrett",
      "away": "Ryan Pepiot"
    },
    "first_inning_runs": {
      "home": 0,
      "away": 0
    },
    "player_stats": [
      {
        "name": "Jake Burger",
        "team": "Unknown",
        "hits": 0,
        "rbi": 0
      },
      {
        "name": "Bryan De La Cruz",
        "team": "Unknown",
        "hits": 0,
        "rbi": 0
      },
      {
        "name": "Yuli Gurriel",
        "team": "Unknown",
        "hits": 0,
        "rbi": 0
      },
      {
        "name": "Josh Bell",
        "team": "Unknown",
        "hits": 1,
        "rbi": 0
      },
      {
        "name": "Garrett Hampson",
        "team": "Unknown",
        "hits": 1,
        "rbi": 0
      },
      {
        "name": "Jon Berti",
        "team": "Unknown",
        "hits": 0,
        "rbi": 0
      },
      {
        "name": "Joey Wendle",
        "team": "Unknown",
        "hits": 0,
        "rbi": 0
      },
      {
        "name": "Xavier Edwards",
        "team": "Unknown",
        "hits": 0,
        "rbi": 0
      },
      {
        "name": "Nick Fortes",
        "team": "Unknown",
        "hits": 0,
        "rbi": 0
      },
      {
        "name": "Jazz Chisholm Jr.",
        "team": "Unknown",
        "hits": 0,
        "rbi": 0
      },
      {
        "name": "Jes\u00fas S\u00e1nchez",
        "team": "Unknown",
        "hits": 0,
        "rbi": 0
      },
      {
        "name": "Luis Arraez",
        "team": "Unknown",
        "hits": 0,
        "rbi": 0
      },
      {
        "name": "Will Smith",
        "team": "Unknown",
        "hits": 3,
        "rbi": 1
      },
      {
        "name": "Chris Taylor",
        "team": "Unknown",
        "hits": 3,
        "rbi": 5
      },
      {
        "name": "Austin Barnes",
        "team": "Unknown",
        "hits": 0,
        "rbi": 0
      },
      {
        "name": "Enrique Hern\u00e1ndez",
        "team": "Unknown",
        "hits": 2,
        "rbi": 1
      },
      {
        "name": "Amed Rosario",
        "team": "Unknown",
        "hits": 2,
        "rbi": 2
      },
      {
        "name": "Max Muncy",
        "team": "Unknown",
        "hits": 1,
        "rbi": 0
      },
      {
        "name": "Michael Busch",
        "team": "Unknown",
        "hits": 0,
        "rbi": 0
      },
      {
        "name": "Freddie Freeman",
        "team": "Unknown",
        "hits": 1,
        "rbi": 1
      },
      {
        "name": "James Outman",
        "team": "Unknown",
        "hits": 0,
        "rbi": 0
      },
      {
        "name": "Mookie Betts",
        "team": "Unknown",
        "hits": 1,
        "rbi": 0
      },
      {
        "name": "Miguel Rojas",
        "team": "Unknown",
        "hits": 3,
        "rbi": 0
      }
    ],
    "pitcher_stats": [
      {
        "name": "Braxton Garrett",
        "team": "Unknown",
        "innings_pitched": "3.2",
        "strikeouts": 4,
        "earned_runs": 1
      },
      {
        "name": "George Soriano",
        "team": "Unknown",
        "innings_pitched": "1.1",
        "strikeouts": 0,
        "earned_runs": 5
      },
      {
        "name": "Devin Smeltzer",
        "team": "Unknown",
        "innings_pitched": "3.2",
        "strikeouts": 1,
        "earned_runs": 4
      },
      {
        "name": "JT Chargois",
        "team": "Unknown",
        "innings_pitched": "0.1",
        "strikeouts": 1,
        "earned_runs": 0
      },
      {
        "name": "Ryan Pepiot",
        "team": "Unknown",
        "innings_pitched": "7.0",
        "strikeouts": 3,
        "earned_runs": 0
      },
      {
        "name": "Caleb Ferguson",
        "team": "Unknown",
        "innings_pitched": "1.0",
        "strikeouts": 2,
        "earned_runs": 0
      },
      {
        "name": "Evan Phillips",
        "team": "Unknown",
        "innings_pitched": "1.0",
        "strikeouts": 1,
        "earned_runs": 0
      }
    ]
  },
  {
    "date": "2023-09-07",
    "home_team": "New York Yankees",
    "away_team": "Detroit Tigers",
    "home_score": 3,
    "away_score": 10,
    "status": "Final",
    "game_id": 716686,
    "starting_pitchers": {
      "home": "Carlos Rod\u00f3n",
      "away": "Eduardo Rodriguez"
    },
    "first_inning_runs": {
      "home": 0,
      "away": 2
    },
    "player_stats": [
      {
        "name": "DJ LeMahieu",
        "team": "Unknown",
        "hits": 1,
        "rbi": 0
      },
      {
        "name": "Oswald Peraza",
        "team": "Unknown",
        "hits": 1,
        "rbi": 0
      },
      {
        "name": "Jake Bauers",
        "team": "Unknown",
        "hits": 0,
        "rbi": 0
      },
      {
        "name": "Aaron Judge",
        "team": "Unknown",
        "hits": 0,
        "rbi": 0
      },
      {
        "name": "Jasson Dom\u00ednguez",
        "team": "Unknown",
        "hits": 0,
        "rbi": 0
      },
      {
        "name": "Kyle Higashioka",
        "team": "Unknown",
        "hits": 0,
        "rbi": 0
      },
      {
        "name": "Gleyber Torres",
        "team": "Unknown",
        "hits": 2,
        "rbi": 1
      },
      {
        "name": "Anthony Volpe",
        "team": "Unknown",
        "hits": 1,
        "rbi": 0
      },
      {
        "name": "Giancarlo Stanton",
        "team": "Unknown",
        "hits": 0,
        "rbi": 0
      },
      {
        "name": "Everson Pereira",
        "team": "Unknown",
        "hits": 1,
        "rbi": 2
      },
      {
        "name": "Andre Lipcius",
        "team": "Unknown",
        "hits": 2,
        "rbi": 0
      },
      {
        "name": "Javier B\u00e1ez",
        "team": "Unknown",
        "hits": 0,
        "rbi": 0
      },
      {
        "name": "Kerry Carpenter",
        "team": "Unknown",
        "hits": 2,
        "rbi": 0
      },
      {
        "name": "Tyler Nevin",
        "team": "Unknown",
        "hits": 1,
        "rbi": 1
      },
      {
        "name": "Spencer Torkelson",
        "team": "Unknown",
        "hits": 2,
        "rbi": 4
      },
      {
        "name": "Jake Rogers",
        "team": "Unknown",
        "hits": 1,
        "rbi": 0
      },
      {
        "name": "Miguel Cabrera",
        "team": "Unknown",
        "hits": 0,
        "rbi": 0
      },
      {
        "name": "Matt Vierling",
        "team": "Unknown",
        "hits": 4,
        "rbi": 2
      },
      {
        "name": "Andy Ib\u00e1\u00f1ez",
        "team": "Unknown",
        "hits": 2,
        "rbi": 3
      }
    ],
    "pitcher_stats": [
      {
        "name": "Albert Abreu",
        "team": "Unknown",
        "innings_pitched": "2.0",
        "strikeouts": 3,
        "earned_runs": 2
      },
      {
        "name": "Matt Krook",
        "team": "Unknown",
        "innings_pitched": "1.0",
        "strikeouts": 2,
        "earned_runs": 0
      },
      {
        "name": "Carlos Rod\u00f3n",
        "team": "Unknown",
        "innings_pitched": "3.2",
        "strikeouts": 4,
        "earned_runs": 7
      },
      {
        "name": "Randy V\u00e1squez",
        "team": "Unknown",
        "innings_pitched": "2.1",
        "strikeouts": 5,
        "earned_runs": 1
      },
      {
        "name": "Eduardo Rodriguez",
        "team": "Unknown",
        "innings_pitched": "6.0",
        "strikeouts": 4,
        "earned_runs": 3
      },
      {
        "name": "Miguel D\u00edaz",
        "team": "Unknown",
        "innings_pitched": "1.0",
        "strikeouts": 1,
        "earned_runs": 0
      },
      {
        "name": "Trey Wingenter",
        "team": "Unknown",
        "innings_pitched": "1.0",
        "strikeouts": 2,
        "earned_runs": 0
      },
      {
        "name": "Will Vest",
        "team": "Unknown",
        "innings_pitched": "1.0",
        "strikeouts": 2,
        "earned_runs": 0
      }
    ]
  },
  {
    "date": "2023-09-07",
    "home_team": "Atlanta Braves",
    "away_team": "St. Louis Cardinals",
    "home_score": 8,
    "away_score": 5,
    "status": "Final",
    "game_id": 716680,
    "starting_pitchers": {
      "home": "Max Fried",
      "away": "Adam Wainwright"
    },
    "first_inning_runs": {
      "home": 3,
      "away": 0
    },
    "player_stats": [
      {
        "name": "Michael Harris II",
        "team": "Unknown",
        "hits": 1,
        "rbi": 1
      },
      {
        "name": "Travis d'Arnaud",
        "team": "Unknown",
        "hits": 1,
        "rbi": 2
      },
      {
        "name": "Nicky Lopez",
        "team": "Unknown",
        "hits": 0,
        "rbi": 0
      },
      {
        "name": "Matt Olson",
        "team": "Unknown",
        "hits": 2,
        "rbi": 1
      },
      {
        "name": "Ronald Acu\u00f1a Jr.",
        "team": "Unknown",
        "hits": 2,
        "rbi": 2
      },
      {
        "name": "Eddie Rosario",
        "team": "Unknown",
        "hits": 3,
        "rbi": 2
      },
      {
        "name": "Ozzie Albies",
        "team": "Unknown",
        "hits": 0,
        "rbi": 0
      },
      {
        "name": "Orlando Arcia",
        "team": "Unknown",
        "hits": 0,
        "rbi": 0
      },
      {
        "name": "Marcell Ozuna",
        "team": "Unknown",
        "hits": 1,
        "rbi": 0
      },
      {
        "name": "Nolan Gorman",
        "team": "Unknown",
        "hits": 2,
        "rbi": 0
      },
      {
        "name": "Jordan Walker",
        "team": "Unknown",
        "hits": 0,
        "rbi": 0
      },
      {
        "name": "Nolan Arenado",
        "team": "Unknown",
        "hits": 1,
        "rbi": 0
      },
      {
        "name": "Andrew Knizner",
        "team": "Unknown",
        "hits": 0,
        "rbi": 1
      },
      {
        "name": "Luken Baker",
        "team": "Unknown",
        "hits": 0,
        "rbi": 0
      },
      {
        "name": "Tyler O'Neill",
        "team": "Unknown",
        "hits": 1,
        "rbi": 0
      },
      {
        "name": "Paul Goldschmidt",
        "team": "Unknown",
        "hits": 1,
        "rbi": 0
      },
      {
        "name": "Tommy Edman",
        "team": "Unknown",
        "hits": 2,
        "rbi": 3
      },
      {
        "name": "Masyn Winn",
        "team": "Unknown",
        "hits": 1,
        "rbi": 1
      }
    ],
    "pitcher_stats": [
      {
        "name": "Pierce Johnson",
        "team": "Unknown",
        "innings_pitched": "1.0",
        "strikeouts": 2,
        "earned_runs": 0
      },
      {
        "name": "A.J. Minter",
        "team": "Unknown",
        "innings_pitched": "1.0",
        "strikeouts": 2,
        "earned_runs": 0
      },
      {
        "name": "Raisel Iglesias",
        "team": "Unknown",
        "innings_pitched": "1.0",
        "strikeouts": 0,
        "earned_runs": 2
      },
      {
        "name": "Max Fried",
        "team": "Unknown",
        "innings_pitched": "6.0",
        "strikeouts": 4,
        "earned_runs": 3
      },
      {
        "name": "Adam Wainwright",
        "team": "Unknown",
        "innings_pitched": "5.2",
        "strikeouts": 4,
        "earned_runs": 6
      },
      {
        "name": "Matthew Liberatore",
        "team": "Unknown",
        "innings_pitched": "1.1",
        "strikeouts": 1,
        "earned_runs": 0
      },
      {
        "name": "Jacob Barnes",
        "team": "Unknown",
        "innings_pitched": "1.0",
        "strikeouts": 1,
        "earned_runs": 2
      }
    ]
  },
  {
    "date": "2023-09-07",
    "home_team": "Chicago Cubs",
    "away_team": "Arizona Diamondbacks",
    "home_score": 2,
    "away_score": 6,
    "status": "Final",
    "game_id": 716685,
    "starting_pitchers": {
      "home": "Javier Assad",
      "away": "Ryne Nelson"
    },
    "first_inning_runs": {
      "home": 0,
      "away": 1
    },
    "player_stats": [
      {
        "name": "Christopher Morel",
        "team": "Unknown",
        "hits": 0,
        "rbi": 0
      },
      {
        "name": "Nick Madrigal",
        "team": "Unknown",
        "hits": 0,
        "rbi": 0
      },
      {
        "name": "Ian Happ",
        "team": "Unknown",
        "hits": 0,
        "rbi": 0
      },
      {
        "name": "Mike Tauchman",
        "team": "Unknown",
        "hits": 0,
        "rbi": 0
      },
      {
        "name": "Yan Gomes",
        "team": "Unknown",
        "hits": 0,
        "rbi": 0
      },
      {
        "name": "Jeimer Candelario",
        "team": "Unknown",
        "hits": 0,
        "rbi": 1
      },
      {
        "name": "Seiya Suzuki",
        "team": "Unknown",
        "hits": 1,
        "rbi": 0
      },
      {
        "name": "Cody Bellinger",
        "team": "Unknown",
        "hits": 1,
        "rbi": 0
      },
      {
        "name": "Dansby Swanson",
        "team": "Unknown",
        "hits": 1,
        "rbi": 1
      },
      {
        "name": "Nico Hoerner",
        "team": "Unknown",
        "hits": 2,
        "rbi": 0
      },
      {
        "name": "Jordan Lawlar",
        "team": "Unknown",
        "hits": 1,
        "rbi": 0
      },
      {
        "name": "Ketel Marte",
        "team": "Unknown",
        "hits": 2,
        "rbi": 3
      },
      {
        "name": "Tommy Pham",
        "team": "Unknown",
        "hits": 2,
        "rbi": 3
      },
      {
        "name": "Geraldo Perdomo",
        "team": "Unknown",
        "hits": 1,
        "rbi": 0
      },
      {
        "name": "Gabriel Moreno",
        "team": "Unknown",
        "hits": 1,
        "rbi": 0
      },
      {
        "name": "Corbin Carroll",
        "team": "Unknown",
        "hits": 2,
        "rbi": 0
      },
      {
        "name": "Christian Walker",
        "team": "Unknown",
        "hits": 1,
        "rbi": 0
      },
      {
        "name": "Pavin Smith",
        "team": "Unknown",
        "hits": 0,
        "rbi": 0
      },
      {
        "name": "Alek Thomas",
        "team": "Unknown",
        "hits": 0,
        "rbi": 0
      }
    ],
    "pitcher_stats": [
      {
        "name": "Keegan Thompson",
        "team": "Unknown",
        "innings_pitched": "2.1",
        "strikeouts": 2,
        "earned_runs": 2
      },
      {
        "name": "Javier Assad",
        "team": "Unknown",
        "innings_pitched": "5.1",
        "strikeouts": 0,
        "earned_runs": 3
      },
      {
        "name": "Hayden Wesneski",
        "team": "Unknown",
        "innings_pitched": "1.1",
        "strikeouts": 1,
        "earned_runs": 1
      },
      {
        "name": "Joe Mantiply",
        "team": "Unknown",
        "innings_pitched": "0.2",
        "strikeouts": 1,
        "earned_runs": 1
      },
      {
        "name": "Kevin Ginkel",
        "team": "Unknown",
        "innings_pitched": "1.0",
        "strikeouts": 1,
        "earned_runs": 0
      },
      {
        "name": "Ryne Nelson",
        "team": "Unknown",
        "innings_pitched": "5.2",
        "strikeouts": 3,
        "earned_runs": 1
      },
      {
        "name": "Paul Sewald",
        "team": "Unknown",
        "innings_pitched": "0.1",
        "strikeouts": 0,
        "earned_runs": 0
      },
      {
        "name": "Andrew Saalfrank",
        "team": "Unknown",
        "innings_pitched": "0.1",
        "strikeouts": 1,
        "earned_runs": 0
      },
      {
        "name": "Ryan Thompson",
        "team": "Unknown",
        "innings_pitched": "1.0",
        "strikeouts": 1,
        "earned_runs": 0
      }
    ]
  },
  {
    "date": "2023-09-07",
    "home_team": "Los Angeles Angels",
    "away_team": "Cleveland Guardians",
    "home_score": 3,
    "away_score": 2,
    "status": "Final",
    "game_id": 716684,
    "starting_pitchers": {
      "home": "Jhonathan D\u00edaz",
      "away": "Cal Quantrill"
    },
    "first_inning_runs": {
      "home": 0,
      "away": 0
    },
    "player_stats": [
      {
        "name": "Brett Phillips",
        "team": "Unknown",
        "hits": 2,
        "rbi": 1
      },
      {
        "name": "Trey Cabbage",
        "team": "Unknown",
        "hits": 1,
        "rbi": 0
      },
      {
        "name": "Eduardo Escobar",
        "team": "Unknown",
        "hits": 0,
        "rbi": 0
      },
      {
        "name": "Randal Grichuk",
        "team": "Unknown",
        "hits": 2,
        "rbi": 1
      },
      {
        "name": "Brandon Drury",
        "team": "Unknown",
        "hits": 0,
        "rbi": 0
      },
      {
        "name": "Kyren Paris",
        "team": "Unknown",
        "hits": 1,
        "rbi": 1
      },
      {
        "name": "Nolan Schanuel",
        "team": "Unknown",
        "hits": 1,
        "rbi": 0
      },
      {
        "name": "Mike Moustakas",
        "team": "Unknown",
        "hits": 1,
        "rbi": 0
      },
      {
        "name": "Chad Wallach",
        "team": "Unknown",
        "hits": 1,
        "rbi": 0
      },
      {
        "name": "Josh Naylor",
        "team": "Unknown",
        "hits": 1,
        "rbi": 1
      },
      {
        "name": "Andr\u00e9s Gim\u00e9nez",
        "team": "Unknown",
        "hits": 1,
        "rbi": 0
      },
      {
        "name": "Ram\u00f3n Laureano",
        "team": "Unknown",
        "hits": 0,
        "rbi": 1
      },
      {
        "name": "Gabriel Arias",
        "team": "Unknown",
        "hits": 0,
        "rbi": 0
      },
      {
        "name": "David Fry",
        "team": "Unknown",
        "hits": 1,
        "rbi": 0
      },
      {
        "name": "Jos\u00e9 Ram\u00edrez",
        "team": "Unknown",
        "hits": 3,
        "rbi": 0
      },
      {
        "name": "Kole Calhoun",
        "team": "Unknown",
        "hits": 0,
        "rbi": 0
      },
      {
        "name": "Steven Kwan",
        "team": "Unknown",
        "hits": 3,
        "rbi": 0
      },
      {
        "name": "Myles Straw",
        "team": "Unknown",
        "hits": 0,
        "rbi": 0
      }
    ],
    "pitcher_stats": [
      {
        "name": "Aaron Loup",
        "team": "Unknown",
        "innings_pitched": "1.0",
        "strikeouts": 0,
        "earned_runs": 2
      },
      {
        "name": "Jos\u00e9 Soriano",
        "team": "Unknown",
        "innings_pitched": "1.0",
        "strikeouts": 0,
        "earned_runs": 0
      },
      {
        "name": "Jos\u00e9 Marte",
        "team": "Unknown",
        "innings_pitched": "1.0",
        "strikeouts": 0,
        "earned_runs": 0
      },
      {
        "name": "Andrew Wantz",
        "team": "Unknown",
        "innings_pitched": "1.1",
        "strikeouts": 1,
        "earned_runs": 0
      },
      {
        "name": "Jhonathan D\u00edaz",
        "team": "Unknown",
        "innings_pitched": "1.2",
        "strikeouts": 0,
        "earned_runs": 0
      },
      {
        "name": "Davis Daniel",
        "team": "Unknown",
        "innings_pitched": "3.0",
        "strikeouts": 1,
        "earned_runs": 0
      },
      {
        "name": "Emmanuel Clase",
        "team": "Unknown",
        "innings_pitched": "0.2",
        "strikeouts": 0,
        "earned_runs": 2
      },
      {
        "name": "Enyel De Los Santos",
        "team": "Unknown",
        "innings_pitched": "0.1",
        "strikeouts": 0,
        "earned_runs": 0
      },
      {
        "name": "Matt Moore",
        "team": "Unknown",
        "innings_pitched": "0.2",
        "strikeouts": 0,
        "earned_runs": 1
      },
      {
        "name": "Cal Quantrill",
        "team": "Unknown",
        "innings_pitched": "6.0",
        "strikeouts": 6,
        "earned_runs": 0
      },
      {
        "name": "Trevor Stephan",
        "team": "Unknown",
        "innings_pitched": "1.0",
        "strikeouts": 2,
        "earned_runs": 0
      }
    ]
  }
]