[
  {
    "date": "2022-10-20",
    "home_team": "Houston Astros",
    "away_team": "New York Yankees",
    "home_score": 3,
    "away_score": 2,
    "status": "Final",
    "game_id": 715737,
    "starting_pitchers": {
      "home": "Framber Valdez",
      "away": "Luis Severino"
    },
    "first_inning_runs": {
      "home": 0,
      "away": 0
    },
    "player_stats": [
      {
        "name": "Mart\u00edn Maldonado",
        "team": "Unknown",
        "hits": 1,
        "rbi": 0
      },
      {
        "name": "Kyle Tucker",
        "team": "Unknown",
        "hits": 1,
        "rbi": 0
      },
      {
        "name": "Alex Bregman",
        "team": "Unknown",
        "hits": 2,
        "rbi": 3
      },
      {
        "name": "Yuli Gurriel",
        "team": "Unknown",
        "hits": 2,
        "rbi": 0
      },
      {
        "name": "Jose Altuve",
        "team": "Unknown",
        "hits": 0,
        "rbi": 0
      },
      {
        "name": "Jeremy Pe\u00f1a",
        "team": "Unknown",
        "hits": 1,
        "rbi": 0
      },
      {
        "name": "Aledmys D\u00edaz",
        "team": "Unknown",
        "hits": 0,
        "rbi": 0
      },
      {
        "name": "Chas McCormick",
        "team": "Unknown",
        "hits": 0,
        "rbi": 0
      },
      {
        "name": "Yordan Alvarez",
        "team": "Unknown",
        "hits": 1,
        "rbi": 0
      },
      {
        "name": "Oswald Peraza",
        "team": "Unknown",
        "hits": 0,
        "rbi": 0
      },
      {
        "name": "Anthony Rizzo",
        "team": "Unknown",
        "hits": 0,
        "rbi": 1
      },
      {
        "name": "Oswaldo Cabrera",
        "team": "Unknown",
        "hits": 0,
        "rbi": 0
      },
      {
        "name": "Matt Carpenter",
        "team": "Unknown",
        "hits": 0,
        "rbi": 0
      },
      {
        "name": "Aaron Judge",
        "team": "Unknown",
        "hits": 1,
        "rbi": 0
      },
      {
        "name": "Kyle Higashioka",
        "team": "Unknown",
        "hits": 0,
        "rbi": 0
      },
      {
        "name": "Josh Donaldson",
        "team": "Unknown",
        "hits": 1,
        "rbi": 0
      },
      {
        "name": "Gleyber Torres",
        "team": "Unknown",
        "hits": 1,
        "rbi": 1
      },
      {
        "name": "Harrison Bader",
        "team": "Unknown",
        "hits": 1,
        "rbi": 0
      },
      {
        "name": "Giancarlo Stanton",
        "team": "Unknown",
        "hits": 0,
        "rbi": 0
      }
    ],
    "pitcher_stats": [
      {
        "name": "Framber Valdez",
        "team": "Unknown",
        "innings_pitched": "7.0",
        "strikeouts": 9,
        "earned_runs": 0
      },
      {
        "name": "Bryan Abreu",
        "team": "Unknown",
        "innings_pitched": "1.0",
        "strikeouts": 1,
        "earned_runs": 0
      },
      {
        "name": "Ryan Pressly",
        "team": "Unknown",
        "innings_pitched": "1.0",
        "strikeouts": 3,
        "earned_runs": 0
      },
      {
        "name": "Luis Severino",
        "team": "Unknown",
        "innings_pitched": "5.1",
        "strikeouts": 6,
        "earned_runs": 3
      },
      {
        "name": "Wandy Peralta",
        "team": "Unknown",
        "innings_pitched": "0.2",
        "strikeouts": 0,
        "earned_runs": 0
      },
      {
        "name": "Jonathan Lo\u00e1isiga",
        "team": "Unknown",
        "innings_pitched": "2.0",
        "strikeouts": 0,
        "earned_runs": 0
      }
    ]
  }
]