[
  {
    "date": "2022-04-18",
    "home_team": "Boston Red Sox",
    "away_team": "Minnesota Twins",
    "home_score": 3,
    "away_score": 8,
    "status": "Final",
    "game_id": 663236,
    "starting_pitchers": {
      "home": "Rich Hill",
      "away": "Dylan Bundy"
    },
    "first_inning_runs": {
      "home": 0,
      "away": 2
    },
    "player_stats": [
      {
        "name": "Enrique Hern\u00e1ndez",
        "team": "Unknown",
        "hits": 0,
        "rbi": 0
      },
      {
        "name": "Alex Verdugo",
        "team": "Unknown",
        "hits": 2,
        "rbi": 0
      },
      {
        "name": "J.D. Martinez",
        "team": "Unknown",
        "hits": 1,
        "rbi": 0
      },
      {
        "name": "Travis Shaw",
        "team": "Unknown",
        "hits": 0,
        "rbi": 0
      },
      {
        "name": "Christian Arroyo",
        "team": "Unknown",
        "hits": 1,
        "rbi": 0
      },
      {
        "name": "Rafael Devers",
        "team": "Unknown",
        "hits": 1,
        "rbi": 0
      },
      {
        "name": "Xander Bogaerts",
        "team": "Unknown",
        "hits": 3,
        "rbi": 1
      },
      {
        "name": "Jackie Bradley Jr.",
        "team": "Unknown",
        "hits": 1,
        "rbi": 0
      },
      {
        "name": "Christian V\u00e1zquez",
        "team": "Unknown",
        "hits": 2,
        "rbi": 2
      },
      {
        "name": "Kyle Garlick",
        "team": "Unknown",
        "hits": 1,
        "rbi": 2
      },
      {
        "name": "Miguel San\u00f3",
        "team": "Unknown",
        "hits": 0,
        "rbi": 0
      },
      {
        "name": "Gio Urshela",
        "team": "Unknown",
        "hits": 3,
        "rbi": 0
      },
      {
        "name": "Gilberto Celestino",
        "team": "Unknown",
        "hits": 1,
        "rbi": 0
      },
      {
        "name": "Ryan Jeffers",
        "team": "Unknown",
        "hits": 0,
        "rbi": 0
      },
      {
        "name": "Carlos Correa",
        "team": "Unknown",
        "hits": 2,
        "rbi": 0
      },
      {
        "name": "Gary S\u00e1nchez",
        "team": "Unknown",
        "hits": 0,
        "rbi": 0
      },
      {
        "name": "Max Kepler",
        "team": "Unknown",
        "hits": 0,
        "rbi": 0
      },
      {
        "name": "Trevor Larnach",
        "team": "Unknown",
        "hits": 0,
        "rbi": 0
      },
      {
        "name": "Jorge Polanco",
        "team": "Unknown",
        "hits": 2,
        "rbi": 4
      }
    ],
    "pitcher_stats": [
      {
        "name": "Kutter Crawford",
        "team": "Unknown",
        "innings_pitched": "1.2",
        "strikeouts": 2,
        "earned_runs": 4
      },
      {
        "name": "Rich Hill",
        "team": "Unknown",
        "innings_pitched": "4.2",
        "strikeouts": 2,
        "earned_runs": 4
      },
      {
        "name": "Phillips Valdez",
        "team": "Unknown",
        "innings_pitched": "1.1",
        "strikeouts": 1,
        "earned_runs": 0
      },
      {
        "name": "Hirokazu Sawamura",
        "team": "Unknown",
        "innings_pitched": "1.1",
        "strikeouts": 1,
        "earned_runs": 0
      },
      {
        "name": "Jhoan Duran",
        "team": "Unknown",
        "innings_pitched": "1.0",
        "strikeouts": 3,
        "earned_runs": 1
      },
      {
        "name": "Joe Smith",
        "team": "Unknown",
        "innings_pitched": "0.2",
        "strikeouts": 0,
        "earned_runs": 0
      },
      {
        "name": "Griffin Jax",
        "team": "Unknown",
        "innings_pitched": "2.0",
        "strikeouts": 3,
        "earned_runs": 1
      },
      {
        "name": "Dylan Bundy",
        "team": "Unknown",
        "innings_pitched": "5.1",
        "strikeouts": 6,
        "earned_runs": 1
      }
    ]
  },
  {
    "date": "2022-04-18",
    "home_team": "Chicago Cubs",
    "away_team": "Tampa Bay Rays",
    "home_score": 4,
    "away_score": 2,
    "status": "Final",
    "game_id": 663197,
    "starting_pitchers": {
      "home": "Kyle Hendricks",
      "away": "Shane McClanahan"
    },
    "first_inning_runs": {
      "home": 0,
      "away": 0
    },
    "player_stats": [
      {
        "name": "Willson Contreras",
        "team": "Unknown",
        "hits": 0,
        "rbi": 0
      },
      {
        "name": "Nick Madrigal",
        "team": "Unknown",
        "hits": 2,
        "rbi": 0
      },
      {
        "name": "Frank Schwindel",
        "team": "Unknown",
        "hits": 1,
        "rbi": 1
      },
      {
        "name": "Ian Happ",
        "team": "Unknown",
        "hits": 1,
        "rbi": 1
      },
      {
        "name": "Patrick Wisdom",
        "team": "Unknown",
        "hits": 1,
        "rbi": 2
      },
      {
        "name": "Michael Hermosillo",
        "team": "Unknown",
        "hits": 0,
        "rbi": 0
      },
      {
        "name": "Clint Frazier",
        "team": "Unknown",
        "hits": 0,
        "rbi": 0
      },
      {
        "name": "Yan Gomes",
        "team": "Unknown",
        "hits": 0,
        "rbi": 0
      },
      {
        "name": "Seiya Suzuki",
        "team": "Unknown",
        "hits": 2,
        "rbi": 0
      },
      {
        "name": "Jonathan Villar",
        "team": "Unknown",
        "hits": 0,
        "rbi": 0
      },
      {
        "name": "Nico Hoerner",
        "team": "Unknown",
        "hits": 0,
        "rbi": 0
      },
      {
        "name": "Brett Phillips",
        "team": "Unknown",
        "hits": 1,
        "rbi": 0
      },
      {
        "name": "Taylor Walls",
        "team": "Unknown",
        "hits": 0,
        "rbi": 0
      },
      {
        "name": "Brandon Lowe",
        "team": "Unknown",
        "hits": 0,
        "rbi": 0
      },
      {
        "name": "Randy Arozarena",
        "team": "Unknown",
        "hits": 0,
        "rbi": 0
      },
      {
        "name": "Ji Man Choi",
        "team": "Unknown",
        "hits": 1,
        "rbi": 1
      },
      {
        "name": "Mike Zunino",
        "team": "Unknown",
        "hits": 0,
        "rbi": 0
      },
      {
        "name": "Kevin Kiermaier",
        "team": "Unknown",
        "hits": 0,
        "rbi": 0
      },
      {
        "name": "Manuel Margot",
        "team": "Unknown",
        "hits": 0,
        "rbi": 0
      },
      {
        "name": "Josh Lowe",
        "team": "Unknown",
        "hits": 2,
        "rbi": 1
      },
      {
        "name": "Yandy D\u00edaz",
        "team": "Unknown",
        "hits": 2,
        "rbi": 0
      }
    ],
    "pitcher_stats": [
      {
        "name": "Keegan Thompson",
        "team": "Unknown",
        "innings_pitched": "3.2",
        "strikeouts": 5,
        "earned_runs": 0
      },
      {
        "name": "Kyle Hendricks",
        "team": "Unknown",
        "innings_pitched": "4.1",
        "strikeouts": 6,
        "earned_runs": 2
      },
      {
        "name": "David Robertson",
        "team": "Unknown",
        "innings_pitched": "1.0",
        "strikeouts": 1,
        "earned_runs": 0
      },
      {
        "name": "Javy Guerra",
        "team": "Unknown",
        "innings_pitched": "1.0",
        "strikeouts": 1,
        "earned_runs": 1
      },
      {
        "name": "Shane McClanahan",
        "team": "Unknown",
        "innings_pitched": "6.0",
        "strikeouts": 9,
        "earned_runs": 1
      },
      {
        "name": "Jason Adam",
        "team": "Unknown",
        "innings_pitched": "0.1",
        "strikeouts": 1,
        "earned_runs": 1
      },
      {
        "name": "Jeffrey Springs",
        "team": "Unknown",
        "innings_pitched": "0.2",
        "strikeouts": 1,
        "earned_runs": 0
      }
    ]
  },
  {
    "date": "2022-04-18",
    "home_team": "Milwaukee Brewers",
    "away_team": "Pittsburgh Pirates",
    "home_score": 6,
    "away_score": 1,
    "status": "Final",
    "game_id": 661242,
    "starting_pitchers": {
      "home": "Eric Lauer",
      "away": "Zach Thompson"
    },
    "first_inning_runs": {
      "home": 1,
      "away": 0
    },
    "player_stats": [
      {
        "name": "Keston Hiura",
        "team": "Unknown",
        "hits": 0,
        "rbi": 0
      },
      {
        "name": "Kolten Wong",
        "team": "Unknown",
        "hits": 1,
        "rbi": 1
      },
      {
        "name": "Omar Narv\u00e1ez",
        "team": "Unknown",
        "hits": 1,
        "rbi": 0
      },
      {
        "name": "Christian Yelich",
        "team": "Unknown",
        "hits": 2,
        "rbi": 4
      },
      {
        "name": "Jace Peterson",
        "team": "Unknown",
        "hits": 0,
        "rbi": 0
      },
      {
        "name": "Hunter Renfroe",
        "team": "Unknown",
        "hits": 0,
        "rbi": 0
      },
      {
        "name": "Rowdy Tellez",
        "team": "Unknown",
        "hits": 0,
        "rbi": 0
      },
      {
        "name": "Lorenzo Cain",
        "team": "Unknown",
        "hits": 1,
        "rbi": 0
      },
      {
        "name": "Andrew McCutchen",
        "team": "Unknown",
        "hits": 0,
        "rbi": 0
      },
      {
        "name": "Willy Adames",
        "team": "Unknown",
        "hits": 1,
        "rbi": 0
      },
      {
        "name": "Bryan Reynolds",
        "team": "Unknown",
        "hits": 1,
        "rbi": 0
      },
      {
        "name": "Ben Gamel",
        "team": "Unknown",
        "hits": 0,
        "rbi": 0
      },
      {
        "name": "Daniel Vogelbach",
        "team": "Unknown",
        "hits": 2,
        "rbi": 0
      },
      {
        "name": "Ke'Bryan Hayes",
        "team": "Unknown",
        "hits": 1,
        "rbi": 0
      },
      {
        "name": "Diego Castillo",
        "team": "Unknown",
        "hits": 2,
        "rbi": 1
      },
      {
        "name": "Michael Chavis",
        "team": "Unknown",
        "hits": 1,
        "rbi": 0
      },
      {
        "name": "Kevin Newman",
        "team": "Unknown",
        "hits": 0,
        "rbi": 0
      },
      {
        "name": "Cole Tucker",
        "team": "Unknown",
        "hits": 1,
        "rbi": 0
      },
      {
        "name": "Jake Marisnick",
        "team": "Unknown",
        "hits": 0,
        "rbi": 0
      },
      {
        "name": "Roberto P\u00e9rez",
        "team": "Unknown",
        "hits": 0,
        "rbi": 0
      }
    ],
    "pitcher_stats": [
      {
        "name": "Hoby Milner",
        "team": "Unknown",
        "innings_pitched": "1.0",
        "strikeouts": 1,
        "earned_runs": 0
      },
      {
        "name": "Jos\u00e9 Ure\u00f1a",
        "team": "Unknown",
        "innings_pitched": "1.0",
        "strikeouts": 0,
        "earned_runs": 0
      },
      {
        "name": "Jandel Gustave",
        "team": "Unknown",
        "innings_pitched": "1.0",
        "strikeouts": 1,
        "earned_runs": 0
      },
      {
        "name": "Eric Lauer",
        "team": "Unknown",
        "innings_pitched": "6.0",
        "strikeouts": 5,
        "earned_runs": 1
      },
      {
        "name": "Dillon Peters",
        "team": "Unknown",
        "innings_pitched": "3.0",
        "strikeouts": 3,
        "earned_runs": 0
      },
      {
        "name": "Aaron Fletcher",
        "team": "Unknown",
        "innings_pitched": "1.0",
        "strikeouts": 2,
        "earned_runs": 0
      },
      {
        "name": "Zach Thompson",
        "team": "Unknown",
        "innings_pitched": "4.0",
        "strikeouts": 5,
        "earned_runs": 6
      }
    ]
  },
  {
    "date": "2022-04-18",
    "home_team": "Houston Astros",
    "away_team": "Los Angeles Angels",
    "home_score": 8,
    "away_score": 3,
    "status": "Final",
    "game_id": 662928,
    "starting_pitchers": {
      "home": "Luis Garcia",
      "away": "Michael Lorenzen"
    },
    "first_inning_runs": {
      "home": 2,
      "away": 0
    },
    "player_stats": [
      {
        "name": "Jose Siri",
        "team": "Unknown",
        "hits": 0,
        "rbi": 1
      },
      {
        "name": "Mart\u00edn Maldonado",
        "team": "Unknown",
        "hits": 0,
        "rbi": 1
      },
      {
        "name": "Kyle Tucker",
        "team": "Unknown",
        "hits": 0,
        "rbi": 0
      },
      {
        "name": "Alex Bregman",
        "team": "Unknown",
        "hits": 2,
        "rbi": 0
      },
      {
        "name": "Yuli Gurriel",
        "team": "Unknown",
        "hits": 0,
        "rbi": 0
      },
      {
        "name": "Jose Altuve",
        "team": "Unknown",
        "hits": 1,
        "rbi": 0
      },
      {
        "name": "Jeremy Pe\u00f1a",
        "team": "Unknown",
        "hits": 1,
        "rbi": 1
      },
      {
        "name": "Michael Brantley",
        "team": "Unknown",
        "hits": 2,
        "rbi": 1
      },
      {
        "name": "Yordan Alvarez",
        "team": "Unknown",
        "hits": 3,
        "rbi": 4
      },
      {
        "name": "Brandon Marsh",
        "team": "Unknown",
        "hits": 1,
        "rbi": 0
      },
      {
        "name": "Taylor Ward",
        "team": "Unknown",
        "hits": 0,
        "rbi": 0
      },
      {
        "name": "Jack Mayfield",
        "team": "Unknown",
        "hits": 1,
        "rbi": 0
      },
      {
        "name": "Jo Adell",
        "team": "Unknown",
        "hits": 1,
        "rbi": 0
      },
      {
        "name": "Andrew Velazquez",
        "team": "Unknown",
        "hits": 0,
        "rbi": 0
      },
      {
        "name": "Jared Walsh",
        "team": "Unknown",
        "hits": 0,
        "rbi": 0
      },
      {
        "name": "Shohei Ohtani",
        "team": "Unknown",
        "hits": 1,
        "rbi": 0
      },
      {
        "name": "Tyler Wade",
        "team": "Unknown",
        "hits": 1,
        "rbi": 2
      },
      {
        "name": "Max Stassi",
        "team": "Unknown",
        "hits": 1,
        "rbi": 1
      }
    ],
    "pitcher_stats": [
      {
        "name": "H\u00e9ctor Neris",
        "team": "Unknown",
        "innings_pitched": "1.0",
        "strikeouts": 2,
        "earned_runs": 0
      },
      {
        "name": "Rafael Montero",
        "team": "Unknown",
        "innings_pitched": "1.0",
        "strikeouts": 3,
        "earned_runs": 0
      },
      {
        "name": "Luis Garcia",
        "team": "Unknown",
        "innings_pitched": "5.2",
        "strikeouts": 7,
        "earned_runs": 3
      },
      {
        "name": "Phil Maton",
        "team": "Unknown",
        "innings_pitched": "1.1",
        "strikeouts": 0,
        "earned_runs": 0
      },
      {
        "name": "Austin Warren",
        "team": "Unknown",
        "innings_pitched": "0.2",
        "strikeouts": 0,
        "earned_runs": 1
      },
      {
        "name": "Archie Bradley",
        "team": "Unknown",
        "innings_pitched": "1.1",
        "strikeouts": 1,
        "earned_runs": 2
      },
      {
        "name": "Mike Mayers",
        "team": "Unknown",
        "innings_pitched": "1.2",
        "strikeouts": 1,
        "earned_runs": 0
      },
      {
        "name": "Michael Lorenzen",
        "team": "Unknown",
        "innings_pitched": "3.1",
        "strikeouts": 2,
        "earned_runs": 4
      },
      {
        "name": "Kenny Rosenberg",
        "team": "Unknown",
        "innings_pitched": "1.0",
        "strikeouts": 2,
        "earned_runs": 1
      }
    ]
  },
  {
    "date": "2022-04-18",
    "home_team": "Colorado Rockies",
    "away_team": "Philadelphia Phillies",
    "home_score": 4,
    "away_score": 1,
    "status": "Final",
    "game_id": 662929,
    "starting_pitchers": {
      "home": "Chad Kuhl",
      "away": "Aaron Nola"
    },
    "first_inning_runs": {
      "home": 0,
      "away": 0
    },
    "player_stats": [
      {
        "name": "Brendan Rodgers",
        "team": "Unknown",
        "hits": 1,
        "rbi": 0
      },
      {
        "name": "Jose Iglesias",
        "team": "Unknown",
        "hits": 1,
        "rbi": 0
      },
      {
        "name": "Randal Grichuk",
        "team": "Unknown",
        "hits": 1,
        "rbi": 2
      },
      {
        "name": "Sam Hilliard",
        "team": "Unknown",
        "hits": 2,
        "rbi": 0
      },
      {
        "name": "Connor Joe",
        "team": "Unknown",
        "hits": 1,
        "rbi": 0
      },
      {
        "name": "Ryan McMahon",
        "team": "Unknown",
        "hits": 0,
        "rbi": 0
      },
      {
        "name": "C.J. Cron",
        "team": "Unknown",
        "hits": 2,
        "rbi": 0
      },
      {
        "name": "Charlie Blackmon",
        "team": "Unknown",
        "hits": 1,
        "rbi": 1
      },
      {
        "name": "Elias D\u00edaz",
        "team": "Unknown",
        "hits": 0,
        "rbi": 0
      },
      {
        "name": "Jean Segura",
        "team": "Unknown",
        "hits": 1,
        "rbi": 0
      },
      {
        "name": "Bryce Harper",
        "team": "Unknown",
        "hits": 1,
        "rbi": 0
      },
      {
        "name": "J.T. Realmuto",
        "team": "Unknown",
        "hits": 1,
        "rbi": 0
      },
      {
        "name": "Nick Castellanos",
        "team": "Unknown",
        "hits": 0,
        "rbi": 0
      },
      {
        "name": "Alec Bohm",
        "team": "Unknown",
        "hits": 1,
        "rbi": 0
      },
      {
        "name": "Bryson Stott",
        "team": "Unknown",
        "hits": 0,
        "rbi": 0
      },
      {
        "name": "Kyle Schwarber",
        "team": "Unknown",
        "hits": 0,
        "rbi": 0
      },
      {
        "name": "Matt Vierling",
        "team": "Unknown",
        "hits": 0,
        "rbi": 0
      },
      {
        "name": "Rhys Hoskins",
        "team": "Unknown",
        "hits": 0,
        "rbi": 0
      },
      {
        "name": "Didi Gregorius",
        "team": "Unknown",
        "hits": 1,
        "rbi": 1
      }
    ],
    "pitcher_stats": [
      {
        "name": "Alex Colom\u00e9",
        "team": "Unknown",
        "innings_pitched": "1.0",
        "strikeouts": 0,
        "earned_runs": 0
      },
      {
        "name": "Tyler Kinley",
        "team": "Unknown",
        "innings_pitched": "1.0",
        "strikeouts": 1,
        "earned_runs": 0
      },
      {
        "name": "Carlos Est\u00e9vez",
        "team": "Unknown",
        "innings_pitched": "0.1",
        "strikeouts": 0,
        "earned_runs": 1
      },
      {
        "name": "Chad Kuhl",
        "team": "Unknown",
        "innings_pitched": "6.0",
        "strikeouts": 4,
        "earned_runs": 0
      },
      {
        "name": "Jhoulys Chac\u00edn",
        "team": "Unknown",
        "innings_pitched": "0.2",
        "strikeouts": 0,
        "earned_runs": 0
      },
      {
        "name": "Jos\u00e9 Alvarado",
        "team": "Unknown",
        "innings_pitched": "0.2",
        "strikeouts": 0,
        "earned_runs": 0
      },
      {
        "name": "Corey Knebel",
        "team": "Unknown",
        "innings_pitched": "1.0",
        "strikeouts": 1,
        "earned_runs": 0
      },
      {
        "name": "James Norwood",
        "team": "Unknown",
        "innings_pitched": "1.0",
        "strikeouts": 0,
        "earned_runs": 2
      },
      {
        "name": "Aaron Nola",
        "team": "Unknown",
        "innings_pitched": "5.1",
        "strikeouts": 4,
        "earned_runs": 2
      }
    ]
  },
  {
    "date": "2022-04-18",
    "home_team": "Oakland Athletics",
    "away_team": "Baltimore Orioles",
    "home_score": 5,
    "away_score": 1,
    "status": "Final",
    "game_id": 662407,
    "starting_pitchers": {
      "home": "Frankie Montas",
      "away": "Spenser Watkins"
    },
    "first_inning_runs": {
      "home": 1,
      "away": 0
    },
    "player_stats": [
      {
        "name": "Sheldon Neuse",
        "team": "Unknown",
        "hits": 2,
        "rbi": 1
      },
      {
        "name": "Cristian Pache",
        "team": "Unknown",
        "hits": 1,
        "rbi": 1
      },
      {
        "name": "Christian Bethancourt",
        "team": "Unknown",
        "hits": 0,
        "rbi": 0
      },
      {
        "name": "Seth Brown",
        "team": "Unknown",
        "hits": 0,
        "rbi": 0
      },
      {
        "name": "Billy McKinney",
        "team": "Unknown",
        "hits": 1,
        "rbi": 1
      },
      {
        "name": "Tony Kemp",
        "team": "Unknown",
        "hits": 0,
        "rbi": 0
      },
      {
        "name": "Sean Murphy",
        "team": "Unknown",
        "hits": 1,
        "rbi": 0
      },
      {
        "name": "Elvis Andrus",
        "team": "Unknown",
        "hits": 0,
        "rbi": 0
      },
      {
        "name": "Kevin Smith",
        "team": "Unknown",
        "hits": 0,
        "rbi": 0
      },
      {
        "name": "Anthony Bemboom",
        "team": "Unknown",
        "hits": 0,
        "rbi": 0
      },
      {
        "name": "Trey Mancini",
        "team": "Unknown",
        "hits": 1,
        "rbi": 0
      },
      {
        "name": "Jorge Mateo",
        "team": "Unknown",
        "hits": 1,
        "rbi": 0
      },
      {
        "name": "Anthony Santander",
        "team": "Unknown",
        "hits": 0,
        "rbi": 0
      },
      {
        "name": "Ryan McKenna",
        "team": "Unknown",
        "hits": 0,
        "rbi": 0
      },
      {
        "name": "Ryan Mountcastle",
        "team": "Unknown",
        "hits": 0,
        "rbi": 0
      },
      {
        "name": "Rougned Odor",
        "team": "Unknown",
        "hits": 0,
        "rbi": 0
      },
      {
        "name": "Austin Hays",
        "team": "Unknown",
        "hits": 2,
        "rbi": 1
      },
      {
        "name": "Ram\u00f3n Ur\u00edas",
        "team": "Unknown",
        "hits": 2,
        "rbi": 0
      },
      {
        "name": "Cedric Mullins",
        "team": "Unknown",
        "hits": 1,
        "rbi": 0
      }
    ],
    "pitcher_stats": [
      {
        "name": "Dany Jim\u00e9nez",
        "team": "Unknown",
        "innings_pitched": "1.0",
        "strikeouts": 2,
        "earned_runs": 0
      },
      {
        "name": "Justin Grimm",
        "team": "Unknown",
        "innings_pitched": "1.0",
        "strikeouts": 2,
        "earned_runs": 0
      },
      {
        "name": "Frankie Montas",
        "team": "Unknown",
        "innings_pitched": "6.0",
        "strikeouts": 5,
        "earned_runs": 1
      },
      {
        "name": "Domingo Acevedo",
        "team": "Unknown",
        "innings_pitched": "1.0",
        "strikeouts": 1,
        "earned_runs": 0
      },
      {
        "name": "Keegan Akin",
        "team": "Unknown",
        "innings_pitched": "2.0",
        "strikeouts": 1,
        "earned_runs": 0
      },
      {
        "name": "Marcos Dipl\u00e1n",
        "team": "Unknown",
        "innings_pitched": "0.1",
        "strikeouts": 0,
        "earned_runs": 0
      },
      {
        "name": "Spenser Watkins",
        "team": "Unknown",
        "innings_pitched": "5.0",
        "strikeouts": 1,
        "earned_runs": 1
      },
      {
        "name": "Joey Krehbiel",
        "team": "Unknown",
        "innings_pitched": "0.2",
        "strikeouts": 2,
        "earned_runs": 0
      }
    ]
  },
  {
    "date": "2022-04-18",
    "home_team": "San Diego Padres",
    "away_team": "Cincinnati Reds",
    "home_score": 4,
    "away_score": 1,
    "status": "Final",
    "game_id": 662233,
    "starting_pitchers": {
      "home": "Sean Manaea",
      "away": "Nick Lodolo"
    },
    "first_inning_runs": {
      "home": 2,
      "away": 1
    },
    "player_stats": [
      {
        "name": "Jos\u00e9 Azocar",
        "team": "Unknown",
        "hits": 0,
        "rbi": 0
      },
      {
        "name": "Jurickson Profar",
        "team": "Unknown",
        "hits": 0,
        "rbi": 0
      },
      {
        "name": "Manny Machado",
        "team": "Unknown",
        "hits": 3,
        "rbi": 2
      },
      {
        "name": "Wil Myers",
        "team": "Unknown",
        "hits": 0,
        "rbi": 0
      },
      {
        "name": "Luke Voit",
        "team": "Unknown",
        "hits": 0,
        "rbi": 1
      },
      {
        "name": "Jake Cronenworth",
        "team": "Unknown",
        "hits": 0,
        "rbi": 0
      },
      {
        "name": "Ha-Seong Kim",
        "team": "Unknown",
        "hits": 1,
        "rbi": 1
      },
      {
        "name": "Austin Nola",
        "team": "Unknown",
        "hits": 2,
        "rbi": 0
      },
      {
        "name": "Jorge Alfaro",
        "team": "Unknown",
        "hits": 1,
        "rbi": 0
      },
      {
        "name": "Colin Moran",
        "team": "Unknown",
        "hits": 0,
        "rbi": 0
      },
      {
        "name": "Jake Fraley",
        "team": "Unknown",
        "hits": 0,
        "rbi": 0
      },
      {
        "name": "Brandon Drury",
        "team": "Unknown",
        "hits": 0,
        "rbi": 0
      },
      {
        "name": "Tommy Pham",
        "team": "Unknown",
        "hits": 3,
        "rbi": 1
      },
      {
        "name": "Alejo Lopez",
        "team": "Unknown",
        "hits": 1,
        "rbi": 0
      },
      {
        "name": "Joey Votto",
        "team": "Unknown",
        "hits": 0,
        "rbi": 0
      },
      {
        "name": "Kyle Farmer",
        "team": "Unknown",
        "hits": 1,
        "rbi": 0
      },
      {
        "name": "Tyler Stephenson",
        "team": "Unknown",
        "hits": 1,
        "rbi": 0
      },
      {
        "name": "Aristides Aquino",
        "team": "Unknown",
        "hits": 0,
        "rbi": 0
      }
    ],
    "pitcher_stats": [
      {
        "name": "Steven Wilson",
        "team": "Unknown",
        "innings_pitched": "1.0",
        "strikeouts": 2,
        "earned_runs": 0
      },
      {
        "name": "Pierce Johnson",
        "team": "Unknown",
        "innings_pitched": "1.0",
        "strikeouts": 1,
        "earned_runs": 0
      },
      {
        "name": "Sean Manaea",
        "team": "Unknown",
        "innings_pitched": "6.0",
        "strikeouts": 6,
        "earned_runs": 1
      },
      {
        "name": "Taylor Rogers",
        "team": "Unknown",
        "innings_pitched": "1.0",
        "strikeouts": 0,
        "earned_runs": 0
      },
      {
        "name": "Tony Santillan",
        "team": "Unknown",
        "innings_pitched": "1.0",
        "strikeouts": 0,
        "earned_runs": 1
      },
      {
        "name": "Hunter Strickland",
        "team": "Unknown",
        "innings_pitched": "1.0",
        "strikeouts": 1,
        "earned_runs": 0
      },
      {
        "name": "Nick Lodolo",
        "team": "Unknown",
        "innings_pitched": "5.0",
        "strikeouts": 8,
        "earned_runs": 3
      },
      {
        "name": "Buck Farmer",
        "team": "Unknown",
        "innings_pitched": "1.0",
        "strikeouts": 1,
        "earned_runs": 0
      }
    ]
  },
  {
    "date": "2022-04-18",
    "home_team": "Los Angeles Dodgers",
    "away_team": "Atlanta Braves",
    "home_score": 7,
    "away_score": 4,
    "status": "Final",
    "game_id": 662617,
    "starting_pitchers": {
      "home": "Clayton Kershaw",
      "away": "Huascar Ynoa"
    },
    "first_inning_runs": {
      "home": 1,
      "away": 0
    },
    "player_stats": [
      {
        "name": "Will Smith",
        "team": "Unknown",
        "hits": 1,
        "rbi": 0
      },
      {
        "name": "Edwin R\u00edos",
        "team": "Unknown",
        "hits": 1,
        "rbi": 1
      },
      {
        "name": "Max Muncy",
        "team": "Unknown",
        "hits": 0,
        "rbi": 0
      },
      {
        "name": "Freddie Freeman",
        "team": "Unknown",
        "hits": 1,
        "rbi": 1
      },
      {
        "name": "Cody Bellinger",
        "team": "Unknown",
        "hits": 2,
        "rbi": 2
      },
      {
        "name": "Gavin Lux",
        "team": "Unknown",
        "hits": 0,
        "rbi": 0
      },
      {
        "name": "Mookie Betts",
        "team": "Unknown",
        "hits": 0,
        "rbi": 0
      },
      {
        "name": "Trea Turner",
        "team": "Unknown",
        "hits": 1,
        "rbi": 3
      },
      {
        "name": "Justin Turner",
        "team": "Unknown",
        "hits": 1,
        "rbi": 0
      },
      {
        "name": "Adam Duvall",
        "team": "Unknown",
        "hits": 0,
        "rbi": 1
      },
      {
        "name": "Travis d'Arnaud",
        "team": "Unknown",
        "hits": 2,
        "rbi": 1
      },
      {
        "name": "Alex Dickerson",
        "team": "Unknown",
        "hits": 0,
        "rbi": 0
      },
      {
        "name": "Matt Olson",
        "team": "Unknown",
        "hits": 3,
        "rbi": 0
      },
      {
        "name": "Guillermo Heredia",
        "team": "Unknown",
        "hits": 1,
        "rbi": 1
      },
      {
        "name": "Eddie Rosario",
        "team": "Unknown",
        "hits": 1,
        "rbi": 0
      },
      {
        "name": "Ozzie Albies",
        "team": "Unknown",
        "hits": 1,
        "rbi": 1
      },
      {
        "name": "Dansby Swanson",
        "team": "Unknown",
        "hits": 0,
        "rbi": 0
      },
      {
        "name": "Austin Riley",
        "team": "Unknown",
        "hits": 2,
        "rbi": 0
      },
      {
        "name": "Orlando Arcia",
        "team": "Unknown",
        "hits": 0,
        "rbi": 0
      },
      {
        "name": "Marcell Ozuna",
        "team": "Unknown",
        "hits": 0,
        "rbi": 0
      }
    ],
    "pitcher_stats": [
      {
        "name": "Phil Bickford",
        "team": "Unknown",
        "innings_pitched": "1.0",
        "strikeouts": 0,
        "earned_runs": 0
      },
      {
        "name": "Daniel Hudson",
        "team": "Unknown",
        "innings_pitched": "1.0",
        "strikeouts": 2,
        "earned_runs": 0
      },
      {
        "name": "Brusdar Graterol",
        "team": "Unknown",
        "innings_pitched": "1.0",
        "strikeouts": 2,
        "earned_runs": 0
      },
      {
        "name": "Clayton Kershaw",
        "team": "Unknown",
        "innings_pitched": "5.0",
        "strikeouts": 7,
        "earned_runs": 4
      },
      {
        "name": "Craig Kimbrel",
        "team": "Unknown",
        "innings_pitched": "1.0",
        "strikeouts": 1,
        "earned_runs": 0
      },
      {
        "name": "Jackson Stephens",
        "team": "Unknown",
        "innings_pitched": "1.0",
        "strikeouts": 0,
        "earned_runs": 1
      },
      {
        "name": "Darren O'Day",
        "team": "Unknown",
        "innings_pitched": "1.0",
        "strikeouts": 0,
        "earned_runs": 0
      },
      {
        "name": "A.J. Minter",
        "team": "Unknown",
        "innings_pitched": "1.0",
        "strikeouts": 2,
        "earned_runs": 0
      },
      {
        "name": "Huascar Ynoa",
        "team": "Unknown",
        "innings_pitched": "3.2",
        "strikeouts": 4,
        "earned_runs": 5
      },
      {
        "name": "Sean Newcomb",
        "team": "Unknown",
        "innings_pitched": "1.1",
        "strikeouts": 1,
        "earned_runs": 1
      }
    ]
  },
  {
    "date": "2022-04-18",
    "home_team": "Cleveland Guardians",
    "away_team": "Chicago White Sox",
    "home_score": "0",
    "away_score": "0",
    "status": "Postponed",
    "game_id": 663087,
    "starting_pitchers": {
      "home": "Shane Bieber",
      "away": "Dallas Keuchel"
    },
    "first_inning_runs": {
      "home": 0,
      "away": 0
    },
    "player_stats": [
      {
        "name": "Austin Hedges",
        "team": "Unknown",
        "hits": 1,
        "rbi": 0
      },
      {
        "name": "Amed Rosario",
        "team": "Unknown",
        "hits": 2,
        "rbi": 2
      },
      {
        "name": "Andr\u00e9s Gim\u00e9nez",
        "team": "Unknown",
        "hits": 1,
        "rbi": 0
      },
      {
        "name": "Nolan Jones",
        "team": "Unknown",
        "hits": 0,
        "rbi": 0
      },
      {
        "name": "Jos\u00e9 Ram\u00edrez",
        "team": "Unknown",
        "hits": 1,
        "rbi": 2
      },
      {
        "name": "Steven Kwan",
        "team": "Unknown",
        "hits": 2,
        "rbi": 0
      },
      {
        "name": "Owen Miller",
        "team": "Unknown",
        "hits": 0,
        "rbi": 0
      },
      {
        "name": "Myles Straw",
        "team": "Unknown",
        "hits": 0,
        "rbi": 0
      },
      {
        "name": "Franmil Reyes",
        "team": "Unknown",
        "hits": 1,
        "rbi": 0
      },
      {
        "name": "Yo\u00e1n Moncada",
        "team": "Unknown",
        "hits": 0,
        "rbi": 0
      },
      {
        "name": "Josh Harrison",
        "team": "Unknown",
        "hits": 0,
        "rbi": 0
      },
      {
        "name": "Andrew Vaughn",
        "team": "Unknown",
        "hits": 1,
        "rbi": 0
      },
      {
        "name": "Jos\u00e9 Abreu",
        "team": "Unknown",
        "hits": 1,
        "rbi": 0
      },
      {
        "name": "Gavin Sheets",
        "team": "Unknown",
        "hits": 0,
        "rbi": 0
      },
      {
        "name": "Reese McGuire",
        "team": "Unknown",
        "hits": 0,
        "rbi": 0
      },
      {
        "name": "Tim Anderson",
        "team": "Unknown",
        "hits": 0,
        "rbi": 0
      },
      {
        "name": "Adam Engel",
        "team": "Unknown",
        "hits": 0,
        "rbi": 0
      },
      {
        "name": "Eloy Jim\u00e9nez",
        "team": "Unknown",
        "hits": 1,
        "rbi": 1
      }
    ],
    "pitcher_stats": [
      {
        "name": "Shane Bieber",
        "team": "Unknown",
        "innings_pitched": "9.0",
        "strikeouts": 7,
        "earned_runs": 1
      },
      {
        "name": "Davis Martin",
        "team": "Unknown",
        "innings_pitched": "6.0",
        "strikeouts": 3,
        "earned_runs": 4
      },
      {
        "name": "Joe Kelly",
        "team": "Unknown",
        "innings_pitched": "1.0",
        "strikeouts": 1,
        "earned_runs": 0
      },
      {
        "name": "Jos\u00e9 Ruiz",
        "team": "Unknown",
        "innings_pitched": "1.0",
        "strikeouts": 0,
        "earned_runs": 0
      }
    ]
  },
  {
    "date": "2022-04-18",
    "home_team": "Washington Nationals",
    "away_team": "Arizona Diamondbacks",
    "home_score": "0",
    "away_score": "0",
    "status": "Postponed",
    "game_id": 662587,
    "starting_pitchers": {
      "home": "Josiah Gray",
      "away": "Madison Bumgarner"
    },
    "first_inning_runs": {
      "home": 0,
      "away": 0
    },
    "player_stats": [
      {
        "name": "Victor Robles",
        "team": "Unknown",
        "hits": 1,
        "rbi": 1
      },
      {
        "name": "Maikel Franco",
        "team": "Unknown",
        "hits": 1,
        "rbi": 1
      },
      {
        "name": "Josh Bell",
        "team": "Unknown",
        "hits": 2,
        "rbi": 1
      },
      {
        "name": "Nelson Cruz",
        "team": "Unknown",
        "hits": 1,
        "rbi": 0
      },
      {
        "name": "Juan Soto",
        "team": "Unknown",
        "hits": 0,
        "rbi": 0
      },
      {
        "name": "Alcides Escobar",
        "team": "Unknown",
        "hits": 1,
        "rbi": 1
      },
      {
        "name": "Keibert Ruiz",
        "team": "Unknown",
        "hits": 0,
        "rbi": 1
      },
      {
        "name": "Lane Thomas",
        "team": "Unknown",
        "hits": 0,
        "rbi": 0
      },
      {
        "name": "C\u00e9sar Hern\u00e1ndez",
        "team": "Unknown",
        "hits": 1,
        "rbi": 1
      },
      {
        "name": "Jose Herrera",
        "team": "Unknown",
        "hits": 0,
        "rbi": 0
      },
      {
        "name": "Cooper Hummel",
        "team": "Unknown",
        "hits": 0,
        "rbi": 0
      },
      {
        "name": "Jake McCarthy",
        "team": "Unknown",
        "hits": 1,
        "rbi": 0
      },
      {
        "name": "Ketel Marte",
        "team": "Unknown",
        "hits": 0,
        "rbi": 0
      },
      {
        "name": "Daulton Varsho",
        "team": "Unknown",
        "hits": 1,
        "rbi": 1
      },
      {
        "name": "Sergio Alc\u00e1ntara",
        "team": "Unknown",
        "hits": 0,
        "rbi": 0
      },
      {
        "name": "David Peralta",
        "team": "Unknown",
        "hits": 2,
        "rbi": 0
      },
      {
        "name": "Geraldo Perdomo",
        "team": "Unknown",
        "hits": 0,
        "rbi": 0
      },
      {
        "name": "Seth Beer",
        "team": "Unknown",
        "hits": 2,
        "rbi": 0
      }
    ],
    "pitcher_stats": [
      {
        "name": "Steve Cishek",
        "team": "Unknown",
        "innings_pitched": "1.0",
        "strikeouts": 2,
        "earned_runs": 0
      },
      {
        "name": "Josiah Gray",
        "team": "Unknown",
        "innings_pitched": "5.1",
        "strikeouts": 8,
        "earned_runs": 1
      },
      {
        "name": "Austin Voth",
        "team": "Unknown",
        "innings_pitched": "1.0",
        "strikeouts": 1,
        "earned_runs": 0
      },
      {
        "name": "Kyle Finnegan",
        "team": "Unknown",
        "innings_pitched": "1.0",
        "strikeouts": 1,
        "earned_runs": 0
      },
      {
        "name": "Sean Doolittle",
        "team": "Unknown",
        "innings_pitched": "0.2",
        "strikeouts": 0,
        "earned_runs": 0
      },
      {
        "name": "Madison Bumgarner",
        "team": "Unknown",
        "innings_pitched": "5.0",
        "strikeouts": 5,
        "earned_runs": 0
      },
      {
        "name": "Oliver P\u00e9rez",
        "team": "Unknown",
        "innings_pitched": "0.1",
        "strikeouts": 0,
        "earned_runs": 2
      },
      {
        "name": "J.B. Wendelken",
        "team": "Unknown",
        "innings_pitched": "2.0",
        "strikeouts": 1,
        "earned_runs": 1
      },
      {
        "name": "Matt Peacock",
        "team": "Unknown",
        "innings_pitched": "0.2",
        "strikeouts": 1,
        "earned_runs": 0
      }
    ]
  },
  {
    "date": "2022-04-18",
    "home_team": "New York Mets",
    "away_team": "San Francisco Giants",
    "home_score": "0",
    "away_score": "0",
    "status": "Postponed",
    "game_id": 662616,
    "starting_pitchers": {
      "home": "Tylor Megill",
      "away": "Alex Cobb"
    },
    "first_inning_runs": {
      "home": 0,
      "away": 0
    },
    "player_stats": [
      {
        "name": "Tom\u00e1s Nido",
        "team": "Unknown",
        "hits": 0,
        "rbi": 0
      },
      {
        "name": "Luis Guillorme",
        "team": "Unknown",
        "hits": 1,
        "rbi": 0
      },
      {
        "name": "Jeff McNeil",
        "team": "Unknown",
        "hits": 0,
        "rbi": 0
      },
      {
        "name": "Eduardo Escobar",
        "team": "Unknown",
        "hits": 2,
        "rbi": 2
      },
      {
        "name": "Dominic Smith",
        "team": "Unknown",
        "hits": 2,
        "rbi": 1
      },
      {
        "name": "Pete Alonso",
        "team": "Unknown",
        "hits": 1,
        "rbi": 0
      },
      {
        "name": "Starling Marte",
        "team": "Unknown",
        "hits": 0,
        "rbi": 0
      },
      {
        "name": "Francisco Lindor",
        "team": "Unknown",
        "hits": 2,
        "rbi": 0
      },
      {
        "name": "Brandon Nimmo",
        "team": "Unknown",
        "hits": 0,
        "rbi": 0
      },
      {
        "name": "Steven Duggar",
        "team": "Unknown",
        "hits": 0,
        "rbi": 0
      },
      {
        "name": "Thairo Estrada",
        "team": "Unknown",
        "hits": 0,
        "rbi": 0
      },
      {
        "name": "Joc Pederson",
        "team": "Unknown",
        "hits": 0,
        "rbi": 0
      },
      {
        "name": "Darin Ruf",
        "team": "Unknown",
        "hits": 1,
        "rbi": 1
      },
      {
        "name": "Brandon Crawford",
        "team": "Unknown",
        "hits": 0,
        "rbi": 0
      },
      {
        "name": "Mike Yastrzemski",
        "team": "Unknown",
        "hits": 0,
        "rbi": 0
      },
      {
        "name": "Curt Casali",
        "team": "Unknown",
        "hits": 1,
        "rbi": 0
      },
      {
        "name": "Brandon Belt",
        "team": "Unknown",
        "hits": 0,
        "rbi": 0
      },
      {
        "name": "Jason Vosler",
        "team": "Unknown",
        "hits": 0,
        "rbi": 0
      }
    ],
    "pitcher_stats": [
      {
        "name": "Trevor May",
        "team": "Unknown",
        "innings_pitched": "1.0",
        "strikeouts": 1,
        "earned_runs": 0
      },
      {
        "name": "Max Scherzer",
        "team": "Unknown",
        "innings_pitched": "7.0",
        "strikeouts": 10,
        "earned_runs": 1
      },
      {
        "name": "Drew Smith",
        "team": "Unknown",
        "innings_pitched": "1.0",
        "strikeouts": 0,
        "earned_runs": 0
      },
      {
        "name": "Yunior Marte",
        "team": "Unknown",
        "innings_pitched": "1.0",
        "strikeouts": 3,
        "earned_runs": 0
      },
      {
        "name": "Sam Long",
        "team": "Unknown",
        "innings_pitched": "1.1",
        "strikeouts": 2,
        "earned_runs": 0
      },
      {
        "name": "John Brebbia",
        "team": "Unknown",
        "innings_pitched": "1.0",
        "strikeouts": 0,
        "earned_runs": 0
      },
      {
        "name": "Logan Webb",
        "team": "Unknown",
        "innings_pitched": "3.2",
        "strikeouts": 1,
        "earned_runs": 3
      },
      {
        "name": "Zack Littell",
        "team": "Unknown",
        "innings_pitched": "1.0",
        "strikeouts": 1,
        "earned_runs": 0
      }
    ]
  }
]