[
  {
    "date": "2022-09-30",
    "home_team": "Washington Nationals",
    "away_team": "Philadelphia Phillies",
    "home_score": 1,
    "away_score": 5,
    "status": "Final",
    "game_id": 661097,
    "starting_pitchers": {
      "home": "Erick Fedde",
      "away": "Bailey Falter"
    },
    "first_inning_runs": {
      "home": 0,
      "away": 1
    },
    "player_stats": [
      {
        "name": "Victor Robles",
        "team": "Unknown",
        "hits": 1,
        "rbi": 0
      },
      {
        "name": "CJ Abrams",
        "team": "Unknown",
        "hits": 1,
        "rbi": 0
      },
      {
        "name": "Riley Adams",
        "team": "Unknown",
        "hits": 0,
        "rbi": 0
      },
      {
        "name": "Joey Meneses",
        "team": "Unknown",
        "hits": 2,
        "rbi": 0
      },
      {
        "name": "Ildemaro Vargas",
        "team": "Unknown",
        "hits": 1,
        "rbi": 0
      },
      {
        "name": "Alex Call",
        "team": "Unknown",
        "hits": 1,
        "rbi": 0
      },
      {
        "name": "Luke Voit",
        "team": "Unknown",
        "hits": 0,
        "rbi": 0
      },
      {
        "name": "Lane Thomas",
        "team": "Unknown",
        "hits": 0,
        "rbi": 0
      },
      {
        "name": "C\u00e9sar Hern\u00e1ndez",
        "team": "Unknown",
        "hits": 0,
        "rbi": 0
      },
      {
        "name": "Luis Garc\u00eda Jr.",
        "team": "Unknown",
        "hits": 1,
        "rbi": 1
      },
      {
        "name": "Jean Segura",
        "team": "Unknown",
        "hits": 2,
        "rbi": 1
      },
      {
        "name": "Brandon Marsh",
        "team": "Unknown",
        "hits": 2,
        "rbi": 0
      },
      {
        "name": "Bryce Harper",
        "team": "Unknown",
        "hits": 1,
        "rbi": 0
      },
      {
        "name": "J.T. Realmuto",
        "team": "Unknown",
        "hits": 2,
        "rbi": 1
      },
      {
        "name": "Nick Castellanos",
        "team": "Unknown",
        "hits": 0,
        "rbi": 0
      },
      {
        "name": "Alec Bohm",
        "team": "Unknown",
        "hits": 0,
        "rbi": 0
      },
      {
        "name": "Bryson Stott",
        "team": "Unknown",
        "hits": 2,
        "rbi": 0
      },
      {
        "name": "Kyle Schwarber",
        "team": "Unknown",
        "hits": 0,
        "rbi": 0
      },
      {
        "name": "Rhys Hoskins",
        "team": "Unknown",
        "hits": 2,
        "rbi": 2
      }
    ],
    "pitcher_stats": [
      {
        "name": "Steve Cishek",
        "team": "Unknown",
        "innings_pitched": "1.0",
        "strikeouts": 2,
        "earned_runs": 0
      },
      {
        "name": "Mason Thompson",
        "team": "Unknown",
        "innings_pitched": "1.0",
        "strikeouts": 0,
        "earned_runs": 2
      },
      {
        "name": "Jordan Weems",
        "team": "Unknown",
        "innings_pitched": "2.0",
        "strikeouts": 3,
        "earned_runs": 0
      },
      {
        "name": "Erick Fedde",
        "team": "Unknown",
        "innings_pitched": "5.0",
        "strikeouts": 3,
        "earned_runs": 2
      },
      {
        "name": "Jos\u00e9 Alvarado",
        "team": "Unknown",
        "innings_pitched": "1.0",
        "strikeouts": 2,
        "earned_runs": 0
      },
      {
        "name": "Seranthony Dom\u00ednguez",
        "team": "Unknown",
        "innings_pitched": "1.0",
        "strikeouts": 1,
        "earned_runs": 0
      },
      {
        "name": "Zach Eflin",
        "team": "Unknown",
        "innings_pitched": "1.0",
        "strikeouts": 2,
        "earned_runs": 1
      },
      {
        "name": "Bailey Falter",
        "team": "Unknown",
        "innings_pitched": "6.0",
        "strikeouts": 6,
        "earned_runs": 0
      }
    ]
  },
  {
    "date": "2022-09-30",
    "home_team": "Chicago Cubs",
    "away_team": "Cincinnati Reds",
    "home_score": 6,
    "away_score": 1,
    "status": "Final",
    "game_id": 663099,
    "starting_pitchers": {
      "home": "Adrian Sampson",
      "away": "Graham Ashcraft"
    },
    "first_inning_runs": {
      "home": 0,
      "away": 0
    },
    "player_stats": [
      {
        "name": "Christopher Morel",
        "team": "Unknown",
        "hits": 1,
        "rbi": 1
      },
      {
        "name": "Ian Happ",
        "team": "Unknown",
        "hits": 2,
        "rbi": 0
      },
      {
        "name": "Patrick Wisdom",
        "team": "Unknown",
        "hits": 0,
        "rbi": 0
      },
      {
        "name": "Yan Gomes",
        "team": "Unknown",
        "hits": 2,
        "rbi": 1
      },
      {
        "name": "Seiya Suzuki",
        "team": "Unknown",
        "hits": 1,
        "rbi": 0
      },
      {
        "name": "P.J. Higgins",
        "team": "Unknown",
        "hits": 0,
        "rbi": 0
      },
      {
        "name": "Nico Hoerner",
        "team": "Unknown",
        "hits": 1,
        "rbi": 3
      },
      {
        "name": "Esteban Quiroz",
        "team": "Unknown",
        "hits": 0,
        "rbi": 0
      },
      {
        "name": "Franmil Reyes",
        "team": "Unknown",
        "hits": 1,
        "rbi": 0
      },
      {
        "name": "Jonathan India",
        "team": "Unknown",
        "hits": 0,
        "rbi": 0
      },
      {
        "name": "Austin Romine",
        "team": "Unknown",
        "hits": 0,
        "rbi": 0
      },
      {
        "name": "Donovan Solano",
        "team": "Unknown",
        "hits": 1,
        "rbi": 0
      },
      {
        "name": "Jake Fraley",
        "team": "Unknown",
        "hits": 3,
        "rbi": 1
      },
      {
        "name": "TJ Friedl",
        "team": "Unknown",
        "hits": 0,
        "rbi": 0
      },
      {
        "name": "Michael Siani",
        "team": "Unknown",
        "hits": 0,
        "rbi": 0
      },
      {
        "name": "Kyle Farmer",
        "team": "Unknown",
        "hits": 0,
        "rbi": 0
      },
      {
        "name": "Spencer Steer",
        "team": "Unknown",
        "hits": 0,
        "rbi": 0
      },
      {
        "name": "Jose Barrero",
        "team": "Unknown",
        "hits": 0,
        "rbi": 0
      }
    ],
    "pitcher_stats": [
      {
        "name": "Erich Uelmen",
        "team": "Unknown",
        "innings_pitched": "1.0",
        "strikeouts": 0,
        "earned_runs": 0
      },
      {
        "name": "Adrian Sampson",
        "team": "Unknown",
        "innings_pitched": "7.0",
        "strikeouts": 6,
        "earned_runs": 1
      },
      {
        "name": "Rowan Wick",
        "team": "Unknown",
        "innings_pitched": "1.0",
        "strikeouts": 1,
        "earned_runs": 0
      },
      {
        "name": "Connor Overton",
        "team": "Unknown",
        "innings_pitched": "5.1",
        "strikeouts": 3,
        "earned_runs": 0
      },
      {
        "name": "Graham Ashcraft",
        "team": "Unknown",
        "innings_pitched": "2.2",
        "strikeouts": 1,
        "earned_runs": 5
      }
    ]
  },
  {
    "date": "2022-09-30",
    "home_team": "New York Yankees",
    "away_team": "Baltimore Orioles",
    "home_score": 1,
    "away_score": 2,
    "status": "Final",
    "game_id": 661218,
    "starting_pitchers": {
      "home": "Domingo Germ\u00e1n",
      "away": "Jordan Lyles"
    },
    "first_inning_runs": {
      "home": 0,
      "away": 1
    },
    "player_stats": [
      {
        "name": "DJ LeMahieu",
        "team": "Unknown",
        "hits": 0,
        "rbi": 0
      },
      {
        "name": "Anthony Rizzo",
        "team": "Unknown",
        "hits": 0,
        "rbi": 0
      },
      {
        "name": "Oswaldo Cabrera",
        "team": "Unknown",
        "hits": 2,
        "rbi": 1
      },
      {
        "name": "Aaron Judge",
        "team": "Unknown",
        "hits": 1,
        "rbi": 0
      },
      {
        "name": "Isiah Kiner-Falefa",
        "team": "Unknown",
        "hits": 1,
        "rbi": 0
      },
      {
        "name": "Gleyber Torres",
        "team": "Unknown",
        "hits": 0,
        "rbi": 0
      },
      {
        "name": "Jose Trevino",
        "team": "Unknown",
        "hits": 0,
        "rbi": 0
      },
      {
        "name": "Harrison Bader",
        "team": "Unknown",
        "hits": 0,
        "rbi": 0
      },
      {
        "name": "Giancarlo Stanton",
        "team": "Unknown",
        "hits": 0,
        "rbi": 0
      },
      {
        "name": "Marwin Gonzalez",
        "team": "Unknown",
        "hits": 0,
        "rbi": 0
      },
      {
        "name": "Gunnar Henderson",
        "team": "Unknown",
        "hits": 1,
        "rbi": 0
      },
      {
        "name": "Jorge Mateo",
        "team": "Unknown",
        "hits": 1,
        "rbi": 0
      },
      {
        "name": "Anthony Santander",
        "team": "Unknown",
        "hits": 0,
        "rbi": 0
      },
      {
        "name": "Ryan Mountcastle",
        "team": "Unknown",
        "hits": 1,
        "rbi": 1
      },
      {
        "name": "Adley Rutschman",
        "team": "Unknown",
        "hits": 0,
        "rbi": 0
      },
      {
        "name": "Rougned Odor",
        "team": "Unknown",
        "hits": 1,
        "rbi": 0
      },
      {
        "name": "Austin Hays",
        "team": "Unknown",
        "hits": 1,
        "rbi": 0
      },
      {
        "name": "Kyle Stowers",
        "team": "Unknown",
        "hits": 0,
        "rbi": 0
      },
      {
        "name": "Terrin Vavra",
        "team": "Unknown",
        "hits": 0,
        "rbi": 0
      },
      {
        "name": "Jes\u00fas Aguilar",
        "team": "Unknown",
        "hits": 0,
        "rbi": 0
      },
      {
        "name": "Cedric Mullins",
        "team": "Unknown",
        "hits": 0,
        "rbi": 0
      }
    ],
    "pitcher_stats": [
      {
        "name": "Domingo Germ\u00e1n",
        "team": "Unknown",
        "innings_pitched": "5.1",
        "strikeouts": 6,
        "earned_runs": 2
      },
      {
        "name": "Scott Effross",
        "team": "Unknown",
        "innings_pitched": "1.0",
        "strikeouts": 2,
        "earned_runs": 0
      },
      {
        "name": "Zack Britton",
        "team": "Unknown",
        "innings_pitched": "0.0",
        "strikeouts": 0,
        "earned_runs": 0
      },
      {
        "name": "Ron Marinaccio",
        "team": "Unknown",
        "innings_pitched": "1.2",
        "strikeouts": 3,
        "earned_runs": 0
      },
      {
        "name": "Aroldis Chapman",
        "team": "Unknown",
        "innings_pitched": "1.0",
        "strikeouts": 0,
        "earned_runs": 0
      },
      {
        "name": "F\u00e9lix Bautista",
        "team": "Unknown",
        "innings_pitched": "1.0",
        "strikeouts": 2,
        "earned_runs": 0
      },
      {
        "name": "DL Hall",
        "team": "Unknown",
        "innings_pitched": "1.0",
        "strikeouts": 2,
        "earned_runs": 0
      },
      {
        "name": "Jordan Lyles",
        "team": "Unknown",
        "innings_pitched": "7.0",
        "strikeouts": 9,
        "earned_runs": 1
      }
    ]
  },
  {
    "date": "2022-09-30",
    "home_team": "Toronto Blue Jays",
    "away_team": "Boston Red Sox",
    "home_score": 9,
    "away_score": 0,
    "status": "Final",
    "game_id": 661751,
    "starting_pitchers": {
      "home": "Alek Manoah",
      "away": "Nick Pivetta"
    },
    "first_inning_runs": {
      "home": 1,
      "away": 0
    },
    "player_stats": [
      {
        "name": "Bo Bichette",
        "team": "Unknown",
        "hits": 2,
        "rbi": 1
      },
      {
        "name": "Matt Chapman",
        "team": "Unknown",
        "hits": 0,
        "rbi": 0
      },
      {
        "name": "Whit Merrifield",
        "team": "Unknown",
        "hits": 3,
        "rbi": 1
      },
      {
        "name": "George Springer",
        "team": "Unknown",
        "hits": 2,
        "rbi": 3
      },
      {
        "name": "Teoscar Hern\u00e1ndez",
        "team": "Unknown",
        "hits": 1,
        "rbi": 0
      },
      {
        "name": "Vladimir Guerrero Jr.",
        "team": "Unknown",
        "hits": 1,
        "rbi": 2
      },
      {
        "name": "Danny Jansen",
        "team": "Unknown",
        "hits": 1,
        "rbi": 0
      },
      {
        "name": "Raimel Tapia",
        "team": "Unknown",
        "hits": 2,
        "rbi": 1
      },
      {
        "name": "Bradley Zimmer",
        "team": "Unknown",
        "hits": 0,
        "rbi": 0
      },
      {
        "name": "Alejandro Kirk",
        "team": "Unknown",
        "hits": 1,
        "rbi": 1
      },
      {
        "name": "Yu Chang",
        "team": "Unknown",
        "hits": 0,
        "rbi": 0
      },
      {
        "name": "Alex Verdugo",
        "team": "Unknown",
        "hits": 0,
        "rbi": 0
      },
      {
        "name": "Bobby Dalbec",
        "team": "Unknown",
        "hits": 0,
        "rbi": 0
      },
      {
        "name": "J.D. Martinez",
        "team": "Unknown",
        "hits": 0,
        "rbi": 0
      },
      {
        "name": "Reese McGuire",
        "team": "Unknown",
        "hits": 1,
        "rbi": 0
      },
      {
        "name": "Christian Arroyo",
        "team": "Unknown",
        "hits": 0,
        "rbi": 0
      },
      {
        "name": "Rafael Devers",
        "team": "Unknown",
        "hits": 0,
        "rbi": 0
      },
      {
        "name": "Jarren Duran",
        "team": "Unknown",
        "hits": 1,
        "rbi": 0
      },
      {
        "name": "Xander Bogaerts",
        "team": "Unknown",
        "hits": 0,
        "rbi": 0
      },
      {
        "name": "Abraham Almonte",
        "team": "Unknown",
        "hits": 1,
        "rbi": 0
      },
      {
        "name": "Triston Casas",
        "team": "Unknown",
        "hits": 0,
        "rbi": 0
      }
    ],
    "pitcher_stats": [
      {
        "name": "Alek Manoah",
        "team": "Unknown",
        "innings_pitched": "6.0",
        "strikeouts": 4,
        "earned_runs": 0
      },
      {
        "name": "Yusei Kikuchi",
        "team": "Unknown",
        "innings_pitched": "3.0",
        "strikeouts": 5,
        "earned_runs": 0
      },
      {
        "name": "Tyler Danish",
        "team": "Unknown",
        "innings_pitched": "2.0",
        "strikeouts": 3,
        "earned_runs": 4
      },
      {
        "name": "Frank German",
        "team": "Unknown",
        "innings_pitched": "1.0",
        "strikeouts": 1,
        "earned_runs": 1
      },
      {
        "name": "Nick Pivetta",
        "team": "Unknown",
        "innings_pitched": "5.0",
        "strikeouts": 2,
        "earned_runs": 4
      }
    ]
  },
  {
    "date": "2022-09-30",
    "home_team": "Cleveland Guardians",
    "away_team": "Kansas City Royals",
    "home_score": 6,
    "away_score": 3,
    "status": "Final",
    "game_id": 662940,
    "starting_pitchers": {
      "home": "Aaron Civale",
      "away": "Brady Singer"
    },
    "first_inning_runs": {
      "home": 0,
      "away": 0
    },
    "player_stats": [
      {
        "name": "Josh Naylor",
        "team": "Unknown",
        "hits": 1,
        "rbi": 0
      },
      {
        "name": "Austin Hedges",
        "team": "Unknown",
        "hits": 1,
        "rbi": 1
      },
      {
        "name": "Will Brennan",
        "team": "Unknown",
        "hits": 1,
        "rbi": 1
      },
      {
        "name": "Andr\u00e9s Gim\u00e9nez",
        "team": "Unknown",
        "hits": 1,
        "rbi": 0
      },
      {
        "name": "Oscar Gonzalez",
        "team": "Unknown",
        "hits": 1,
        "rbi": 0
      },
      {
        "name": "Gabriel Arias",
        "team": "Unknown",
        "hits": 1,
        "rbi": 0
      },
      {
        "name": "Jos\u00e9 Ram\u00edrez",
        "team": "Unknown",
        "hits": 1,
        "rbi": 3
      },
      {
        "name": "Steven Kwan",
        "team": "Unknown",
        "hits": 1,
        "rbi": 0
      },
      {
        "name": "Myles Straw",
        "team": "Unknown",
        "hits": 1,
        "rbi": 1
      },
      {
        "name": "Salvador Perez",
        "team": "Unknown",
        "hits": 0,
        "rbi": 0
      },
      {
        "name": "Edward Olivares",
        "team": "Unknown",
        "hits": 0,
        "rbi": 0
      },
      {
        "name": "Drew Waters",
        "team": "Unknown",
        "hits": 1,
        "rbi": 2
      },
      {
        "name": "MJ Melendez",
        "team": "Unknown",
        "hits": 0,
        "rbi": 0
      },
      {
        "name": "Michael Massey",
        "team": "Unknown",
        "hits": 1,
        "rbi": 1
      },
      {
        "name": "Nate Eaton",
        "team": "Unknown",
        "hits": 0,
        "rbi": 0
      },
      {
        "name": "Vinnie Pasquantino",
        "team": "Unknown",
        "hits": 1,
        "rbi": 0
      },
      {
        "name": "Michael A. Taylor",
        "team": "Unknown",
        "hits": 0,
        "rbi": 0
      },
      {
        "name": "Bobby Witt Jr.",
        "team": "Unknown",
        "hits": 1,
        "rbi": 0
      }
    ],
    "pitcher_stats": [
      {
        "name": "Cody Morris",
        "team": "Unknown",
        "innings_pitched": "2.0",
        "strikeouts": 2,
        "earned_runs": 0
      },
      {
        "name": "Emmanuel Clase",
        "team": "Unknown",
        "innings_pitched": "1.0",
        "strikeouts": 2,
        "earned_runs": 0
      },
      {
        "name": "Aaron Civale",
        "team": "Unknown",
        "innings_pitched": "6.0",
        "strikeouts": 5,
        "earned_runs": 2
      },
      {
        "name": "Brady Singer",
        "team": "Unknown",
        "innings_pitched": "5.2",
        "strikeouts": 6,
        "earned_runs": 6
      },
      {
        "name": "Amir Garrett",
        "team": "Unknown",
        "innings_pitched": "1.0",
        "strikeouts": 2,
        "earned_runs": 0
      },
      {
        "name": "Carlos Hern\u00e1ndez",
        "team": "Unknown",
        "innings_pitched": "0.1",
        "strikeouts": 1,
        "earned_runs": 0
      },
      {
        "name": "Brad Keller",
        "team": "Unknown",
        "innings_pitched": "1.0",
        "strikeouts": 2,
        "earned_runs": 0
      }
    ]
  },
  {
    "date": "2022-09-30",
    "home_team": "Detroit Tigers",
    "away_team": "Minnesota Twins",
    "home_score": 0,
    "away_score": 7,
    "status": "Final",
    "game_id": 662771,
    "starting_pitchers": {
      "home": "Tyler Alexander",
      "away": "Joe Ryan"
    },
    "first_inning_runs": {
      "home": 0,
      "away": 0
    },
    "player_stats": [
      {
        "name": "Tucker Barnhart",
        "team": "Unknown",
        "hits": 1,
        "rbi": 0
      },
      {
        "name": "Javier B\u00e1ez",
        "team": "Unknown",
        "hits": 0,
        "rbi": 0
      },
      {
        "name": "Riley Greene",
        "team": "Unknown",
        "hits": 1,
        "rbi": 0
      },
      {
        "name": "Victor Reyes",
        "team": "Unknown",
        "hits": 1,
        "rbi": 0
      },
      {
        "name": "Jonathan Schoop",
        "team": "Unknown",
        "hits": 0,
        "rbi": 0
      },
      {
        "name": "Harold Castro",
        "team": "Unknown",
        "hits": 2,
        "rbi": 0
      },
      {
        "name": "Spencer Torkelson",
        "team": "Unknown",
        "hits": 0,
        "rbi": 0
      },
      {
        "name": "Miguel Cabrera",
        "team": "Unknown",
        "hits": 0,
        "rbi": 0
      },
      {
        "name": "Akil Baddoo",
        "team": "Unknown",
        "hits": 1,
        "rbi": 0
      },
      {
        "name": "Ryan Kreidler",
        "team": "Unknown",
        "hits": 0,
        "rbi": 0
      },
      {
        "name": "Mark Contreras",
        "team": "Unknown",
        "hits": 1,
        "rbi": 1
      },
      {
        "name": "Jermaine Palacios",
        "team": "Unknown",
        "hits": 3,
        "rbi": 0
      },
      {
        "name": "Gio Urshela",
        "team": "Unknown",
        "hits": 2,
        "rbi": 1
      },
      {
        "name": "Gilberto Celestino",
        "team": "Unknown",
        "hits": 2,
        "rbi": 1
      },
      {
        "name": "Jake Cave",
        "team": "Unknown",
        "hits": 1,
        "rbi": 1
      },
      {
        "name": "Ryan Jeffers",
        "team": "Unknown",
        "hits": 2,
        "rbi": 1
      },
      {
        "name": "Carlos Correa",
        "team": "Unknown",
        "hits": 2,
        "rbi": 2
      },
      {
        "name": "Jose Miranda",
        "team": "Unknown",
        "hits": 1,
        "rbi": 0
      },
      {
        "name": "Gary S\u00e1nchez",
        "team": "Unknown",
        "hits": 0,
        "rbi": 0
      }
    ],
    "pitcher_stats": [
      {
        "name": "Miguel D\u00edaz",
        "team": "Unknown",
        "innings_pitched": "1.1",
        "strikeouts": 1,
        "earned_runs": 1
      },
      {
        "name": "Tyler Alexander",
        "team": "Unknown",
        "innings_pitched": "5.0",
        "strikeouts": 6,
        "earned_runs": 3
      },
      {
        "name": "Kody Clemens",
        "team": "Unknown",
        "innings_pitched": "1.0",
        "strikeouts": 0,
        "earned_runs": 0
      },
      {
        "name": "Andrew Chafin",
        "team": "Unknown",
        "innings_pitched": "1.0",
        "strikeouts": 2,
        "earned_runs": 1
      },
      {
        "name": "Will Vest",
        "team": "Unknown",
        "innings_pitched": "0.2",
        "strikeouts": 1,
        "earned_runs": 2
      },
      {
        "name": "Emilio Pag\u00e1n",
        "team": "Unknown",
        "innings_pitched": "1.0",
        "strikeouts": 1,
        "earned_runs": 0
      },
      {
        "name": "Jovani Moran",
        "team": "Unknown",
        "innings_pitched": "2.0",
        "strikeouts": 2,
        "earned_runs": 0
      },
      {
        "name": "Joe Ryan",
        "team": "Unknown",
        "innings_pitched": "6.0",
        "strikeouts": 8,
        "earned_runs": 0
      }
    ]
  },
  {
    "date": "2022-09-30",
    "home_team": "Atlanta Braves",
    "away_team": "New York Mets",
    "home_score": 5,
    "away_score": 2,
    "status": "Final",
    "game_id": 661467,
    "starting_pitchers": {
      "home": "Max Fried",
      "away": "Jacob deGrom"
    },
    "first_inning_runs": {
      "home": 0,
      "away": 0
    },
    "player_stats": [
      {
        "name": "Michael Harris II",
        "team": "Unknown",
        "hits": 1,
        "rbi": 0
      },
      {
        "name": "Travis d'Arnaud",
        "team": "Unknown",
        "hits": 1,
        "rbi": 0
      },
      {
        "name": "Matt Olson",
        "team": "Unknown",
        "hits": 2,
        "rbi": 1
      },
      {
        "name": "Ronald Acu\u00f1a Jr.",
        "team": "Unknown",
        "hits": 0,
        "rbi": 0
      },
      {
        "name": "Eddie Rosario",
        "team": "Unknown",
        "hits": 0,
        "rbi": 1
      },
      {
        "name": "William Contreras",
        "team": "Unknown",
        "hits": 0,
        "rbi": 0
      },
      {
        "name": "Dansby Swanson",
        "team": "Unknown",
        "hits": 1,
        "rbi": 1
      },
      {
        "name": "Austin Riley",
        "team": "Unknown",
        "hits": 1,
        "rbi": 1
      },
      {
        "name": "Orlando Arcia",
        "team": "Unknown",
        "hits": 2,
        "rbi": 1
      },
      {
        "name": "Tom\u00e1s Nido",
        "team": "Unknown",
        "hits": 1,
        "rbi": 1
      },
      {
        "name": "Luis Guillorme",
        "team": "Unknown",
        "hits": 1,
        "rbi": 1
      },
      {
        "name": "Francisco Alvarez",
        "team": "Unknown",
        "hits": 0,
        "rbi": 0
      },
      {
        "name": "Jeff McNeil",
        "team": "Unknown",
        "hits": 2,
        "rbi": 0
      },
      {
        "name": "Mark Vientos",
        "team": "Unknown",
        "hits": 0,
        "rbi": 0
      },
      {
        "name": "Eduardo Escobar",
        "team": "Unknown",
        "hits": 2,
        "rbi": 0
      },
      {
        "name": "Mark Canha",
        "team": "Unknown",
        "hits": 0,
        "rbi": 0
      },
      {
        "name": "Pete Alonso",
        "team": "Unknown",
        "hits": 1,
        "rbi": 0
      },
      {
        "name": "Francisco Lindor",
        "team": "Unknown",
        "hits": 0,
        "rbi": 0
      },
      {
        "name": "Brandon Nimmo",
        "team": "Unknown",
        "hits": 1,
        "rbi": 0
      },
      {
        "name": "Tyler Naquin",
        "team": "Unknown",
        "hits": 0,
        "rbi": 0
      }
    ],
    "pitcher_stats": [
      {
        "name": "Kenley Jansen",
        "team": "Unknown",
        "innings_pitched": "1.0",
        "strikeouts": 3,
        "earned_runs": 0
      },
      {
        "name": "Collin McHugh",
        "team": "Unknown",
        "innings_pitched": "1.0",
        "strikeouts": 0,
        "earned_runs": 0
      },
      {
        "name": "A.J. Minter",
        "team": "Unknown",
        "innings_pitched": "1.0",
        "strikeouts": 1,
        "earned_runs": 1
      },
      {
        "name": "Raisel Iglesias",
        "team": "Unknown",
        "innings_pitched": "1.0",
        "strikeouts": 1,
        "earned_runs": 0
      },
      {
        "name": "Max Fried",
        "team": "Unknown",
        "innings_pitched": "5.0",
        "strikeouts": 3,
        "earned_runs": 1
      },
      {
        "name": "Joely Rodr\u00edguez",
        "team": "Unknown",
        "innings_pitched": "1.0",
        "strikeouts": 0,
        "earned_runs": 0
      },
      {
        "name": "Trevor May",
        "team": "Unknown",
        "innings_pitched": "0.1",
        "strikeouts": 1,
        "earned_runs": 0
      },
      {
        "name": "Jacob deGrom",
        "team": "Unknown",
        "innings_pitched": "6.0",
        "strikeouts": 11,
        "earned_runs": 3
      },
      {
        "name": "Tylor Megill",
        "team": "Unknown",
        "innings_pitched": "0.2",
        "strikeouts": 0,
        "earned_runs": 2
      }
    ]
  },
  {
    "date": "2022-09-30",
    "home_team": "Houston Astros",
    "away_team": "Tampa Bay Rays",
    "home_score": 3,
    "away_score": 7,
    "status": "Final",
    "game_id": 662819,
    "starting_pitchers": {
      "home": "Framber Valdez",
      "away": "Drew Rasmussen"
    },
    "first_inning_runs": {
      "home": 1,
      "away": 1
    },
    "player_stats": [
      {
        "name": "Trey Mancini",
        "team": "Unknown",
        "hits": 0,
        "rbi": 0
      },
      {
        "name": "Kyle Tucker",
        "team": "Unknown",
        "hits": 0,
        "rbi": 0
      },
      {
        "name": "Alex Bregman",
        "team": "Unknown",
        "hits": 1,
        "rbi": 1
      },
      {
        "name": "Yuli Gurriel",
        "team": "Unknown",
        "hits": 2,
        "rbi": 2
      },
      {
        "name": "Jose Altuve",
        "team": "Unknown",
        "hits": 0,
        "rbi": 0
      },
      {
        "name": "Jeremy Pe\u00f1a",
        "team": "Unknown",
        "hits": 1,
        "rbi": 0
      },
      {
        "name": "Chas McCormick",
        "team": "Unknown",
        "hits": 0,
        "rbi": 0
      },
      {
        "name": "Christian V\u00e1zquez",
        "team": "Unknown",
        "hits": 1,
        "rbi": 0
      },
      {
        "name": "Yordan Alvarez",
        "team": "Unknown",
        "hits": 2,
        "rbi": 0
      },
      {
        "name": "Taylor Walls",
        "team": "Unknown",
        "hits": 1,
        "rbi": 1
      },
      {
        "name": "Jose Siri",
        "team": "Unknown",
        "hits": 1,
        "rbi": 1
      },
      {
        "name": "Isaac Paredes",
        "team": "Unknown",
        "hits": 0,
        "rbi": 0
      },
      {
        "name": "Harold Ram\u00edrez",
        "team": "Unknown",
        "hits": 2,
        "rbi": 1
      },
      {
        "name": "Francisco Mej\u00eda",
        "team": "Unknown",
        "hits": 1,
        "rbi": 0
      },
      {
        "name": "Randy Arozarena",
        "team": "Unknown",
        "hits": 1,
        "rbi": 1
      },
      {
        "name": "Manuel Margot",
        "team": "Unknown",
        "hits": 0,
        "rbi": 0
      },
      {
        "name": "Yandy D\u00edaz",
        "team": "Unknown",
        "hits": 3,
        "rbi": 2
      },
      {
        "name": "Wander Franco",
        "team": "Unknown",
        "hits": 1,
        "rbi": 1
      }
    ],
    "pitcher_stats": [
      {
        "name": "Framber Valdez",
        "team": "Unknown",
        "innings_pitched": "5.1",
        "strikeouts": 2,
        "earned_runs": 6
      },
      {
        "name": "H\u00e9ctor Neris",
        "team": "Unknown",
        "innings_pitched": "1.0",
        "strikeouts": 1,
        "earned_runs": 0
      },
      {
        "name": "Ryne Stanek",
        "team": "Unknown",
        "innings_pitched": "0.2",
        "strikeouts": 1,
        "earned_runs": 0
      },
      {
        "name": "Phil Maton",
        "team": "Unknown",
        "innings_pitched": "2.0",
        "strikeouts": 4,
        "earned_runs": 1
      },
      {
        "name": "Javy Guerra",
        "team": "Unknown",
        "innings_pitched": "1.0",
        "strikeouts": 1,
        "earned_runs": 0
      },
      {
        "name": "Colin Poche",
        "team": "Unknown",
        "innings_pitched": "1.0",
        "strikeouts": 1,
        "earned_runs": 1
      },
      {
        "name": "Drew Rasmussen",
        "team": "Unknown",
        "innings_pitched": "7.0",
        "strikeouts": 3,
        "earned_runs": 2
      }
    ]
  },
  {
    "date": "2022-09-30",
    "home_team": "Milwaukee Brewers",
    "away_team": "Miami Marlins",
    "home_score": 1,
    "away_score": 0,
    "status": "Final",
    "game_id": 661157,
    "starting_pitchers": {
      "home": "Corbin Burnes",
      "away": "Sandy Alcantara"
    },
    "first_inning_runs": {
      "home": 0,
      "away": 0
    },
    "player_stats": [
      {
        "name": "Keston Hiura",
        "team": "Unknown",
        "hits": 0,
        "rbi": 0
      },
      {
        "name": "Kolten Wong",
        "team": "Unknown",
        "hits": 0,
        "rbi": 0
      },
      {
        "name": "Omar Narv\u00e1ez",
        "team": "Unknown",
        "hits": 0,
        "rbi": 0
      },
      {
        "name": "Christian Yelich",
        "team": "Unknown",
        "hits": 0,
        "rbi": 0
      },
      {
        "name": "Jace Peterson",
        "team": "Unknown",
        "hits": 1,
        "rbi": 0
      },
      {
        "name": "Hunter Renfroe",
        "team": "Unknown",
        "hits": 1,
        "rbi": 0
      },
      {
        "name": "Rowdy Tellez",
        "team": "Unknown",
        "hits": 0,
        "rbi": 1
      },
      {
        "name": "Garrett Mitchell",
        "team": "Unknown",
        "hits": 2,
        "rbi": 0
      },
      {
        "name": "Willy Adames",
        "team": "Unknown",
        "hits": 1,
        "rbi": 0
      },
      {
        "name": "Bryan De La Cruz",
        "team": "Unknown",
        "hits": 0,
        "rbi": 0
      },
      {
        "name": "Jacob Stallings",
        "team": "Unknown",
        "hits": 0,
        "rbi": 0
      },
      {
        "name": "Jon Berti",
        "team": "Unknown",
        "hits": 0,
        "rbi": 0
      },
      {
        "name": "Avisa\u00edl Garc\u00eda",
        "team": "Unknown",
        "hits": 0,
        "rbi": 0
      },
      {
        "name": "Joey Wendle",
        "team": "Unknown",
        "hits": 1,
        "rbi": 0
      },
      {
        "name": "Jes\u00fas S\u00e1nchez",
        "team": "Unknown",
        "hits": 1,
        "rbi": 0
      },
      {
        "name": "JJ Bleday",
        "team": "Unknown",
        "hits": 0,
        "rbi": 0
      },
      {
        "name": "Miguel Rojas",
        "team": "Unknown",
        "hits": 1,
        "rbi": 0
      },
      {
        "name": "Lewin D\u00edaz",
        "team": "Unknown",
        "hits": 2,
        "rbi": 0
      }
    ],
    "pitcher_stats": [
      {
        "name": "Devin Williams",
        "team": "Unknown",
        "innings_pitched": "1.0",
        "strikeouts": 3,
        "earned_runs": 0
      },
      {
        "name": "Corbin Burnes",
        "team": "Unknown",
        "innings_pitched": "8.0",
        "strikeouts": 7,
        "earned_runs": 0
      },
      {
        "name": "Sandy Alcantara",
        "team": "Unknown",
        "innings_pitched": "8.0",
        "strikeouts": 8,
        "earned_runs": 1
      }
    ]
  },
  {
    "date": "2022-09-30",
    "home_team": "St. Louis Cardinals",
    "away_team": "Pittsburgh Pirates",
    "home_score": 2,
    "away_score": 1,
    "status": "Final",
    "game_id": 661958,
    "starting_pitchers": {
      "home": "Jack Flaherty",
      "away": "Johan Oviedo"
    },
    "first_inning_runs": {
      "home": 0,
      "away": 0
    },
    "player_stats": [
      {
        "name": "Dylan Carlson",
        "team": "Unknown",
        "hits": 0,
        "rbi": 0
      },
      {
        "name": "Albert Pujols",
        "team": "Unknown",
        "hits": 1,
        "rbi": 1
      },
      {
        "name": "Nolan Arenado",
        "team": "Unknown",
        "hits": 1,
        "rbi": 1
      },
      {
        "name": "Lars Nootbaar",
        "team": "Unknown",
        "hits": 1,
        "rbi": 0
      },
      {
        "name": "Paul Goldschmidt",
        "team": "Unknown",
        "hits": 2,
        "rbi": 0
      },
      {
        "name": "Tommy Edman",
        "team": "Unknown",
        "hits": 0,
        "rbi": 0
      },
      {
        "name": "Brendan Donovan",
        "team": "Unknown",
        "hits": 1,
        "rbi": 0
      },
      {
        "name": "Yadier Molina",
        "team": "Unknown",
        "hits": 0,
        "rbi": 0
      },
      {
        "name": "Juan Yepez",
        "team": "Unknown",
        "hits": 0,
        "rbi": 0
      },
      {
        "name": "Bryan Reynolds",
        "team": "Unknown",
        "hits": 0,
        "rbi": 0
      },
      {
        "name": "Ben Gamel",
        "team": "Unknown",
        "hits": 1,
        "rbi": 0
      },
      {
        "name": "Rodolfo Castro",
        "team": "Unknown",
        "hits": 1,
        "rbi": 0
      },
      {
        "name": "Oneil Cruz",
        "team": "Unknown",
        "hits": 0,
        "rbi": 0
      },
      {
        "name": "Jos\u00e9 Godoy",
        "team": "Unknown",
        "hits": 0,
        "rbi": 0
      },
      {
        "name": "Ke'Bryan Hayes",
        "team": "Unknown",
        "hits": 1,
        "rbi": 0
      },
      {
        "name": "Cal Mitchell",
        "team": "Unknown",
        "hits": 0,
        "rbi": 0
      },
      {
        "name": "Miguel Andujar",
        "team": "Unknown",
        "hits": 0,
        "rbi": 0
      },
      {
        "name": "Kevin Newman",
        "team": "Unknown",
        "hits": 0,
        "rbi": 0
      },
      {
        "name": "Jack Suwinski",
        "team": "Unknown",
        "hits": 1,
        "rbi": 0
      },
      {
        "name": "Ji Hwan Bae",
        "team": "Unknown",
        "hits": 2,
        "rbi": 1
      }
    ],
    "pitcher_stats": [
      {
        "name": "Giovanny Gallegos",
        "team": "Unknown",
        "innings_pitched": "1.1",
        "strikeouts": 2,
        "earned_runs": 0
      },
      {
        "name": "Jack Flaherty",
        "team": "Unknown",
        "innings_pitched": "6.0",
        "strikeouts": 6,
        "earned_runs": 1
      },
      {
        "name": "Andre Pallante",
        "team": "Unknown",
        "innings_pitched": "0.2",
        "strikeouts": 1,
        "earned_runs": 0
      },
      {
        "name": "Ryan Helsley",
        "team": "Unknown",
        "innings_pitched": "1.0",
        "strikeouts": 1,
        "earned_runs": 0
      },
      {
        "name": "Yohan Ram\u00edrez",
        "team": "Unknown",
        "innings_pitched": "1.0",
        "strikeouts": 0,
        "earned_runs": 0
      },
      {
        "name": "Johan Oviedo",
        "team": "Unknown",
        "innings_pitched": "6.0",
        "strikeouts": 4,
        "earned_runs": 2
      },
      {
        "name": "Duane Underwood Jr.",
        "team": "Unknown",
        "innings_pitched": "1.0",
        "strikeouts": 1,
        "earned_runs": 0
      }
    ]
  },
  {
    "date": "2022-09-30",
    "home_team": "Los Angeles Angels",
    "away_team": "Texas Rangers",
    "home_score": 4,
    "away_score": 1,
    "status": "Final",
    "game_id": 663406,
    "starting_pitchers": {
      "home": "Reid Detmers",
      "away": "Glenn Otto"
    },
    "first_inning_runs": {
      "home": 0,
      "away": 0
    },
    "player_stats": [
      {
        "name": "Luis Rengifo",
        "team": "Unknown",
        "hits": 1,
        "rbi": 1
      },
      {
        "name": "Livan Soto",
        "team": "Unknown",
        "hits": 0,
        "rbi": 1
      },
      {
        "name": "Matt Thaiss",
        "team": "Unknown",
        "hits": 0,
        "rbi": 0
      },
      {
        "name": "Taylor Ward",
        "team": "Unknown",
        "hits": 2,
        "rbi": 1
      },
      {
        "name": "Mike Trout",
        "team": "Unknown",
        "hits": 2,
        "rbi": 0
      },
      {
        "name": "Jo Adell",
        "team": "Unknown",
        "hits": 2,
        "rbi": 1
      },
      {
        "name": "Shohei Ohtani",
        "team": "Unknown",
        "hits": 2,
        "rbi": 0
      },
      {
        "name": "Matt Duffy",
        "team": "Unknown",
        "hits": 1,
        "rbi": 0
      },
      {
        "name": "David Fletcher",
        "team": "Unknown",
        "hits": 0,
        "rbi": 0
      },
      {
        "name": "Logan O'Hoppe",
        "team": "Unknown",
        "hits": 1,
        "rbi": 0
      },
      {
        "name": "Bubba Thompson",
        "team": "Unknown",
        "hits": 0,
        "rbi": 0
      },
      {
        "name": "Mark Mathias",
        "team": "Unknown",
        "hits": 0,
        "rbi": 0
      },
      {
        "name": "Leody Taveras",
        "team": "Unknown",
        "hits": 0,
        "rbi": 0
      },
      {
        "name": "Nathaniel Lowe",
        "team": "Unknown",
        "hits": 0,
        "rbi": 0
      },
      {
        "name": "Corey Seager",
        "team": "Unknown",
        "hits": 1,
        "rbi": 0
      },
      {
        "name": "Marcus Semien",
        "team": "Unknown",
        "hits": 0,
        "rbi": 0
      },
      {
        "name": "Josh Jung",
        "team": "Unknown",
        "hits": 0,
        "rbi": 0
      },
      {
        "name": "Sam Huff",
        "team": "Unknown",
        "hits": 1,
        "rbi": 0
      },
      {
        "name": "Josh Smith",
        "team": "Unknown",
        "hits": 1,
        "rbi": 0
      },
      {
        "name": "Adolis Garc\u00eda",
        "team": "Unknown",
        "hits": 2,
        "rbi": 1
      }
    ],
    "pitcher_stats": [
      {
        "name": "Jimmy Herget",
        "team": "Unknown",
        "innings_pitched": "1.0",
        "strikeouts": 2,
        "earned_runs": 0
      },
      {
        "name": "Andrew Wantz",
        "team": "Unknown",
        "innings_pitched": "1.1",
        "strikeouts": 3,
        "earned_runs": 0
      },
      {
        "name": "Reid Detmers",
        "team": "Unknown",
        "innings_pitched": "6.0",
        "strikeouts": 9,
        "earned_runs": 1
      },
      {
        "name": "Jos\u00e9 Quijada",
        "team": "Unknown",
        "innings_pitched": "0.2",
        "strikeouts": 2,
        "earned_runs": 0
      },
      {
        "name": "Taylor Hearn",
        "team": "Unknown",
        "innings_pitched": "2.0",
        "strikeouts": 1,
        "earned_runs": 1
      },
      {
        "name": "Glenn Otto",
        "team": "Unknown",
        "innings_pitched": "6.0",
        "strikeouts": 7,
        "earned_runs": 3
      }
    ]
  },
  {
    "date": "2022-09-30",
    "home_team": "Seattle Mariners",
    "away_team": "Oakland Athletics",
    "home_score": 2,
    "away_score": 1,
    "status": "Final",
    "game_id": 661111,
    "starting_pitchers": {
      "home": "Logan Gilbert",
      "away": "Ken Waldichuk"
    },
    "first_inning_runs": {
      "home": 1,
      "away": 0
    },
    "player_stats": [
      {
        "name": "Luis Torrens",
        "team": "Unknown",
        "hits": 1,
        "rbi": 0
      },
      {
        "name": "Mitch Haniger",
        "team": "Unknown",
        "hits": 0,
        "rbi": 0
      },
      {
        "name": "J.P. Crawford",
        "team": "Unknown",
        "hits": 0,
        "rbi": 0
      },
      {
        "name": "Cal Raleigh",
        "team": "Unknown",
        "hits": 1,
        "rbi": 1
      },
      {
        "name": "Dylan Moore",
        "team": "Unknown",
        "hits": 1,
        "rbi": 0
      },
      {
        "name": "Eugenio Su\u00e1rez",
        "team": "Unknown",
        "hits": 0,
        "rbi": 0
      },
      {
        "name": "Ty France",
        "team": "Unknown",
        "hits": 2,
        "rbi": 1
      },
      {
        "name": "Sam Haggerty",
        "team": "Unknown",
        "hits": 0,
        "rbi": 0
      },
      {
        "name": "Jarred Kelenic",
        "team": "Unknown",
        "hits": 0,
        "rbi": 0
      },
      {
        "name": "Carlos Santana",
        "team": "Unknown",
        "hits": 1,
        "rbi": 0
      },
      {
        "name": "Nick Allen",
        "team": "Unknown",
        "hits": 0,
        "rbi": 0
      },
      {
        "name": "Conner Capel",
        "team": "Unknown",
        "hits": 0,
        "rbi": 0
      },
      {
        "name": "Jonah Bride",
        "team": "Unknown",
        "hits": 0,
        "rbi": 0
      },
      {
        "name": "Vimael Mach\u00edn",
        "team": "Unknown",
        "hits": 0,
        "rbi": 0
      },
      {
        "name": "Seth Brown",
        "team": "Unknown",
        "hits": 0,
        "rbi": 0
      },
      {
        "name": "Jordan Diaz",
        "team": "Unknown",
        "hits": 1,
        "rbi": 0
      },
      {
        "name": "Tony Kemp",
        "team": "Unknown",
        "hits": 1,
        "rbi": 0
      },
      {
        "name": "D\u00e9rmis Garcia",
        "team": "Unknown",
        "hits": 0,
        "rbi": 0
      },
      {
        "name": "Shea Langeliers",
        "team": "Unknown",
        "hits": 1,
        "rbi": 1
      }
    ],
    "pitcher_stats": [
      {
        "name": "Matt Brash",
        "team": "Unknown",
        "innings_pitched": "1.0",
        "strikeouts": 2,
        "earned_runs": 0
      },
      {
        "name": "Logan Gilbert",
        "team": "Unknown",
        "innings_pitched": "8.0",
        "strikeouts": 4,
        "earned_runs": 1
      },
      {
        "name": "Ken Waldichuk",
        "team": "Unknown",
        "innings_pitched": "5.0",
        "strikeouts": 8,
        "earned_runs": 1
      },
      {
        "name": "Tyler Cyr",
        "team": "Unknown",
        "innings_pitched": "1.0",
        "strikeouts": 1,
        "earned_runs": 0
      },
      {
        "name": "Austin Pruitt",
        "team": "Unknown",
        "innings_pitched": "1.0",
        "strikeouts": 1,
        "earned_runs": 0
      },
      {
        "name": "A.J. Puk",
        "team": "Unknown",
        "innings_pitched": "1.0",
        "strikeouts": 0,
        "earned_runs": 0
      },
      {
        "name": "Domingo Acevedo",
        "team": "Unknown",
        "innings_pitched": "0.2",
        "strikeouts": 2,
        "earned_runs": 1
      }
    ]
  },
  {
    "date": "2022-09-30",
    "home_team": "San Diego Padres",
    "away_team": "Chicago White Sox",
    "home_score": 1,
    "away_score": 3,
    "status": "Final",
    "game_id": 662208,
    "starting_pitchers": {
      "home": "Yu Darvish",
      "away": "Davis Martin"
    },
    "first_inning_runs": {
      "home": 0,
      "away": 0
    },
    "player_stats": [
      {
        "name": "Jurickson Profar",
        "team": "Unknown",
        "hits": 1,
        "rbi": 0
      },
      {
        "name": "Brandon Drury",
        "team": "Unknown",
        "hits": 2,
        "rbi": 0
      },
      {
        "name": "Josh Bell",
        "team": "Unknown",
        "hits": 1,
        "rbi": 1
      },
      {
        "name": "Manny Machado",
        "team": "Unknown",
        "hits": 0,
        "rbi": 0
      },
      {
        "name": "Wil Myers",
        "team": "Unknown",
        "hits": 0,
        "rbi": 0
      },
      {
        "name": "Juan Soto",
        "team": "Unknown",
        "hits": 1,
        "rbi": 0
      },
      {
        "name": "Trent Grisham",
        "team": "Unknown",
        "hits": 0,
        "rbi": 0
      },
      {
        "name": "Jake Cronenworth",
        "team": "Unknown",
        "hits": 1,
        "rbi": 0
      },
      {
        "name": "Ha-Seong Kim",
        "team": "Unknown",
        "hits": 1,
        "rbi": 0
      },
      {
        "name": "Austin Nola",
        "team": "Unknown",
        "hits": 0,
        "rbi": 0
      },
      {
        "name": "Yo\u00e1n Moncada",
        "team": "Unknown",
        "hits": 3,
        "rbi": 1
      },
      {
        "name": "Mark Payton",
        "team": "Unknown",
        "hits": 0,
        "rbi": 0
      },
      {
        "name": "Josh Harrison",
        "team": "Unknown",
        "hits": 0,
        "rbi": 0
      },
      {
        "name": "Carlos P\u00e9rez",
        "team": "Unknown",
        "hits": 0,
        "rbi": 0
      },
      {
        "name": "Andrew Vaughn",
        "team": "Unknown",
        "hits": 1,
        "rbi": 1
      },
      {
        "name": "Jos\u00e9 Abreu",
        "team": "Unknown",
        "hits": 0,
        "rbi": 0
      },
      {
        "name": "Gavin Sheets",
        "team": "Unknown",
        "hits": 2,
        "rbi": 0
      },
      {
        "name": "Adam Engel",
        "team": "Unknown",
        "hits": 0,
        "rbi": 0
      },
      {
        "name": "Eloy Jim\u00e9nez",
        "team": "Unknown",
        "hits": 1,
        "rbi": 1
      },
      {
        "name": "Elvis Andrus",
        "team": "Unknown",
        "hits": 1,
        "rbi": 0
      }
    ],
    "pitcher_stats": [
      {
        "name": "Robert Suarez",
        "team": "Unknown",
        "innings_pitched": "1.0",
        "strikeouts": 2,
        "earned_runs": 0
      },
      {
        "name": "Nick Martinez",
        "team": "Unknown",
        "innings_pitched": "1.0",
        "strikeouts": 1,
        "earned_runs": 0
      },
      {
        "name": "Yu Darvish",
        "team": "Unknown",
        "innings_pitched": "6.0",
        "strikeouts": 6,
        "earned_runs": 3
      },
      {
        "name": "Luis Garc\u00eda",
        "team": "Unknown",
        "innings_pitched": "1.0",
        "strikeouts": 1,
        "earned_runs": 0
      },
      {
        "name": "Davis Martin",
        "team": "Unknown",
        "innings_pitched": "5.2",
        "strikeouts": 8,
        "earned_runs": 1
      },
      {
        "name": "Liam Hendriks",
        "team": "Unknown",
        "innings_pitched": "1.0",
        "strikeouts": 2,
        "earned_runs": 0
      },
      {
        "name": "Kendall Graveman",
        "team": "Unknown",
        "innings_pitched": "0.2",
        "strikeouts": 1,
        "earned_runs": 0
      },
      {
        "name": "Aaron Bummer",
        "team": "Unknown",
        "innings_pitched": "0.1",
        "strikeouts": 1,
        "earned_runs": 0
      },
      {
        "name": "Jimmy Lambert",
        "team": "Unknown",
        "innings_pitched": "1.0",
        "strikeouts": 2,
        "earned_runs": 0
      },
      {
        "name": "Joe Kelly",
        "team": "Unknown",
        "innings_pitched": "0.1",
        "strikeouts": 1,
        "earned_runs": 0
      }
    ]
  },
  {
    "date": "2022-09-30",
    "home_team": "Los Angeles Dodgers",
    "away_team": "Colorado Rockies",
    "home_score": 10,
    "away_score": 1,
    "status": "Final",
    "game_id": 662596,
    "starting_pitchers": {
      "home": "Clayton Kershaw",
      "away": "Chad Kuhl"
    },
    "first_inning_runs": {
      "home": 0,
      "away": 0
    },
    "player_stats": [
      {
        "name": "Will Smith",
        "team": "Unknown",
        "hits": 2,
        "rbi": 1
      },
      {
        "name": "Chris Taylor",
        "team": "Unknown",
        "hits": 3,
        "rbi": 2
      },
      {
        "name": "Max Muncy",
        "team": "Unknown",
        "hits": 1,
        "rbi": 1
      },
      {
        "name": "Freddie Freeman",
        "team": "Unknown",
        "hits": 1,
        "rbi": 0
      },
      {
        "name": "Hanser Alberto",
        "team": "Unknown",
        "hits": 1,
        "rbi": 1
      },
      {
        "name": "Cody Bellinger",
        "team": "Unknown",
        "hits": 2,
        "rbi": 3
      },
      {
        "name": "Gavin Lux",
        "team": "Unknown",
        "hits": 1,
        "rbi": 0
      },
      {
        "name": "Trayce Thompson",
        "team": "Unknown",
        "hits": 1,
        "rbi": 1
      },
      {
        "name": "Mookie Betts",
        "team": "Unknown",
        "hits": 3,
        "rbi": 1
      },
      {
        "name": "Joey Gallo",
        "team": "Unknown",
        "hits": 0,
        "rbi": 0
      },
      {
        "name": "Trea Turner",
        "team": "Unknown",
        "hits": 0,
        "rbi": 0
      },
      {
        "name": "Miguel Vargas",
        "team": "Unknown",
        "hits": 0,
        "rbi": 0
      },
      {
        "name": "Brendan Rodgers",
        "team": "Unknown",
        "hits": 3,
        "rbi": 0
      },
      {
        "name": "Michael Toglia",
        "team": "Unknown",
        "hits": 0,
        "rbi": 0
      },
      {
        "name": "Yonathan Daza",
        "team": "Unknown",
        "hits": 1,
        "rbi": 0
      },
      {
        "name": "Jose Iglesias",
        "team": "Unknown",
        "hits": 1,
        "rbi": 0
      },
      {
        "name": "Ryan McMahon",
        "team": "Unknown",
        "hits": 1,
        "rbi": 0
      },
      {
        "name": "C.J. Cron",
        "team": "Unknown",
        "hits": 0,
        "rbi": 0
      },
      {
        "name": "Sean Bouchard",
        "team": "Unknown",
        "hits": 1,
        "rbi": 0
      },
      {
        "name": "Elias D\u00edaz",
        "team": "Unknown",
        "hits": 0,
        "rbi": 1
      },
      {
        "name": "Ezequiel Tovar",
        "team": "Unknown",
        "hits": 0,
        "rbi": 0
      },
      {
        "name": "Elehuris Montero",
        "team": "Unknown",
        "hits": 0,
        "rbi": 0
      }
    ],
    "pitcher_stats": [
      {
        "name": "Hanser Alberto",
        "team": "Unknown",
        "innings_pitched": "1.0",
        "strikeouts": 0,
        "earned_runs": 1
      },
      {
        "name": "Yency Almonte",
        "team": "Unknown",
        "innings_pitched": "1.0",
        "strikeouts": 2,
        "earned_runs": 0
      },
      {
        "name": "David Price",
        "team": "Unknown",
        "innings_pitched": "1.0",
        "strikeouts": 0,
        "earned_runs": 0
      },
      {
        "name": "Clayton Kershaw",
        "team": "Unknown",
        "innings_pitched": "6.0",
        "strikeouts": 4,
        "earned_runs": 0
      },
      {
        "name": "Alex Colom\u00e9",
        "team": "Unknown",
        "innings_pitched": "1.0",
        "strikeouts": 1,
        "earned_runs": 0
      },
      {
        "name": "Ty Blach",
        "team": "Unknown",
        "innings_pitched": "2.0",
        "strikeouts": 3,
        "earned_runs": 1
      },
      {
        "name": "Chad Kuhl",
        "team": "Unknown",
        "innings_pitched": "3.1",
        "strikeouts": 2,
        "earned_runs": 6
      },
      {
        "name": "Jake Bird",
        "team": "Unknown",
        "innings_pitched": "1.2",
        "strikeouts": 2,
        "earned_runs": 3
      }
    ]
  },
  {
    "date": "2022-09-30",
    "home_team": "San Francisco Giants",
    "away_team": "Arizona Diamondbacks",
    "home_score": 10,
    "away_score": 4,
    "status": "Final",
    "game_id": 662049,
    "starting_pitchers": {
      "home": "Alex Cobb",
      "away": "Merrill Kelly"
    },
    "first_inning_runs": {
      "home": 4,
      "away": 1
    },
    "player_stats": [
      {
        "name": "Thairo Estrada",
        "team": "Unknown",
        "hits": 0,
        "rbi": 0
      },
      {
        "name": "Austin Wynns",
        "team": "Unknown",
        "hits": 2,
        "rbi": 1
      },
      {
        "name": "Joc Pederson",
        "team": "Unknown",
        "hits": 2,
        "rbi": 0
      },
      {
        "name": "Brandon Crawford",
        "team": "Unknown",
        "hits": 1,
        "rbi": 0
      },
      {
        "name": "Wilmer Flores",
        "team": "Unknown",
        "hits": 1,
        "rbi": 1
      },
      {
        "name": "Mike Yastrzemski",
        "team": "Unknown",
        "hits": 2,
        "rbi": 2
      },
      {
        "name": "Evan Longoria",
        "team": "Unknown",
        "hits": 2,
        "rbi": 5
      },
      {
        "name": "Austin Slater",
        "team": "Unknown",
        "hits": 1,
        "rbi": 0
      },
      {
        "name": "Jason Vosler",
        "team": "Unknown",
        "hits": 1,
        "rbi": 0
      },
      {
        "name": "Josh Rojas",
        "team": "Unknown",
        "hits": 2,
        "rbi": 1
      },
      {
        "name": "Jake McCarthy",
        "team": "Unknown",
        "hits": 3,
        "rbi": 0
      },
      {
        "name": "Daulton Varsho",
        "team": "Unknown",
        "hits": 0,
        "rbi": 0
      },
      {
        "name": "Carson Kelly",
        "team": "Unknown",
        "hits": 2,
        "rbi": 0
      },
      {
        "name": "Geraldo Perdomo",
        "team": "Unknown",
        "hits": 1,
        "rbi": 1
      },
      {
        "name": "Corbin Carroll",
        "team": "Unknown",
        "hits": 1,
        "rbi": 0
      },
      {
        "name": "Christian Walker",
        "team": "Unknown",
        "hits": 1,
        "rbi": 1
      },
      {
        "name": "Pavin Smith",
        "team": "Unknown",
        "hits": 0,
        "rbi": 0
      },
      {
        "name": "Emmanuel Rivera",
        "team": "Unknown",
        "hits": 1,
        "rbi": 1
      }
    ],
    "pitcher_stats": [
      {
        "name": "Yunior Marte",
        "team": "Unknown",
        "innings_pitched": "1.0",
        "strikeouts": 0,
        "earned_runs": 0
      },
      {
        "name": "Alex Cobb",
        "team": "Unknown",
        "innings_pitched": "5.0",
        "strikeouts": 5,
        "earned_runs": 4
      },
      {
        "name": "Thomas Szapucki",
        "team": "Unknown",
        "innings_pitched": "1.0",
        "strikeouts": 2,
        "earned_runs": 0
      },
      {
        "name": "Alex Young",
        "team": "Unknown",
        "innings_pitched": "2.0",
        "strikeouts": 1,
        "earned_runs": 0
      },
      {
        "name": "Ian Kennedy",
        "team": "Unknown",
        "innings_pitched": "1.0",
        "strikeouts": 1,
        "earned_runs": 0
      },
      {
        "name": "Merrill Kelly",
        "team": "Unknown",
        "innings_pitched": "4.2",
        "strikeouts": 2,
        "earned_runs": 8
      },
      {
        "name": "Sean Poppen",
        "team": "Unknown",
        "innings_pitched": "1.1",
        "strikeouts": 2,
        "earned_runs": 2
      },
      {
        "name": "Taylor Widener",
        "team": "Unknown",
        "innings_pitched": "1.0",
        "strikeouts": 0,
        "earned_runs": 0
      }
    ]
  },
  {
    "date": "2022-09-30",
    "home_team": "Washington Nationals",
    "away_team": "Philadelphia Phillies",
    "home_score": "0",
    "away_score": "0",
    "status": "Postponed",
    "game_id": 661098,
    "starting_pitchers": {
      "home": "Tommy Romero",
      "away": "Noah Syndergaard"
    },
    "first_inning_runs": {
      "home": 0,
      "away": 1
    },
    "player_stats": [
      {
        "name": "Tres Barrera",
        "team": "Unknown",
        "hits": 0,
        "rbi": 0
      },
      {
        "name": "Victor Robles",
        "team": "Unknown",
        "hits": 0,
        "rbi": 0
      },
      {
        "name": "CJ Abrams",
        "team": "Unknown",
        "hits": 0,
        "rbi": 0
      },
      {
        "name": "Joey Meneses",
        "team": "Unknown",
        "hits": 1,
        "rbi": 0
      },
      {
        "name": "Ildemaro Vargas",
        "team": "Unknown",
        "hits": 0,
        "rbi": 1
      },
      {
        "name": "Luke Voit",
        "team": "Unknown",
        "hits": 0,
        "rbi": 0
      },
      {
        "name": "Joshua Palacios",
        "team": "Unknown",
        "hits": 1,
        "rbi": 0
      },
      {
        "name": "Lane Thomas",
        "team": "Unknown",
        "hits": 1,
        "rbi": 0
      },
      {
        "name": "C\u00e9sar Hern\u00e1ndez",
        "team": "Unknown",
        "hits": 2,
        "rbi": 0
      },
      {
        "name": "Luis Garc\u00eda Jr.",
        "team": "Unknown",
        "hits": 1,
        "rbi": 1
      },
      {
        "name": "Jean Segura",
        "team": "Unknown",
        "hits": 1,
        "rbi": 0
      },
      {
        "name": "Brandon Marsh",
        "team": "Unknown",
        "hits": 1,
        "rbi": 1
      },
      {
        "name": "Nick Maton",
        "team": "Unknown",
        "hits": 0,
        "rbi": 0
      },
      {
        "name": "Bryce Harper",
        "team": "Unknown",
        "hits": 0,
        "rbi": 0
      },
      {
        "name": "Alec Bohm",
        "team": "Unknown",
        "hits": 1,
        "rbi": 2
      },
      {
        "name": "Bryson Stott",
        "team": "Unknown",
        "hits": 1,
        "rbi": 0
      },
      {
        "name": "Kyle Schwarber",
        "team": "Unknown",
        "hits": 3,
        "rbi": 2
      },
      {
        "name": "Garrett Stubbs",
        "team": "Unknown",
        "hits": 0,
        "rbi": 0
      },
      {
        "name": "Matt Vierling",
        "team": "Unknown",
        "hits": 2,
        "rbi": 3
      },
      {
        "name": "Rhys Hoskins",
        "team": "Unknown",
        "hits": 1,
        "rbi": 0
      }
    ],
    "pitcher_stats": [
      {
        "name": "Steve Cishek",
        "team": "Unknown",
        "innings_pitched": "1.0",
        "strikeouts": 0,
        "earned_runs": 0
      },
      {
        "name": "Mason Thompson",
        "team": "Unknown",
        "innings_pitched": "1.1",
        "strikeouts": 1,
        "earned_runs": 0
      },
      {
        "name": "Ildemaro Vargas",
        "team": "Unknown",
        "innings_pitched": "1.0",
        "strikeouts": 0,
        "earned_runs": 0
      },
      {
        "name": "Carl Edwards Jr.",
        "team": "Unknown",
        "innings_pitched": "1.0",
        "strikeouts": 0,
        "earned_runs": 0
      },
      {
        "name": "Erasmo Ram\u00edrez",
        "team": "Unknown",
        "innings_pitched": "1.0",
        "strikeouts": 0,
        "earned_runs": 0
      },
      {
        "name": "Tommy Romero",
        "team": "Unknown",
        "innings_pitched": "3.2",
        "strikeouts": 2,
        "earned_runs": 6
      },
      {
        "name": "Cristopher S\u00e1nchez",
        "team": "Unknown",
        "innings_pitched": "3.0",
        "strikeouts": 1,
        "earned_runs": 2
      },
      {
        "name": "Connor Brogdon",
        "team": "Unknown",
        "innings_pitched": "0.1",
        "strikeouts": 0,
        "earned_runs": 0
      },
      {
        "name": "Noah Syndergaard",
        "team": "Unknown",
        "innings_pitched": "5.2",
        "strikeouts": 3,
        "earned_runs": 0
      }
    ]
  }
]