[
  {
    "date": "2022-10-19",
    "home_team": "San Diego Padres",
    "away_team": "Philadelphia Phillies",
    "home_score": 8,
    "away_score": 5,
    "status": "Final",
    "game_id": 715730,
    "starting_pitchers": {
      "home": "Blake Snell",
      "away": "Aaron Nola"
    },
    "first_inning_runs": {
      "home": 0,
      "away": 0
    },
    "player_stats": [
      {
        "name": "Jurickson Profar",
        "team": "Unknown",
        "hits": 1,
        "rbi": 0
      },
      {
        "name": "Brandon Drury",
        "team": "Unknown",
        "hits": 2,
        "rbi": 3
      },
      {
        "name": "Josh Bell",
        "team": "Unknown",
        "hits": 3,
        "rbi": 2
      },
      {
        "name": "Manny Machado",
        "team": "Unknown",
        "hits": 3,
        "rbi": 1
      },
      {
        "name": "Juan Soto",
        "team": "Unknown",
        "hits": 1,
        "rbi": 1
      },
      {
        "name": "Trent Grisham",
        "team": "Unknown",
        "hits": 0,
        "rbi": 0
      },
      {
        "name": "Jake Cronenworth",
        "team": "Unknown",
        "hits": 1,
        "rbi": 0
      },
      {
        "name": "Ha-Seong Kim",
        "team": "Unknown",
        "hits": 1,
        "rbi": 0
      },
      {
        "name": "Austin Nola",
        "team": "Unknown",
        "hits": 1,
        "rbi": 1
      },
      {
        "name": "Jean Segura",
        "team": "Unknown",
        "hits": 0,
        "rbi": 0
      },
      {
        "name": "Bryce Harper",
        "team": "Unknown",
        "hits": 2,
        "rbi": 0
      },
      {
        "name": "J.T. Realmuto",
        "team": "Unknown",
        "hits": 1,
        "rbi": 0
      },
      {
        "name": "Edmundo Sosa",
        "team": "Unknown",
        "hits": 1,
        "rbi": 1
      },
      {
        "name": "Nick Castellanos",
        "team": "Unknown",
        "hits": 1,
        "rbi": 0
      },
      {
        "name": "Alec Bohm",
        "team": "Unknown",
        "hits": 1,
        "rbi": 1
      },
      {
        "name": "Bryson Stott",
        "team": "Unknown",
        "hits": 0,
        "rbi": 0
      },
      {
        "name": "Kyle Schwarber",
        "team": "Unknown",
        "hits": 0,
        "rbi": 1
      },
      {
        "name": "Matt Vierling",
        "team": "Unknown",
        "hits": 1,
        "rbi": 1
      },
      {
        "name": "Rhys Hoskins",
        "team": "Unknown",
        "hits": 1,
        "rbi": 1
      }
    ],
    "pitcher_stats": [
      {
        "name": "Robert Suarez",
        "team": "Unknown",
        "innings_pitched": "1.0",
        "strikeouts": 1,
        "earned_runs": 1
      },
      {
        "name": "Josh Hader",
        "team": "Unknown",
        "innings_pitched": "1.0",
        "strikeouts": 3,
        "earned_runs": 0
      },
      {
        "name": "Nick Martinez",
        "team": "Unknown",
        "innings_pitched": "2.0",
        "strikeouts": 3,
        "earned_runs": 0
      },
      {
        "name": "Blake Snell",
        "team": "Unknown",
        "innings_pitched": "5.0",
        "strikeouts": 6,
        "earned_runs": 4
      },
      {
        "name": "Connor Brogdon",
        "team": "Unknown",
        "innings_pitched": "1.0",
        "strikeouts": 2,
        "earned_runs": 0
      },
      {
        "name": "Andrew Bellatti",
        "team": "Unknown",
        "innings_pitched": "0.1",
        "strikeouts": 1,
        "earned_runs": 0
      },
      {
        "name": "Aaron Nola",
        "team": "Unknown",
        "innings_pitched": "4.2",
        "strikeouts": 6,
        "earned_runs": 6
      },
      {
        "name": "Brad Hand",
        "team": "Unknown",
        "innings_pitched": "0.0",
        "strikeouts": 0,
        "earned_runs": 1
      },
      {
        "name": "Kyle Gibson",
        "team": "Unknown",
        "innings_pitched": "1.1",
        "strikeouts": 1,
        "earned_runs": 0
      },
      {
        "name": "David Robertson",
        "team": "Unknown",
        "innings_pitched": "0.2",
        "strikeouts": 0,
        "earned_runs": 1
      }
    ]
  },
  {
    "date": "2022-10-19",
    "home_team": "Houston Astros",
    "away_team": "New York Yankees",
    "home_score": 4,
    "away_score": 2,
    "status": "Final",
    "game_id": 715738,
    "starting_pitchers": {
      "home": "Justin Verlander",
      "away": "Jameson Taillon"
    },
    "first_inning_runs": {
      "home": 0,
      "away": 0
    },
    "player_stats": [
      {
        "name": "Jose Altuve",
        "team": "Unknown",
        "hits": 0,
        "rbi": 0
      },
      {
        "name": "Mart\u00edn Maldonado",
        "team": "Unknown",
        "hits": 1,
        "rbi": 1
      },
      {
        "name": "Jeremy Pe\u00f1a",
        "team": "Unknown",
        "hits": 3,
        "rbi": 1
      },
      {
        "name": "Kyle Tucker",
        "team": "Unknown",
        "hits": 0,
        "rbi": 0
      },
      {
        "name": "Aledmys D\u00edaz",
        "team": "Unknown",
        "hits": 0,
        "rbi": 0
      },
      {
        "name": "Alex Bregman",
        "team": "Unknown",
        "hits": 0,
        "rbi": 0
      },
      {
        "name": "Yuli Gurriel",
        "team": "Unknown",
        "hits": 1,
        "rbi": 1
      },
      {
        "name": "Chas McCormick",
        "team": "Unknown",
        "hits": 2,
        "rbi": 1
      },
      {
        "name": "Yordan Alvarez",
        "team": "Unknown",
        "hits": 0,
        "rbi": 0
      },
      {
        "name": "Anthony Rizzo",
        "team": "Unknown",
        "hits": 1,
        "rbi": 1
      },
      {
        "name": "Matt Carpenter",
        "team": "Unknown",
        "hits": 0,
        "rbi": 0
      },
      {
        "name": "Aaron Judge",
        "team": "Unknown",
        "hits": 0,
        "rbi": 0
      },
      {
        "name": "Isiah Kiner-Falefa",
        "team": "Unknown",
        "hits": 1,
        "rbi": 0
      },
      {
        "name": "Josh Donaldson",
        "team": "Unknown",
        "hits": 0,
        "rbi": 0
      },
      {
        "name": "Gleyber Torres",
        "team": "Unknown",
        "hits": 0,
        "rbi": 0
      },
      {
        "name": "Jose Trevino",
        "team": "Unknown",
        "hits": 0,
        "rbi": 0
      },
      {
        "name": "Harrison Bader",
        "team": "Unknown",
        "hits": 1,
        "rbi": 1
      },
      {
        "name": "Giancarlo Stanton",
        "team": "Unknown",
        "hits": 2,
        "rbi": 0
      }
    ],
    "pitcher_stats": [
      {
        "name": "H\u00e9ctor Neris",
        "team": "Unknown",
        "innings_pitched": "1.0",
        "strikeouts": 1,
        "earned_runs": 0
      },
      {
        "name": "Rafael Montero",
        "team": "Unknown",
        "innings_pitched": "0.2",
        "strikeouts": 2,
        "earned_runs": 1
      },
      {
        "name": "Ryan Pressly",
        "team": "Unknown",
        "innings_pitched": "1.1",
        "strikeouts": 3,
        "earned_runs": 0
      },
      {
        "name": "Justin Verlander",
        "team": "Unknown",
        "innings_pitched": "6.0",
        "strikeouts": 11,
        "earned_runs": 1
      },
      {
        "name": "Lou Trivino",
        "team": "Unknown",
        "innings_pitched": "0.2",
        "strikeouts": 1,
        "earned_runs": 0
      },
      {
        "name": "Clarke Schmidt",
        "team": "Unknown",
        "innings_pitched": "1.0",
        "strikeouts": 0,
        "earned_runs": 2
      },
      {
        "name": "Jameson Taillon",
        "team": "Unknown",
        "innings_pitched": "4.1",
        "strikeouts": 0,
        "earned_runs": 1
      },
      {
        "name": "Frankie Montas",
        "team": "Unknown",
        "innings_pitched": "1.0",
        "strikeouts": 1,
        "earned_runs": 1
      },
      {
        "name": "Miguel Castro",
        "team": "Unknown",
        "innings_pitched": "1.0",
        "strikeouts": 0,
        "earned_runs": 0
      }
    ]
  }
]