[
  {
    "date": "2023-04-18",
    "home_team": "Detroit Tigers",
    "away_team": "Cleveland Guardians",
    "home_score": 4,
    "away_score": 3,
    "status": "Final",
    "game_id": 718530,
    "starting_pitchers": {
      "home": "Matthew Boyd",
      "away": "Hunter Gaddis"
    },
    "first_inning_runs": {
      "home": 1,
      "away": 0
    },
    "player_stats": [
      {
        "name": "Nick Maton",
        "team": "Unknown",
        "hits": 0,
        "rbi": 0
      },
      {
        "name": "Zach McKinstry",
        "team": "Unknown",
        "hits": 2,
        "rbi": 0
      },
      {
        "name": "Javier B\u00e1ez",
        "team": "Unknown",
        "hits": 1,
        "rbi": 2
      },
      {
        "name": "Riley Greene",
        "team": "Unknown",
        "hits": 3,
        "rbi": 0
      },
      {
        "name": "Kerry Carpenter",
        "team": "Unknown",
        "hits": 3,
        "rbi": 2
      },
      {
        "name": "Spencer Torkelson",
        "team": "Unknown",
        "hits": 1,
        "rbi": 0
      },
      {
        "name": "Miguel Cabrera",
        "team": "Unknown",
        "hits": 0,
        "rbi": 0
      },
      {
        "name": "Akil Baddoo",
        "team": "Unknown",
        "hits": 0,
        "rbi": 0
      },
      {
        "name": "Eric Haase",
        "team": "Unknown",
        "hits": 4,
        "rbi": 0
      },
      {
        "name": "Josh Naylor",
        "team": "Unknown",
        "hits": 0,
        "rbi": 0
      },
      {
        "name": "Mike Zunino",
        "team": "Unknown",
        "hits": 0,
        "rbi": 0
      },
      {
        "name": "Josh Bell",
        "team": "Unknown",
        "hits": 1,
        "rbi": 1
      },
      {
        "name": "Andr\u00e9s Gim\u00e9nez",
        "team": "Unknown",
        "hits": 1,
        "rbi": 0
      },
      {
        "name": "Oscar Gonzalez",
        "team": "Unknown",
        "hits": 1,
        "rbi": 2
      },
      {
        "name": "Gabriel Arias",
        "team": "Unknown",
        "hits": 1,
        "rbi": 0
      },
      {
        "name": "Tyler Freeman",
        "team": "Unknown",
        "hits": 2,
        "rbi": 0
      },
      {
        "name": "Jos\u00e9 Ram\u00edrez",
        "team": "Unknown",
        "hits": 1,
        "rbi": 0
      },
      {
        "name": "Steven Kwan",
        "team": "Unknown",
        "hits": 1,
        "rbi": 0
      },
      {
        "name": "Myles Straw",
        "team": "Unknown",
        "hits": 0,
        "rbi": 0
      }
    ],
    "pitcher_stats": [
      {
        "name": "Mason Englert",
        "team": "Unknown",
        "innings_pitched": "3.0",
        "strikeouts": 2,
        "earned_runs": 0
      },
      {
        "name": "Matthew Boyd",
        "team": "Unknown",
        "innings_pitched": "5.0",
        "strikeouts": 4,
        "earned_runs": 3
      },
      {
        "name": "Alex Lange",
        "team": "Unknown",
        "innings_pitched": "1.0",
        "strikeouts": 1,
        "earned_runs": 0
      },
      {
        "name": "Eli Morgan",
        "team": "Unknown",
        "innings_pitched": "1.2",
        "strikeouts": 2,
        "earned_runs": 0
      },
      {
        "name": "James Karinchak",
        "team": "Unknown",
        "innings_pitched": "1.0",
        "strikeouts": 0,
        "earned_runs": 1
      },
      {
        "name": "Nick Sandlin",
        "team": "Unknown",
        "innings_pitched": "1.0",
        "strikeouts": 1,
        "earned_runs": 0
      },
      {
        "name": "Hunter Gaddis",
        "team": "Unknown",
        "innings_pitched": "5.0",
        "strikeouts": 1,
        "earned_runs": 3
      }
    ]
  },
  {
    "date": "2023-04-18",
    "home_team": "Detroit Tigers",
    "away_team": "Cleveland Guardians",
    "home_score": 1,
    "away_score": 0,
    "status": "Final",
    "game_id": 718541,
    "starting_pitchers": {
      "home": "Eduardo Rodriguez",
      "away": "Peyton Battenfield"
    },
    "first_inning_runs": {
      "home": 0,
      "away": 0
    },
    "player_stats": [
      {
        "name": "Nick Maton",
        "team": "Unknown",
        "hits": 0,
        "rbi": 0
      },
      {
        "name": "Javier B\u00e1ez",
        "team": "Unknown",
        "hits": 1,
        "rbi": 0
      },
      {
        "name": "Riley Greene",
        "team": "Unknown",
        "hits": 1,
        "rbi": 1
      },
      {
        "name": "Jonathan Schoop",
        "team": "Unknown",
        "hits": 1,
        "rbi": 0
      },
      {
        "name": "Kerry Carpenter",
        "team": "Unknown",
        "hits": 0,
        "rbi": 0
      },
      {
        "name": "Tyler Nevin",
        "team": "Unknown",
        "hits": 1,
        "rbi": 0
      },
      {
        "name": "Spencer Torkelson",
        "team": "Unknown",
        "hits": 1,
        "rbi": 0
      },
      {
        "name": "Jake Rogers",
        "team": "Unknown",
        "hits": 0,
        "rbi": 0
      },
      {
        "name": "Matt Vierling",
        "team": "Unknown",
        "hits": 0,
        "rbi": 0
      },
      {
        "name": "Josh Naylor",
        "team": "Unknown",
        "hits": 0,
        "rbi": 0
      },
      {
        "name": "Cam Gallagher",
        "team": "Unknown",
        "hits": 0,
        "rbi": 0
      },
      {
        "name": "Will Brennan",
        "team": "Unknown",
        "hits": 0,
        "rbi": 0
      },
      {
        "name": "Josh Bell",
        "team": "Unknown",
        "hits": 1,
        "rbi": 0
      },
      {
        "name": "Andr\u00e9s Gim\u00e9nez",
        "team": "Unknown",
        "hits": 0,
        "rbi": 0
      },
      {
        "name": "Oscar Gonzalez",
        "team": "Unknown",
        "hits": 1,
        "rbi": 0
      },
      {
        "name": "Gabriel Arias",
        "team": "Unknown",
        "hits": 1,
        "rbi": 0
      },
      {
        "name": "Jos\u00e9 Ram\u00edrez",
        "team": "Unknown",
        "hits": 0,
        "rbi": 0
      },
      {
        "name": "Steven Kwan",
        "team": "Unknown",
        "hits": 0,
        "rbi": 0
      },
      {
        "name": "Myles Straw",
        "team": "Unknown",
        "hits": 1,
        "rbi": 0
      }
    ],
    "pitcher_stats": [
      {
        "name": "Eduardo Rodriguez",
        "team": "Unknown",
        "innings_pitched": "8.0",
        "strikeouts": 10,
        "earned_runs": 0
      },
      {
        "name": "Jason Foley",
        "team": "Unknown",
        "innings_pitched": "1.0",
        "strikeouts": 1,
        "earned_runs": 0
      },
      {
        "name": "Xzavion Curry",
        "team": "Unknown",
        "innings_pitched": "2.0",
        "strikeouts": 3,
        "earned_runs": 0
      },
      {
        "name": "Peyton Battenfield",
        "team": "Unknown",
        "innings_pitched": "6.0",
        "strikeouts": 5,
        "earned_runs": 1
      }
    ]
  },
  {
    "date": "2023-04-18",
    "home_team": "Chicago White Sox",
    "away_team": "Philadelphia Phillies",
    "home_score": 4,
    "away_score": 7,
    "status": "Final",
    "game_id": 718525,
    "starting_pitchers": {
      "home": "Lance Lynn",
      "away": "Zack Wheeler"
    },
    "first_inning_runs": {
      "home": 0,
      "away": 3
    },
    "player_stats": [
      {
        "name": "Lenyn Sosa",
        "team": "Unknown",
        "hits": 1,
        "rbi": 0
      },
      {
        "name": "Yasmani Grandal",
        "team": "Unknown",
        "hits": 1,
        "rbi": 0
      },
      {
        "name": "Jake Burger",
        "team": "Unknown",
        "hits": 0,
        "rbi": 0
      },
      {
        "name": "Romy Gonzalez",
        "team": "Unknown",
        "hits": 0,
        "rbi": 0
      },
      {
        "name": "Andrew Vaughn",
        "team": "Unknown",
        "hits": 1,
        "rbi": 2
      },
      {
        "name": "Andrew Benintendi",
        "team": "Unknown",
        "hits": 2,
        "rbi": 0
      },
      {
        "name": "Eloy Jim\u00e9nez",
        "team": "Unknown",
        "hits": 1,
        "rbi": 0
      },
      {
        "name": "Elvis Andrus",
        "team": "Unknown",
        "hits": 1,
        "rbi": 0
      },
      {
        "name": "Luis Robert Jr.",
        "team": "Unknown",
        "hits": 1,
        "rbi": 2
      },
      {
        "name": "Oscar Col\u00e1s",
        "team": "Unknown",
        "hits": 0,
        "rbi": 0
      },
      {
        "name": "Brandon Marsh",
        "team": "Unknown",
        "hits": 1,
        "rbi": 0
      },
      {
        "name": "J.T. Realmuto",
        "team": "Unknown",
        "hits": 2,
        "rbi": 0
      },
      {
        "name": "Nick Castellanos",
        "team": "Unknown",
        "hits": 3,
        "rbi": 1
      },
      {
        "name": "Alec Bohm",
        "team": "Unknown",
        "hits": 2,
        "rbi": 2
      },
      {
        "name": "Josh Harrison",
        "team": "Unknown",
        "hits": 3,
        "rbi": 4
      },
      {
        "name": "Bryson Stott",
        "team": "Unknown",
        "hits": 2,
        "rbi": 0
      },
      {
        "name": "Kyle Schwarber",
        "team": "Unknown",
        "hits": 0,
        "rbi": 0
      },
      {
        "name": "Jake Cave",
        "team": "Unknown",
        "hits": 1,
        "rbi": 0
      },
      {
        "name": "Trea Turner",
        "team": "Unknown",
        "hits": 0,
        "rbi": 0
      }
    ],
    "pitcher_stats": [
      {
        "name": "Jake Diekman",
        "team": "Unknown",
        "innings_pitched": "1.0",
        "strikeouts": 2,
        "earned_runs": 0
      },
      {
        "name": "Lance Lynn",
        "team": "Unknown",
        "innings_pitched": "5.1",
        "strikeouts": 7,
        "earned_runs": 5
      },
      {
        "name": "Gregory Santos",
        "team": "Unknown",
        "innings_pitched": "1.0",
        "strikeouts": 1,
        "earned_runs": 0
      },
      {
        "name": "Jimmy Lambert",
        "team": "Unknown",
        "innings_pitched": "1.2",
        "strikeouts": 3,
        "earned_runs": 2
      },
      {
        "name": "Jos\u00e9 Alvarado",
        "team": "Unknown",
        "innings_pitched": "1.0",
        "strikeouts": 2,
        "earned_runs": 0
      },
      {
        "name": "Zack Wheeler",
        "team": "Unknown",
        "innings_pitched": "5.0",
        "strikeouts": 5,
        "earned_runs": 4
      },
      {
        "name": "Gregory Soto",
        "team": "Unknown",
        "innings_pitched": "1.0",
        "strikeouts": 2,
        "earned_runs": 0
      },
      {
        "name": "Seranthony Dom\u00ednguez",
        "team": "Unknown",
        "innings_pitched": "1.0",
        "strikeouts": 2,
        "earned_runs": 0
      },
      {
        "name": "Craig Kimbrel",
        "team": "Unknown",
        "innings_pitched": "1.0",
        "strikeouts": 2,
        "earned_runs": 0
      }
    ]
  },
  {
    "date": "2023-04-18",
    "home_team": "Chicago White Sox",
    "away_team": "Philadelphia Phillies",
    "home_score": 3,
    "away_score": 0,
    "status": "Final",
    "game_id": 718543,
    "starting_pitchers": {
      "home": "Lucas Giolito",
      "away": "Bailey Falter"
    },
    "first_inning_runs": {
      "home": 3,
      "away": 0
    },
    "player_stats": [
      {
        "name": "Lenyn Sosa",
        "team": "Unknown",
        "hits": 0,
        "rbi": 0
      },
      {
        "name": "Yasmani Grandal",
        "team": "Unknown",
        "hits": 0,
        "rbi": 0
      },
      {
        "name": "Jake Burger",
        "team": "Unknown",
        "hits": 1,
        "rbi": 3
      },
      {
        "name": "Romy Gonzalez",
        "team": "Unknown",
        "hits": 0,
        "rbi": 0
      },
      {
        "name": "Andrew Vaughn",
        "team": "Unknown",
        "hits": 0,
        "rbi": 0
      },
      {
        "name": "Seby Zavala",
        "team": "Unknown",
        "hits": 0,
        "rbi": 0
      },
      {
        "name": "Eloy Jim\u00e9nez",
        "team": "Unknown",
        "hits": 1,
        "rbi": 0
      },
      {
        "name": "Elvis Andrus",
        "team": "Unknown",
        "hits": 1,
        "rbi": 0
      },
      {
        "name": "Luis Robert Jr.",
        "team": "Unknown",
        "hits": 0,
        "rbi": 0
      },
      {
        "name": "Brandon Marsh",
        "team": "Unknown",
        "hits": 1,
        "rbi": 0
      },
      {
        "name": "J.T. Realmuto",
        "team": "Unknown",
        "hits": 0,
        "rbi": 0
      },
      {
        "name": "Kody Clemens",
        "team": "Unknown",
        "hits": 0,
        "rbi": 0
      },
      {
        "name": "Nick Castellanos",
        "team": "Unknown",
        "hits": 0,
        "rbi": 0
      },
      {
        "name": "Alec Bohm",
        "team": "Unknown",
        "hits": 0,
        "rbi": 0
      },
      {
        "name": "Josh Harrison",
        "team": "Unknown",
        "hits": 0,
        "rbi": 0
      },
      {
        "name": "Cristian Pache",
        "team": "Unknown",
        "hits": 0,
        "rbi": 0
      },
      {
        "name": "Bryson Stott",
        "team": "Unknown",
        "hits": 0,
        "rbi": 0
      },
      {
        "name": "Kyle Schwarber",
        "team": "Unknown",
        "hits": 0,
        "rbi": 0
      },
      {
        "name": "Jake Cave",
        "team": "Unknown",
        "hits": 0,
        "rbi": 0
      },
      {
        "name": "Garrett Stubbs",
        "team": "Unknown",
        "hits": 0,
        "rbi": 0
      },
      {
        "name": "Trea Turner",
        "team": "Unknown",
        "hits": 0,
        "rbi": 0
      }
    ],
    "pitcher_stats": [
      {
        "name": "Kendall Graveman",
        "team": "Unknown",
        "innings_pitched": "1.0",
        "strikeouts": 1,
        "earned_runs": 0
      },
      {
        "name": "Aaron Bummer",
        "team": "Unknown",
        "innings_pitched": "0.2",
        "strikeouts": 1,
        "earned_runs": 0
      },
      {
        "name": "Reynaldo L\u00f3pez",
        "team": "Unknown",
        "innings_pitched": "1.1",
        "strikeouts": 3,
        "earned_runs": 0
      },
      {
        "name": "Lucas Giolito",
        "team": "Unknown",
        "innings_pitched": "6.0",
        "strikeouts": 7,
        "earned_runs": 0
      },
      {
        "name": "Bailey Falter",
        "team": "Unknown",
        "innings_pitched": "7.0",
        "strikeouts": 3,
        "earned_runs": 3
      },
      {
        "name": "Luis F. Ortiz",
        "team": "Unknown",
        "innings_pitched": "1.0",
        "strikeouts": 1,
        "earned_runs": 0
      }
    ]
  },
  {
    "date": "2023-04-18",
    "home_team": "Cincinnati Reds",
    "away_team": "Tampa Bay Rays",
    "home_score": 0,
    "away_score": 10,
    "status": "Final",
    "game_id": 718526,
    "starting_pitchers": {
      "home": "Nick Lodolo",
      "away": "Taj Bradley"
    },
    "first_inning_runs": {
      "home": 0,
      "away": 0
    },
    "player_stats": [
      {
        "name": "Jonathan India",
        "team": "Unknown",
        "hits": 0,
        "rbi": 0
      },
      {
        "name": "Jake Fraley",
        "team": "Unknown",
        "hits": 0,
        "rbi": 0
      },
      {
        "name": "TJ Friedl",
        "team": "Unknown",
        "hits": 1,
        "rbi": 0
      },
      {
        "name": "Nick Senzel",
        "team": "Unknown",
        "hits": 0,
        "rbi": 0
      },
      {
        "name": "Kevin Newman",
        "team": "Unknown",
        "hits": 0,
        "rbi": 0
      },
      {
        "name": "Wil Myers",
        "team": "Unknown",
        "hits": 1,
        "rbi": 0
      },
      {
        "name": "Tyler Stephenson",
        "team": "Unknown",
        "hits": 0,
        "rbi": 0
      },
      {
        "name": "Curt Casali",
        "team": "Unknown",
        "hits": 2,
        "rbi": 0
      },
      {
        "name": "Jason Vosler",
        "team": "Unknown",
        "hits": 0,
        "rbi": 0
      },
      {
        "name": "Stuart Fairchild",
        "team": "Unknown",
        "hits": 0,
        "rbi": 0
      },
      {
        "name": "Taylor Walls",
        "team": "Unknown",
        "hits": 4,
        "rbi": 4
      },
      {
        "name": "Isaac Paredes",
        "team": "Unknown",
        "hits": 0,
        "rbi": 0
      },
      {
        "name": "Harold Ram\u00edrez",
        "team": "Unknown",
        "hits": 2,
        "rbi": 0
      },
      {
        "name": "Francisco Mej\u00eda",
        "team": "Unknown",
        "hits": 4,
        "rbi": 1
      },
      {
        "name": "Randy Arozarena",
        "team": "Unknown",
        "hits": 2,
        "rbi": 1
      },
      {
        "name": "Manuel Margot",
        "team": "Unknown",
        "hits": 2,
        "rbi": 1
      },
      {
        "name": "Yandy D\u00edaz",
        "team": "Unknown",
        "hits": 2,
        "rbi": 3
      },
      {
        "name": "Wander Franco",
        "team": "Unknown",
        "hits": 1,
        "rbi": 0
      },
      {
        "name": "Vidal Bruj\u00e1n",
        "team": "Unknown",
        "hits": 0,
        "rbi": 0
      },
      {
        "name": "Luke Raley",
        "team": "Unknown",
        "hits": 0,
        "rbi": 0
      }
    ],
    "pitcher_stats": [
      {
        "name": "Casey Legumina",
        "team": "Unknown",
        "innings_pitched": "2.1",
        "strikeouts": 1,
        "earned_runs": 1
      },
      {
        "name": "Luke Maile",
        "team": "Unknown",
        "innings_pitched": "1.0",
        "strikeouts": 0,
        "earned_runs": 1
      },
      {
        "name": "Nick Lodolo",
        "team": "Unknown",
        "innings_pitched": "4.2",
        "strikeouts": 4,
        "earned_runs": 8
      },
      {
        "name": "Alexis D\u00edaz",
        "team": "Unknown",
        "innings_pitched": "1.0",
        "strikeouts": 3,
        "earned_runs": 0
      },
      {
        "name": "Taj Bradley",
        "team": "Unknown",
        "innings_pitched": "5.1",
        "strikeouts": 9,
        "earned_runs": 0
      },
      {
        "name": "Garrett Cleavinger",
        "team": "Unknown",
        "innings_pitched": "1.0",
        "strikeouts": 2,
        "earned_runs": 0
      },
      {
        "name": "Yonny Chirinos",
        "team": "Unknown",
        "innings_pitched": "2.2",
        "strikeouts": 1,
        "earned_runs": 0
      }
    ]
  },
  {
    "date": "2023-04-18",
    "home_team": "Miami Marlins",
    "away_team": "San Francisco Giants",
    "home_score": 4,
    "away_score": 2,
    "status": "Final",
    "game_id": 718528,
    "starting_pitchers": {
      "home": "Edward Cabrera",
      "away": "Alex Wood"
    },
    "first_inning_runs": {
      "home": 0,
      "away": 2
    },
    "player_stats": [
      {
        "name": "Garrett Cooper",
        "team": "Unknown",
        "hits": 1,
        "rbi": 0
      },
      {
        "name": "Jean Segura",
        "team": "Unknown",
        "hits": 0,
        "rbi": 0
      },
      {
        "name": "Bryan De La Cruz",
        "team": "Unknown",
        "hits": 1,
        "rbi": 0
      },
      {
        "name": "Jorge Soler",
        "team": "Unknown",
        "hits": 3,
        "rbi": 0
      },
      {
        "name": "Jacob Stallings",
        "team": "Unknown",
        "hits": 1,
        "rbi": 0
      },
      {
        "name": "Jon Berti",
        "team": "Unknown",
        "hits": 0,
        "rbi": 1
      },
      {
        "name": "Avisa\u00edl Garc\u00eda",
        "team": "Unknown",
        "hits": 0,
        "rbi": 0
      },
      {
        "name": "Jazz Chisholm Jr.",
        "team": "Unknown",
        "hits": 1,
        "rbi": 3
      },
      {
        "name": "Luis Arraez",
        "team": "Unknown",
        "hits": 2,
        "rbi": 0
      },
      {
        "name": "Blake Sabol",
        "team": "Unknown",
        "hits": 0,
        "rbi": 0
      },
      {
        "name": "Joey Bart",
        "team": "Unknown",
        "hits": 0,
        "rbi": 0
      },
      {
        "name": "Thairo Estrada",
        "team": "Unknown",
        "hits": 1,
        "rbi": 0
      },
      {
        "name": "David Villar",
        "team": "Unknown",
        "hits": 0,
        "rbi": 0
      },
      {
        "name": "Darin Ruf",
        "team": "Unknown",
        "hits": 0,
        "rbi": 0
      },
      {
        "name": "Brandon Crawford",
        "team": "Unknown",
        "hits": 0,
        "rbi": 0
      },
      {
        "name": "Wilmer Flores",
        "team": "Unknown",
        "hits": 2,
        "rbi": 0
      },
      {
        "name": "Brett Wisely",
        "team": "Unknown",
        "hits": 0,
        "rbi": 0
      },
      {
        "name": "LaMonte Wade Jr.",
        "team": "Unknown",
        "hits": 0,
        "rbi": 0
      },
      {
        "name": "Mike Yastrzemski",
        "team": "Unknown",
        "hits": 1,
        "rbi": 2
      },
      {
        "name": "J.D. Davis",
        "team": "Unknown",
        "hits": 3,
        "rbi": 0
      }
    ],
    "pitcher_stats": [
      {
        "name": "Edward Cabrera",
        "team": "Unknown",
        "innings_pitched": "6.0",
        "strikeouts": 8,
        "earned_runs": 2
      },
      {
        "name": "Dylan Floro",
        "team": "Unknown",
        "innings_pitched": "1.0",
        "strikeouts": 1,
        "earned_runs": 0
      },
      {
        "name": "Tanner Scott",
        "team": "Unknown",
        "innings_pitched": "1.0",
        "strikeouts": 1,
        "earned_runs": 0
      },
      {
        "name": "A.J. Puk",
        "team": "Unknown",
        "innings_pitched": "1.0",
        "strikeouts": 2,
        "earned_runs": 0
      },
      {
        "name": "Alex Wood",
        "team": "Unknown",
        "innings_pitched": "2.1",
        "strikeouts": 3,
        "earned_runs": 1
      },
      {
        "name": "Jakob Junis",
        "team": "Unknown",
        "innings_pitched": "2.2",
        "strikeouts": 1,
        "earned_runs": 3
      },
      {
        "name": "Taylor Rogers",
        "team": "Unknown",
        "innings_pitched": "0.2",
        "strikeouts": 1,
        "earned_runs": 0
      },
      {
        "name": "Ross Stripling",
        "team": "Unknown",
        "innings_pitched": "2.1",
        "strikeouts": 3,
        "earned_runs": 0
      }
    ]
  },
  {
    "date": "2023-04-18",
    "home_team": "Washington Nationals",
    "away_team": "Baltimore Orioles",
    "home_score": 0,
    "away_score": 1,
    "status": "Final",
    "game_id": 718531,
    "starting_pitchers": {
      "home": "Josiah Gray",
      "away": "Dean Kremer"
    },
    "first_inning_runs": {
      "home": 0,
      "away": 0
    },
    "player_stats": [
      {
        "name": "Victor Robles",
        "team": "Unknown",
        "hits": 0,
        "rbi": 0
      },
      {
        "name": "CJ Abrams",
        "team": "Unknown",
        "hits": 1,
        "rbi": 0
      },
      {
        "name": "Joey Meneses",
        "team": "Unknown",
        "hits": 0,
        "rbi": 0
      },
      {
        "name": "Stone Garrett",
        "team": "Unknown",
        "hits": 1,
        "rbi": 0
      },
      {
        "name": "Jeimer Candelario",
        "team": "Unknown",
        "hits": 1,
        "rbi": 0
      },
      {
        "name": "Dominic Smith",
        "team": "Unknown",
        "hits": 1,
        "rbi": 0
      },
      {
        "name": "Keibert Ruiz",
        "team": "Unknown",
        "hits": 0,
        "rbi": 0
      },
      {
        "name": "Lane Thomas",
        "team": "Unknown",
        "hits": 0,
        "rbi": 0
      },
      {
        "name": "Luis Garc\u00eda Jr.",
        "team": "Unknown",
        "hits": 1,
        "rbi": 0
      },
      {
        "name": "Adam Frazier",
        "team": "Unknown",
        "hits": 0,
        "rbi": 0
      },
      {
        "name": "Gunnar Henderson",
        "team": "Unknown",
        "hits": 0,
        "rbi": 0
      },
      {
        "name": "Jorge Mateo",
        "team": "Unknown",
        "hits": 1,
        "rbi": 0
      },
      {
        "name": "Anthony Santander",
        "team": "Unknown",
        "hits": 1,
        "rbi": 0
      },
      {
        "name": "Ryan Mountcastle",
        "team": "Unknown",
        "hits": 1,
        "rbi": 0
      },
      {
        "name": "Adley Rutschman",
        "team": "Unknown",
        "hits": 0,
        "rbi": 0
      },
      {
        "name": "Austin Hays",
        "team": "Unknown",
        "hits": 1,
        "rbi": 1
      },
      {
        "name": "Ryan O'Hearn",
        "team": "Unknown",
        "hits": 0,
        "rbi": 0
      },
      {
        "name": "Cedric Mullins",
        "team": "Unknown",
        "hits": 1,
        "rbi": 0
      }
    ],
    "pitcher_stats": [
      {
        "name": "Mason Thompson",
        "team": "Unknown",
        "innings_pitched": "2.0",
        "strikeouts": 1,
        "earned_runs": 0
      },
      {
        "name": "Josiah Gray",
        "team": "Unknown",
        "innings_pitched": "5.0",
        "strikeouts": 3,
        "earned_runs": 1
      },
      {
        "name": "Carl Edwards Jr.",
        "team": "Unknown",
        "innings_pitched": "1.0",
        "strikeouts": 1,
        "earned_runs": 0
      },
      {
        "name": "Erasmo Ram\u00edrez",
        "team": "Unknown",
        "innings_pitched": "1.0",
        "strikeouts": 2,
        "earned_runs": 0
      },
      {
        "name": "Dean Kremer",
        "team": "Unknown",
        "innings_pitched": "6.2",
        "strikeouts": 6,
        "earned_runs": 0
      },
      {
        "name": "F\u00e9lix Bautista",
        "team": "Unknown",
        "innings_pitched": "1.0",
        "strikeouts": 0,
        "earned_runs": 0
      },
      {
        "name": "Yennier Cano",
        "team": "Unknown",
        "innings_pitched": "1.0",
        "strikeouts": 1,
        "earned_runs": 0
      },
      {
        "name": "Danny Coulombe",
        "team": "Unknown",
        "innings_pitched": "0.1",
        "strikeouts": 0,
        "earned_runs": 0
      }
    ]
  },
  {
    "date": "2023-04-18",
    "home_team": "New York Yankees",
    "away_team": "Los Angeles Angels",
    "home_score": 2,
    "away_score": 5,
    "status": "Final",
    "game_id": 718529,
    "starting_pitchers": {
      "home": "Clarke Schmidt",
      "away": "Jos\u00e9 Suarez"
    },
    "first_inning_runs": {
      "home": 0,
      "away": 2
    },
    "player_stats": [
      {
        "name": "DJ LeMahieu",
        "team": "Unknown",
        "hits": 0,
        "rbi": 0
      },
      {
        "name": "Oswald Peraza",
        "team": "Unknown",
        "hits": 1,
        "rbi": 0
      },
      {
        "name": "Anthony Rizzo",
        "team": "Unknown",
        "hits": 1,
        "rbi": 0
      },
      {
        "name": "Aaron Judge",
        "team": "Unknown",
        "hits": 0,
        "rbi": 1
      },
      {
        "name": "Aaron Hicks",
        "team": "Unknown",
        "hits": 0,
        "rbi": 0
      },
      {
        "name": "Kyle Higashioka",
        "team": "Unknown",
        "hits": 1,
        "rbi": 0
      },
      {
        "name": "Franchy Cordero",
        "team": "Unknown",
        "hits": 0,
        "rbi": 0
      },
      {
        "name": "Isiah Kiner-Falefa",
        "team": "Unknown",
        "hits": 1,
        "rbi": 0
      },
      {
        "name": "Gleyber Torres",
        "team": "Unknown",
        "hits": 0,
        "rbi": 0
      },
      {
        "name": "Anthony Volpe",
        "team": "Unknown",
        "hits": 0,
        "rbi": 1
      },
      {
        "name": "Zach Neto",
        "team": "Unknown",
        "hits": 0,
        "rbi": 0
      },
      {
        "name": "Taylor Ward",
        "team": "Unknown",
        "hits": 2,
        "rbi": 0
      },
      {
        "name": "Hunter Renfroe",
        "team": "Unknown",
        "hits": 1,
        "rbi": 1
      },
      {
        "name": "Brandon Drury",
        "team": "Unknown",
        "hits": 0,
        "rbi": 0
      },
      {
        "name": "Mike Trout",
        "team": "Unknown",
        "hits": 2,
        "rbi": 0
      },
      {
        "name": "Gio Urshela",
        "team": "Unknown",
        "hits": 0,
        "rbi": 0
      },
      {
        "name": "Anthony Rendon",
        "team": "Unknown",
        "hits": 1,
        "rbi": 2
      },
      {
        "name": "Shohei Ohtani",
        "team": "Unknown",
        "hits": 1,
        "rbi": 2
      },
      {
        "name": "Jake Lamb",
        "team": "Unknown",
        "hits": 0,
        "rbi": 0
      },
      {
        "name": "Logan O'Hoppe",
        "team": "Unknown",
        "hits": 1,
        "rbi": 0
      }
    ],
    "pitcher_stats": [
      {
        "name": "Albert Abreu",
        "team": "Unknown",
        "innings_pitched": "1.0",
        "strikeouts": 1,
        "earned_runs": 0
      },
      {
        "name": "Greg Weissert",
        "team": "Unknown",
        "innings_pitched": "0.1",
        "strikeouts": 0,
        "earned_runs": 0
      },
      {
        "name": "Clarke Schmidt",
        "team": "Unknown",
        "innings_pitched": "3.2",
        "strikeouts": 5,
        "earned_runs": 4
      },
      {
        "name": "Jimmy Cordero",
        "team": "Unknown",
        "innings_pitched": "2.0",
        "strikeouts": 3,
        "earned_runs": 0
      },
      {
        "name": "Ron Marinaccio",
        "team": "Unknown",
        "innings_pitched": "2.0",
        "strikeouts": 2,
        "earned_runs": 0
      },
      {
        "name": "Jimmy Herget",
        "team": "Unknown",
        "innings_pitched": "2.0",
        "strikeouts": 2,
        "earned_runs": 0
      },
      {
        "name": "Jos\u00e9 Suarez",
        "team": "Unknown",
        "innings_pitched": "3.1",
        "strikeouts": 1,
        "earned_runs": 2
      },
      {
        "name": "Andrew Wantz",
        "team": "Unknown",
        "innings_pitched": "1.2",
        "strikeouts": 2,
        "earned_runs": 0
      },
      {
        "name": "Jaime Barria",
        "team": "Unknown",
        "innings_pitched": "1.0",
        "strikeouts": 1,
        "earned_runs": 0
      },
      {
        "name": "Jos\u00e9 Quijada",
        "team": "Unknown",
        "innings_pitched": "1.0",
        "strikeouts": 2,
        "earned_runs": 0
      }
    ]
  },
  {
    "date": "2023-04-18",
    "home_team": "Boston Red Sox",
    "away_team": "Minnesota Twins",
    "home_score": 5,
    "away_score": 4,
    "status": "Final",
    "game_id": 718524,
    "starting_pitchers": {
      "home": "Chris Sale",
      "away": "Sonny Gray"
    },
    "first_inning_runs": {
      "home": 1,
      "away": 0
    },
    "player_stats": [
      {
        "name": "Yu Chang",
        "team": "Unknown",
        "hits": 0,
        "rbi": 0
      },
      {
        "name": "Connor Wong",
        "team": "Unknown",
        "hits": 1,
        "rbi": 0
      },
      {
        "name": "Enrique Hern\u00e1ndez",
        "team": "Unknown",
        "hits": 1,
        "rbi": 0
      },
      {
        "name": "Rob Refsnyder",
        "team": "Unknown",
        "hits": 0,
        "rbi": 0
      },
      {
        "name": "Alex Verdugo",
        "team": "Unknown",
        "hits": 3,
        "rbi": 1
      },
      {
        "name": "Reese McGuire",
        "team": "Unknown",
        "hits": 1,
        "rbi": 2
      },
      {
        "name": "Rafael Devers",
        "team": "Unknown",
        "hits": 2,
        "rbi": 1
      },
      {
        "name": "Jarren Duran",
        "team": "Unknown",
        "hits": 2,
        "rbi": 1
      },
      {
        "name": "Raimel Tapia",
        "team": "Unknown",
        "hits": 0,
        "rbi": 0
      },
      {
        "name": "Masataka Yoshida",
        "team": "Unknown",
        "hits": 0,
        "rbi": 0
      },
      {
        "name": "Triston Casas",
        "team": "Unknown",
        "hits": 0,
        "rbi": 0
      },
      {
        "name": "Justin Turner",
        "team": "Unknown",
        "hits": 2,
        "rbi": 0
      },
      {
        "name": "Nick Gordon",
        "team": "Unknown",
        "hits": 0,
        "rbi": 0
      },
      {
        "name": "Kyle Garlick",
        "team": "Unknown",
        "hits": 0,
        "rbi": 0
      },
      {
        "name": "Donovan Solano",
        "team": "Unknown",
        "hits": 0,
        "rbi": 0
      },
      {
        "name": "Willi Castro",
        "team": "Unknown",
        "hits": 1,
        "rbi": 0
      },
      {
        "name": "Edouard Julien",
        "team": "Unknown",
        "hits": 0,
        "rbi": 0
      },
      {
        "name": "Carlos Correa",
        "team": "Unknown",
        "hits": 1,
        "rbi": 1
      },
      {
        "name": "Jose Miranda",
        "team": "Unknown",
        "hits": 0,
        "rbi": 1
      },
      {
        "name": "Max Kepler",
        "team": "Unknown",
        "hits": 1,
        "rbi": 1
      },
      {
        "name": "Trevor Larnach",
        "team": "Unknown",
        "hits": 0,
        "rbi": 0
      },
      {
        "name": "Michael A. Taylor",
        "team": "Unknown",
        "hits": 0,
        "rbi": 0
      },
      {
        "name": "Byron Buxton",
        "team": "Unknown",
        "hits": 0,
        "rbi": 1
      },
      {
        "name": "Christian V\u00e1zquez",
        "team": "Unknown",
        "hits": 1,
        "rbi": 0
      }
    ],
    "pitcher_stats": [
      {
        "name": "Chris Sale",
        "team": "Unknown",
        "innings_pitched": "6.0",
        "strikeouts": 11,
        "earned_runs": 1
      },
      {
        "name": "Kenley Jansen",
        "team": "Unknown",
        "innings_pitched": "1.0",
        "strikeouts": 2,
        "earned_runs": 0
      },
      {
        "name": "Josh Winckowski",
        "team": "Unknown",
        "innings_pitched": "2.0",
        "strikeouts": 3,
        "earned_runs": 1
      },
      {
        "name": "John Schreiber",
        "team": "Unknown",
        "innings_pitched": "1.0",
        "strikeouts": 0,
        "earned_runs": 1
      },
      {
        "name": "Jhoan Duran",
        "team": "Unknown",
        "innings_pitched": "1.0",
        "strikeouts": 2,
        "earned_runs": 0
      },
      {
        "name": "Caleb Thielbar",
        "team": "Unknown",
        "innings_pitched": "1.0",
        "strikeouts": 0,
        "earned_runs": 0
      },
      {
        "name": "Sonny Gray",
        "team": "Unknown",
        "innings_pitched": "5.0",
        "strikeouts": 7,
        "earned_runs": 1
      },
      {
        "name": "Griffin Jax",
        "team": "Unknown",
        "innings_pitched": "1.0",
        "strikeouts": 3,
        "earned_runs": 0
      },
      {
        "name": "Jovani Moran",
        "team": "Unknown",
        "innings_pitched": "0.2",
        "strikeouts": 1,
        "earned_runs": 2
      },
      {
        "name": "Jorge L\u00f3pez",
        "team": "Unknown",
        "innings_pitched": "1.0",
        "strikeouts": 1,
        "earned_runs": 0
      }
    ]
  },
  {
    "date": "2023-04-18",
    "home_team": "Kansas City Royals",
    "away_team": "Texas Rangers",
    "home_score": 2,
    "away_score": 12,
    "status": "Final",
    "game_id": 718522,
    "starting_pitchers": {
      "home": "Brad Keller",
      "away": "Nathan Eovaldi"
    },
    "first_inning_runs": {
      "home": 1,
      "away": 0
    },
    "player_stats": [
      {
        "name": "Salvador Perez",
        "team": "Unknown",
        "hits": 2,
        "rbi": 0
      },
      {
        "name": "Edward Olivares",
        "team": "Unknown",
        "hits": 2,
        "rbi": 0
      },
      {
        "name": "Nicky Lopez",
        "team": "Unknown",
        "hits": 0,
        "rbi": 0
      },
      {
        "name": "MJ Melendez",
        "team": "Unknown",
        "hits": 0,
        "rbi": 1
      },
      {
        "name": "Michael Massey",
        "team": "Unknown",
        "hits": 1,
        "rbi": 0
      },
      {
        "name": "Vinnie Pasquantino",
        "team": "Unknown",
        "hits": 1,
        "rbi": 0
      },
      {
        "name": "Kyle Isbel",
        "team": "Unknown",
        "hits": 0,
        "rbi": 1
      },
      {
        "name": "Franmil Reyes",
        "team": "Unknown",
        "hits": 1,
        "rbi": 0
      },
      {
        "name": "Bobby Witt Jr.",
        "team": "Unknown",
        "hits": 1,
        "rbi": 0
      },
      {
        "name": "Bubba Thompson",
        "team": "Unknown",
        "hits": 0,
        "rbi": 0
      },
      {
        "name": "Leody Taveras",
        "team": "Unknown",
        "hits": 0,
        "rbi": 0
      },
      {
        "name": "Nathaniel Lowe",
        "team": "Unknown",
        "hits": 1,
        "rbi": 1
      },
      {
        "name": "Brad Miller",
        "team": "Unknown",
        "hits": 1,
        "rbi": 1
      },
      {
        "name": "Marcus Semien",
        "team": "Unknown",
        "hits": 2,
        "rbi": 3
      },
      {
        "name": "Josh Jung",
        "team": "Unknown",
        "hits": 1,
        "rbi": 0
      },
      {
        "name": "Ezequiel Duran",
        "team": "Unknown",
        "hits": 2,
        "rbi": 1
      },
      {
        "name": "Travis Jankowski",
        "team": "Unknown",
        "hits": 2,
        "rbi": 1
      },
      {
        "name": "Adolis Garc\u00eda",
        "team": "Unknown",
        "hits": 1,
        "rbi": 3
      },
      {
        "name": "Sandy Le\u00f3n",
        "team": "Unknown",
        "hits": 1,
        "rbi": 2
      },
      {
        "name": "Robbie Grossman",
        "team": "Unknown",
        "hits": 1,
        "rbi": 0
      }
    ],
    "pitcher_stats": [
      {
        "name": "Jose Cuas",
        "team": "Unknown",
        "innings_pitched": "1.0",
        "strikeouts": 2,
        "earned_runs": 0
      },
      {
        "name": "Amir Garrett",
        "team": "Unknown",
        "innings_pitched": "1.0",
        "strikeouts": 0,
        "earned_runs": 0
      },
      {
        "name": "Josh Taylor",
        "team": "Unknown",
        "innings_pitched": "2.0",
        "strikeouts": 2,
        "earned_runs": 2
      },
      {
        "name": "Carlos Hern\u00e1ndez",
        "team": "Unknown",
        "innings_pitched": "0.0",
        "strikeouts": 0,
        "earned_runs": 5
      },
      {
        "name": "Josh Staumont",
        "team": "Unknown",
        "innings_pitched": "1.0",
        "strikeouts": 1,
        "earned_runs": 2
      },
      {
        "name": "Brad Keller",
        "team": "Unknown",
        "innings_pitched": "4.0",
        "strikeouts": 2,
        "earned_runs": 3
      },
      {
        "name": "Ian Kennedy",
        "team": "Unknown",
        "innings_pitched": "1.0",
        "strikeouts": 1,
        "earned_runs": 0
      },
      {
        "name": "Brock Burke",
        "team": "Unknown",
        "innings_pitched": "2.0",
        "strikeouts": 2,
        "earned_runs": 0
      },
      {
        "name": "Nathan Eovaldi",
        "team": "Unknown",
        "innings_pitched": "6.0",
        "strikeouts": 5,
        "earned_runs": 2
      }
    ]
  },
  {
    "date": "2023-04-18",
    "home_team": "St. Louis Cardinals",
    "away_team": "Arizona Diamondbacks",
    "home_score": 7,
    "away_score": 8,
    "status": "Final",
    "game_id": 718527,
    "starting_pitchers": {
      "home": "Jordan Montgomery",
      "away": "Drey Jameson"
    },
    "first_inning_runs": {
      "home": 1,
      "away": 0
    },
    "player_stats": [
      {
        "name": "Nolan Gorman",
        "team": "Unknown",
        "hits": 0,
        "rbi": 0
      },
      {
        "name": "Dylan Carlson",
        "team": "Unknown",
        "hits": 1,
        "rbi": 1
      },
      {
        "name": "Willson Contreras",
        "team": "Unknown",
        "hits": 2,
        "rbi": 3
      },
      {
        "name": "Nolan Arenado",
        "team": "Unknown",
        "hits": 0,
        "rbi": 0
      },
      {
        "name": "Lars Nootbaar",
        "team": "Unknown",
        "hits": 1,
        "rbi": 1
      },
      {
        "name": "Tyler O'Neill",
        "team": "Unknown",
        "hits": 2,
        "rbi": 0
      },
      {
        "name": "Alec Burleson",
        "team": "Unknown",
        "hits": 0,
        "rbi": 1
      },
      {
        "name": "Paul Goldschmidt",
        "team": "Unknown",
        "hits": 2,
        "rbi": 1
      },
      {
        "name": "Tommy Edman",
        "team": "Unknown",
        "hits": 0,
        "rbi": 0
      },
      {
        "name": "Taylor Motter",
        "team": "Unknown",
        "hits": 0,
        "rbi": 0
      },
      {
        "name": "Josh Rojas",
        "team": "Unknown",
        "hits": 2,
        "rbi": 1
      },
      {
        "name": "Jake McCarthy",
        "team": "Unknown",
        "hits": 0,
        "rbi": 0
      },
      {
        "name": "Nick Ahmed",
        "team": "Unknown",
        "hits": 1,
        "rbi": 2
      },
      {
        "name": "Ketel Marte",
        "team": "Unknown",
        "hits": 2,
        "rbi": 0
      },
      {
        "name": "Gabriel Moreno",
        "team": "Unknown",
        "hits": 2,
        "rbi": 3
      },
      {
        "name": "Lourdes Gurriel Jr.",
        "team": "Unknown",
        "hits": 3,
        "rbi": 0
      },
      {
        "name": "Christian Walker",
        "team": "Unknown",
        "hits": 2,
        "rbi": 1
      },
      {
        "name": "Evan Longoria",
        "team": "Unknown",
        "hits": 2,
        "rbi": 1
      },
      {
        "name": "Alek Thomas",
        "team": "Unknown",
        "hits": 0,
        "rbi": 0
      }
    ],
    "pitcher_stats": [
      {
        "name": "JoJo Romero",
        "team": "Unknown",
        "innings_pitched": "1.2",
        "strikeouts": 1,
        "earned_runs": 0
      },
      {
        "name": "Jordan Hicks",
        "team": "Unknown",
        "innings_pitched": "1.0",
        "strikeouts": 3,
        "earned_runs": 0
      },
      {
        "name": "Jordan Montgomery",
        "team": "Unknown",
        "innings_pitched": "4.0",
        "strikeouts": 2,
        "earned_runs": 7
      },
      {
        "name": "Chris Stratton",
        "team": "Unknown",
        "innings_pitched": "2.1",
        "strikeouts": 1,
        "earned_runs": 1
      },
      {
        "name": "Scott McGough",
        "team": "Unknown",
        "innings_pitched": "1.1",
        "strikeouts": 2,
        "earned_runs": 0
      },
      {
        "name": "Kyle Nelson",
        "team": "Unknown",
        "innings_pitched": "1.1",
        "strikeouts": 3,
        "earned_runs": 0
      },
      {
        "name": "Drey Jameson",
        "team": "Unknown",
        "innings_pitched": "3.2",
        "strikeouts": 3,
        "earned_runs": 2
      },
      {
        "name": "Joe Mantiply",
        "team": "Unknown",
        "innings_pitched": "1.1",
        "strikeouts": 1,
        "earned_runs": 1
      },
      {
        "name": "Andrew Chafin",
        "team": "Unknown",
        "innings_pitched": "0.1",
        "strikeouts": 0,
        "earned_runs": 3
      },
      {
        "name": "Kevin Ginkel",
        "team": "Unknown",
        "innings_pitched": "0.1",
        "strikeouts": 0,
        "earned_runs": 1
      },
      {
        "name": "Miguel Castro",
        "team": "Unknown",
        "innings_pitched": "0.2",
        "strikeouts": 0,
        "earned_runs": 0
      }
    ]
  },
  {
    "date": "2023-04-18",
    "home_team": "Houston Astros",
    "away_team": "Toronto Blue Jays",
    "home_score": 2,
    "away_score": 4,
    "status": "Final",
    "game_id": 718520,
    "starting_pitchers": {
      "home": "Jos\u00e9 Urquidy",
      "away": "Chris Bassitt"
    },
    "first_inning_runs": {
      "home": 0,
      "away": 0
    },
    "player_stats": [
      {
        "name": "Corey Julks",
        "team": "Unknown",
        "hits": 0,
        "rbi": 0
      },
      {
        "name": "Mart\u00edn Maldonado",
        "team": "Unknown",
        "hits": 0,
        "rbi": 0
      },
      {
        "name": "Kyle Tucker",
        "team": "Unknown",
        "hits": 1,
        "rbi": 1
      },
      {
        "name": "Mauricio Dub\u00f3n",
        "team": "Unknown",
        "hits": 1,
        "rbi": 0
      },
      {
        "name": "Alex Bregman",
        "team": "Unknown",
        "hits": 2,
        "rbi": 0
      },
      {
        "name": "Jake Meyers",
        "team": "Unknown",
        "hits": 1,
        "rbi": 0
      },
      {
        "name": "C\u00e9sar Salazar",
        "team": "Unknown",
        "hits": 0,
        "rbi": 0
      },
      {
        "name": "Jos\u00e9 Abreu",
        "team": "Unknown",
        "hits": 2,
        "rbi": 0
      },
      {
        "name": "Jeremy Pe\u00f1a",
        "team": "Unknown",
        "hits": 0,
        "rbi": 0
      },
      {
        "name": "Yordan Alvarez",
        "team": "Unknown",
        "hits": 1,
        "rbi": 1
      },
      {
        "name": "Bo Bichette",
        "team": "Unknown",
        "hits": 1,
        "rbi": 1
      },
      {
        "name": "Daulton Varsho",
        "team": "Unknown",
        "hits": 0,
        "rbi": 0
      },
      {
        "name": "Matt Chapman",
        "team": "Unknown",
        "hits": 2,
        "rbi": 1
      },
      {
        "name": "Whit Merrifield",
        "team": "Unknown",
        "hits": 2,
        "rbi": 0
      },
      {
        "name": "Santiago Espinal",
        "team": "Unknown",
        "hits": 1,
        "rbi": 1
      },
      {
        "name": "George Springer",
        "team": "Unknown",
        "hits": 0,
        "rbi": 0
      },
      {
        "name": "Vladimir Guerrero Jr.",
        "team": "Unknown",
        "hits": 1,
        "rbi": 1
      },
      {
        "name": "Brandon Belt",
        "team": "Unknown",
        "hits": 0,
        "rbi": 0
      },
      {
        "name": "Alejandro Kirk",
        "team": "Unknown",
        "hits": 1,
        "rbi": 0
      }
    ],
    "pitcher_stats": [
      {
        "name": "Bryan Abreu",
        "team": "Unknown",
        "innings_pitched": "1.2",
        "strikeouts": 2,
        "earned_runs": 0
      },
      {
        "name": "H\u00e9ctor Neris",
        "team": "Unknown",
        "innings_pitched": "1.0",
        "strikeouts": 1,
        "earned_runs": 0
      },
      {
        "name": "Rafael Montero",
        "team": "Unknown",
        "innings_pitched": "1.0",
        "strikeouts": 0,
        "earned_runs": 0
      },
      {
        "name": "Jos\u00e9 Urquidy",
        "team": "Unknown",
        "innings_pitched": "4.1",
        "strikeouts": 4,
        "earned_runs": 4
      },
      {
        "name": "Ryan Pressly",
        "team": "Unknown",
        "innings_pitched": "1.0",
        "strikeouts": 1,
        "earned_runs": 0
      },
      {
        "name": "Chris Bassitt",
        "team": "Unknown",
        "innings_pitched": "6.1",
        "strikeouts": 5,
        "earned_runs": 0
      },
      {
        "name": "Tim Mayza",
        "team": "Unknown",
        "innings_pitched": "0.1",
        "strikeouts": 0,
        "earned_runs": 0
      },
      {
        "name": "Yimi Garc\u00eda",
        "team": "Unknown",
        "innings_pitched": "1.0",
        "strikeouts": 2,
        "earned_runs": 2
      },
      {
        "name": "Jordan Romano",
        "team": "Unknown",
        "innings_pitched": "1.1",
        "strikeouts": 2,
        "earned_runs": 0
      }
    ]
  },
  {
    "date": "2023-04-18",
    "home_team": "Colorado Rockies",
    "away_team": "Pittsburgh Pirates",
    "home_score": 3,
    "away_score": 5,
    "status": "Final",
    "game_id": 718521,
    "starting_pitchers": {
      "home": "Jos\u00e9 Ure\u00f1a",
      "away": "Vince Velasquez"
    },
    "first_inning_runs": {
      "home": 3,
      "away": 0
    },
    "player_stats": [
      {
        "name": "Jurickson Profar",
        "team": "Unknown",
        "hits": 1,
        "rbi": 0
      },
      {
        "name": "Yonathan Daza",
        "team": "Unknown",
        "hits": 0,
        "rbi": 0
      },
      {
        "name": "Ryan McMahon",
        "team": "Unknown",
        "hits": 2,
        "rbi": 0
      },
      {
        "name": "Kris Bryant",
        "team": "Unknown",
        "hits": 1,
        "rbi": 1
      },
      {
        "name": "C.J. Cron",
        "team": "Unknown",
        "hits": 1,
        "rbi": 0
      },
      {
        "name": "Charlie Blackmon",
        "team": "Unknown",
        "hits": 2,
        "rbi": 0
      },
      {
        "name": "Mike Moustakas",
        "team": "Unknown",
        "hits": 0,
        "rbi": 0
      },
      {
        "name": "Elias D\u00edaz",
        "team": "Unknown",
        "hits": 2,
        "rbi": 2
      },
      {
        "name": "Ezequiel Tovar",
        "team": "Unknown",
        "hits": 1,
        "rbi": 0
      },
      {
        "name": "Alan Trejo",
        "team": "Unknown",
        "hits": 0,
        "rbi": 0
      },
      {
        "name": "Bryan Reynolds",
        "team": "Unknown",
        "hits": 1,
        "rbi": 0
      },
      {
        "name": "Rodolfo Castro",
        "team": "Unknown",
        "hits": 0,
        "rbi": 0
      },
      {
        "name": "Austin Hedges",
        "team": "Unknown",
        "hits": 0,
        "rbi": 0
      },
      {
        "name": "Connor Joe",
        "team": "Unknown",
        "hits": 2,
        "rbi": 0
      },
      {
        "name": "Ke'Bryan Hayes",
        "team": "Unknown",
        "hits": 1,
        "rbi": 0
      },
      {
        "name": "Canaan Smith-Njigba",
        "team": "Unknown",
        "hits": 0,
        "rbi": 0
      },
      {
        "name": "Tucupita Marcano",
        "team": "Unknown",
        "hits": 1,
        "rbi": 0
      },
      {
        "name": "Jack Suwinski",
        "team": "Unknown",
        "hits": 2,
        "rbi": 3
      },
      {
        "name": "Carlos Santana",
        "team": "Unknown",
        "hits": 1,
        "rbi": 1
      },
      {
        "name": "Ji Hwan Bae",
        "team": "Unknown",
        "hits": 1,
        "rbi": 0
      }
    ],
    "pitcher_stats": [
      {
        "name": "Pierce Johnson",
        "team": "Unknown",
        "innings_pitched": "1.0",
        "strikeouts": 1,
        "earned_runs": 0
      },
      {
        "name": "Jos\u00e9 Ure\u00f1a",
        "team": "Unknown",
        "innings_pitched": "4.2",
        "strikeouts": 2,
        "earned_runs": 5
      },
      {
        "name": "Dinelson Lamet",
        "team": "Unknown",
        "innings_pitched": "1.0",
        "strikeouts": 2,
        "earned_runs": 0
      },
      {
        "name": "Brad Hand",
        "team": "Unknown",
        "innings_pitched": "1.0",
        "strikeouts": 1,
        "earned_runs": 0
      },
      {
        "name": "Brent Suter",
        "team": "Unknown",
        "innings_pitched": "1.1",
        "strikeouts": 1,
        "earned_runs": 0
      },
      {
        "name": "Vince Velasquez",
        "team": "Unknown",
        "innings_pitched": "6.0",
        "strikeouts": 7,
        "earned_runs": 3
      },
      {
        "name": "Robert Stephenson",
        "team": "Unknown",
        "innings_pitched": "1.0",
        "strikeouts": 1,
        "earned_runs": 0
      },
      {
        "name": "Duane Underwood Jr.",
        "team": "Unknown",
        "innings_pitched": "1.0",
        "strikeouts": 1,
        "earned_runs": 0
      },
      {
        "name": "David Bednar",
        "team": "Unknown",
        "innings_pitched": "1.0",
        "strikeouts": 1,
        "earned_runs": 0
      }
    ]
  },
  {
    "date": "2023-04-18",
    "home_team": "Oakland Athletics",
    "away_team": "Chicago Cubs",
    "home_score": 0,
    "away_score": 4,
    "status": "Final",
    "game_id": 718523,
    "starting_pitchers": {
      "home": "Ken Waldichuk",
      "away": "Marcus Stroman"
    },
    "first_inning_runs": {
      "home": 0,
      "away": 0
    },
    "player_stats": [
      {
        "name": "Carlos P\u00e9rez",
        "team": "Unknown",
        "hits": 0,
        "rbi": 0
      },
      {
        "name": "Conner Capel",
        "team": "Unknown",
        "hits": 1,
        "rbi": 0
      },
      {
        "name": "Jace Peterson",
        "team": "Unknown",
        "hits": 0,
        "rbi": 0
      },
      {
        "name": "Esteury Ruiz",
        "team": "Unknown",
        "hits": 0,
        "rbi": 0
      },
      {
        "name": "Ryan Noda",
        "team": "Unknown",
        "hits": 1,
        "rbi": 0
      },
      {
        "name": "Tony Kemp",
        "team": "Unknown",
        "hits": 0,
        "rbi": 0
      },
      {
        "name": "Tyler Wade",
        "team": "Unknown",
        "hits": 0,
        "rbi": 0
      },
      {
        "name": "Aledmys D\u00edaz",
        "team": "Unknown",
        "hits": 0,
        "rbi": 0
      },
      {
        "name": "Kevin Smith",
        "team": "Unknown",
        "hits": 0,
        "rbi": 0
      },
      {
        "name": "Luis Torrens",
        "team": "Unknown",
        "hits": 1,
        "rbi": 0
      },
      {
        "name": "Nick Madrigal",
        "team": "Unknown",
        "hits": 1,
        "rbi": 1
      },
      {
        "name": "Ian Happ",
        "team": "Unknown",
        "hits": 1,
        "rbi": 0
      },
      {
        "name": "Patrick Wisdom",
        "team": "Unknown",
        "hits": 1,
        "rbi": 0
      },
      {
        "name": "Yan Gomes",
        "team": "Unknown",
        "hits": 0,
        "rbi": 1
      },
      {
        "name": "Seiya Suzuki",
        "team": "Unknown",
        "hits": 2,
        "rbi": 0
      },
      {
        "name": "Cody Bellinger",
        "team": "Unknown",
        "hits": 1,
        "rbi": 1
      },
      {
        "name": "Dansby Swanson",
        "team": "Unknown",
        "hits": 0,
        "rbi": 0
      },
      {
        "name": "Nico Hoerner",
        "team": "Unknown",
        "hits": 1,
        "rbi": 0
      },
      {
        "name": "Eric Hosmer",
        "team": "Unknown",
        "hits": 0,
        "rbi": 0
      }
    ],
    "pitcher_stats": [
      {
        "name": "Ken Waldichuk",
        "team": "Unknown",
        "innings_pitched": "5.0",
        "strikeouts": 5,
        "earned_runs": 0
      },
      {
        "name": "Richard Lovelady",
        "team": "Unknown",
        "innings_pitched": "0.1",
        "strikeouts": 0,
        "earned_runs": 0
      },
      {
        "name": "James Kaprielian",
        "team": "Unknown",
        "innings_pitched": "1.0",
        "strikeouts": 0,
        "earned_runs": 0
      },
      {
        "name": "Trevor May",
        "team": "Unknown",
        "innings_pitched": "0.1",
        "strikeouts": 0,
        "earned_runs": 3
      },
      {
        "name": "Sam Moll",
        "team": "Unknown",
        "innings_pitched": "1.0",
        "strikeouts": 2,
        "earned_runs": 0
      },
      {
        "name": "Adam Oller",
        "team": "Unknown",
        "innings_pitched": "1.1",
        "strikeouts": 0,
        "earned_runs": 0
      },
      {
        "name": "Michael Rucker",
        "team": "Unknown",
        "innings_pitched": "1.0",
        "strikeouts": 1,
        "earned_runs": 0
      },
      {
        "name": "Mark Leiter Jr.",
        "team": "Unknown",
        "innings_pitched": "1.0",
        "strikeouts": 2,
        "earned_runs": 0
      },
      {
        "name": "Michael Fulmer",
        "team": "Unknown",
        "innings_pitched": "1.0",
        "strikeouts": 0,
        "earned_runs": 0
      },
      {
        "name": "Marcus Stroman",
        "team": "Unknown",
        "innings_pitched": "6.0",
        "strikeouts": 5,
        "earned_runs": 0
      }
    ]
  },
  {
    "date": "2023-04-18",
    "home_team": "San Diego Padres",
    "away_team": "Atlanta Braves",
    "home_score": 1,
    "away_score": 8,
    "status": "Final",
    "game_id": 718519,
    "starting_pitchers": {
      "home": "Blake Snell",
      "away": "Spencer Strider"
    },
    "first_inning_runs": {
      "home": 0,
      "away": 0
    },
    "player_stats": [
      {
        "name": "Matt Carpenter",
        "team": "Unknown",
        "hits": 0,
        "rbi": 0
      },
      {
        "name": "Rougned Odor",
        "team": "Unknown",
        "hits": 0,
        "rbi": 0
      },
      {
        "name": "Manny Machado",
        "team": "Unknown",
        "hits": 1,
        "rbi": 0
      },
      {
        "name": "Brett Sullivan",
        "team": "Unknown",
        "hits": 0,
        "rbi": 0
      },
      {
        "name": "Juan Soto",
        "team": "Unknown",
        "hits": 1,
        "rbi": 1
      },
      {
        "name": "Xander Bogaerts",
        "team": "Unknown",
        "hits": 0,
        "rbi": 0
      },
      {
        "name": "Trent Grisham",
        "team": "Unknown",
        "hits": 1,
        "rbi": 0
      },
      {
        "name": "Jake Cronenworth",
        "team": "Unknown",
        "hits": 1,
        "rbi": 0
      },
      {
        "name": "Ha-Seong Kim",
        "team": "Unknown",
        "hits": 0,
        "rbi": 0
      },
      {
        "name": "Sam Hilliard",
        "team": "Unknown",
        "hits": 2,
        "rbi": 0
      },
      {
        "name": "Matt Olson",
        "team": "Unknown",
        "hits": 1,
        "rbi": 3
      },
      {
        "name": "Vaughn Grissom",
        "team": "Unknown",
        "hits": 1,
        "rbi": 0
      },
      {
        "name": "Sean Murphy",
        "team": "Unknown",
        "hits": 2,
        "rbi": 1
      },
      {
        "name": "Ronald Acu\u00f1a Jr.",
        "team": "Unknown",
        "hits": 0,
        "rbi": 0
      },
      {
        "name": "Kevin Pillar",
        "team": "Unknown",
        "hits": 1,
        "rbi": 1
      },
      {
        "name": "Eli White",
        "team": "Unknown",
        "hits": 0,
        "rbi": 0
      },
      {
        "name": "Ozzie Albies",
        "team": "Unknown",
        "hits": 1,
        "rbi": 3
      },
      {
        "name": "Austin Riley",
        "team": "Unknown",
        "hits": 0,
        "rbi": 0
      },
      {
        "name": "Marcell Ozuna",
        "team": "Unknown",
        "hits": 0,
        "rbi": 0
      }
    ],
    "pitcher_stats": [
      {
        "name": "Nabil Crismatt",
        "team": "Unknown",
        "innings_pitched": "2.0",
        "strikeouts": 2,
        "earned_runs": 3
      },
      {
        "name": "Steven Wilson",
        "team": "Unknown",
        "innings_pitched": "1.0",
        "strikeouts": 0,
        "earned_runs": 0
      },
      {
        "name": "Reiss Knehr",
        "team": "Unknown",
        "innings_pitched": "1.0",
        "strikeouts": 0,
        "earned_runs": 3
      },
      {
        "name": "Blake Snell",
        "team": "Unknown",
        "innings_pitched": "5.0",
        "strikeouts": 5,
        "earned_runs": 2
      },
      {
        "name": "Nick Anderson",
        "team": "Unknown",
        "innings_pitched": "1.0",
        "strikeouts": 0,
        "earned_runs": 1
      },
      {
        "name": "Spencer Strider",
        "team": "Unknown",
        "innings_pitched": "6.0",
        "strikeouts": 9,
        "earned_runs": 0
      },
      {
        "name": "Jesse Chavez",
        "team": "Unknown",
        "innings_pitched": "1.0",
        "strikeouts": 2,
        "earned_runs": 0
      },
      {
        "name": "Kirby Yates",
        "team": "Unknown",
        "innings_pitched": "1.0",
        "strikeouts": 2,
        "earned_runs": 0
      }
    ]
  },
  {
    "date": "2023-04-18",
    "home_team": "Seattle Mariners",
    "away_team": "Milwaukee Brewers",
    "home_score": 5,
    "away_score": 6,
    "status": "Final",
    "game_id": 718517,
    "starting_pitchers": {
      "home": "Logan Gilbert",
      "away": "Colin Rea"
    },
    "first_inning_runs": {
      "home": 0,
      "away": 1
    },
    "player_stats": [
      {
        "name": "Kolten Wong",
        "team": "Unknown",
        "hits": 0,
        "rbi": 0
      },
      {
        "name": "Jos\u00e9 Caballero",
        "team": "Unknown",
        "hits": 0,
        "rbi": 0
      },
      {
        "name": "Cooper Hummel",
        "team": "Unknown",
        "hits": 0,
        "rbi": 0
      },
      {
        "name": "Cal Raleigh",
        "team": "Unknown",
        "hits": 2,
        "rbi": 2
      },
      {
        "name": "Tommy La Stella",
        "team": "Unknown",
        "hits": 1,
        "rbi": 1
      },
      {
        "name": "Teoscar Hern\u00e1ndez",
        "team": "Unknown",
        "hits": 0,
        "rbi": 1
      },
      {
        "name": "Eugenio Su\u00e1rez",
        "team": "Unknown",
        "hits": 1,
        "rbi": 0
      },
      {
        "name": "Ty France",
        "team": "Unknown",
        "hits": 1,
        "rbi": 1
      },
      {
        "name": "Julio Rodr\u00edguez",
        "team": "Unknown",
        "hits": 2,
        "rbi": 0
      },
      {
        "name": "Jarred Kelenic",
        "team": "Unknown",
        "hits": 0,
        "rbi": 0
      },
      {
        "name": "Victor Caratini",
        "team": "Unknown",
        "hits": 0,
        "rbi": 0
      },
      {
        "name": "Joey Wiemer",
        "team": "Unknown",
        "hits": 0,
        "rbi": 0
      },
      {
        "name": "Christian Yelich",
        "team": "Unknown",
        "hits": 3,
        "rbi": 2
      },
      {
        "name": "Jesse Winker",
        "team": "Unknown",
        "hits": 0,
        "rbi": 0
      },
      {
        "name": "Rowdy Tellez",
        "team": "Unknown",
        "hits": 0,
        "rbi": 0
      },
      {
        "name": "Brian Anderson",
        "team": "Unknown",
        "hits": 0,
        "rbi": 0
      },
      {
        "name": "Garrett Mitchell",
        "team": "Unknown",
        "hits": 0,
        "rbi": 0
      },
      {
        "name": "Owen Miller",
        "team": "Unknown",
        "hits": 1,
        "rbi": 0
      },
      {
        "name": "William Contreras",
        "team": "Unknown",
        "hits": 0,
        "rbi": 0
      },
      {
        "name": "Brice Turang",
        "team": "Unknown",
        "hits": 0,
        "rbi": 0
      },
      {
        "name": "Willy Adames",
        "team": "Unknown",
        "hits": 2,
        "rbi": 3
      }
    ],
    "pitcher_stats": [
      {
        "name": "Justin Topa",
        "team": "Unknown",
        "innings_pitched": "1.0",
        "strikeouts": 1,
        "earned_runs": 0
      },
      {
        "name": "Matt Brash",
        "team": "Unknown",
        "innings_pitched": "1.0",
        "strikeouts": 2,
        "earned_runs": 0
      },
      {
        "name": "Logan Gilbert",
        "team": "Unknown",
        "innings_pitched": "6.0",
        "strikeouts": 8,
        "earned_runs": 4
      },
      {
        "name": "Paul Sewald",
        "team": "Unknown",
        "innings_pitched": "1.0",
        "strikeouts": 2,
        "earned_runs": 0
      },
      {
        "name": "Gabe Speier",
        "team": "Unknown",
        "innings_pitched": "1.0",
        "strikeouts": 1,
        "earned_runs": 0
      },
      {
        "name": "Trevor Gott",
        "team": "Unknown",
        "innings_pitched": "1.0",
        "strikeouts": 1,
        "earned_runs": 0
      },
      {
        "name": "Hoby Milner",
        "team": "Unknown",
        "innings_pitched": "1.1",
        "strikeouts": 1,
        "earned_runs": 0
      },
      {
        "name": "Joel Payamps",
        "team": "Unknown",
        "innings_pitched": "0.2",
        "strikeouts": 0,
        "earned_runs": 0
      },
      {
        "name": "Devin Williams",
        "team": "Unknown",
        "innings_pitched": "1.0",
        "strikeouts": 3,
        "earned_runs": 0
      },
      {
        "name": "Matt Bush",
        "team": "Unknown",
        "innings_pitched": "1.0",
        "strikeouts": 3,
        "earned_runs": 0
      },
      {
        "name": "Colin Rea",
        "team": "Unknown",
        "innings_pitched": "5.0",
        "strikeouts": 2,
        "earned_runs": 4
      },
      {
        "name": "Bryse Wilson",
        "team": "Unknown",
        "innings_pitched": "2.0",
        "strikeouts": 1,
        "earned_runs": 0
      }
    ]
  },
  {
    "date": "2023-04-18",
    "home_team": "Los Angeles Dodgers",
    "away_team": "New York Mets",
    "home_score": 5,
    "away_score": 0,
    "status": "Final",
    "game_id": 718516,
    "starting_pitchers": {
      "home": "Clayton Kershaw",
      "away": "Tylor Megill"
    },
    "first_inning_runs": {
      "home": 2,
      "away": 0
    },
    "player_stats": [
      {
        "name": "Luke Williams",
        "team": "Unknown",
        "hits": 0,
        "rbi": 0
      },
      {
        "name": "Austin Barnes",
        "team": "Unknown",
        "hits": 0,
        "rbi": 0
      },
      {
        "name": "Max Muncy",
        "team": "Unknown",
        "hits": 1,
        "rbi": 0
      },
      {
        "name": "Jason Heyward",
        "team": "Unknown",
        "hits": 1,
        "rbi": 0
      },
      {
        "name": "Freddie Freeman",
        "team": "Unknown",
        "hits": 1,
        "rbi": 1
      },
      {
        "name": "David Peralta",
        "team": "Unknown",
        "hits": 0,
        "rbi": 0
      },
      {
        "name": "J.D. Martinez",
        "team": "Unknown",
        "hits": 4,
        "rbi": 4
      },
      {
        "name": "James Outman",
        "team": "Unknown",
        "hits": 2,
        "rbi": 0
      },
      {
        "name": "Miguel Rojas",
        "team": "Unknown",
        "hits": 0,
        "rbi": 0
      },
      {
        "name": "Miguel Vargas",
        "team": "Unknown",
        "hits": 0,
        "rbi": 0
      },
      {
        "name": "Tom\u00e1s Nido",
        "team": "Unknown",
        "hits": 0,
        "rbi": 0
      },
      {
        "name": "Jeff McNeil",
        "team": "Unknown",
        "hits": 1,
        "rbi": 0
      },
      {
        "name": "Daniel Vogelbach",
        "team": "Unknown",
        "hits": 1,
        "rbi": 0
      },
      {
        "name": "Brett Baty",
        "team": "Unknown",
        "hits": 0,
        "rbi": 0
      },
      {
        "name": "Eduardo Escobar",
        "team": "Unknown",
        "hits": 0,
        "rbi": 0
      },
      {
        "name": "Tommy Pham",
        "team": "Unknown",
        "hits": 0,
        "rbi": 0
      },
      {
        "name": "Mark Canha",
        "team": "Unknown",
        "hits": 1,
        "rbi": 0
      },
      {
        "name": "Pete Alonso",
        "team": "Unknown",
        "hits": 0,
        "rbi": 0
      },
      {
        "name": "Starling Marte",
        "team": "Unknown",
        "hits": 0,
        "rbi": 0
      },
      {
        "name": "Francisco Lindor",
        "team": "Unknown",
        "hits": 1,
        "rbi": 0
      },
      {
        "name": "Brandon Nimmo",
        "team": "Unknown",
        "hits": 0,
        "rbi": 0
      }
    ],
    "pitcher_stats": [
      {
        "name": "Brusdar Graterol",
        "team": "Unknown",
        "innings_pitched": "1.0",
        "strikeouts": 2,
        "earned_runs": 0
      },
      {
        "name": "Evan Phillips",
        "team": "Unknown",
        "innings_pitched": "1.0",
        "strikeouts": 0,
        "earned_runs": 0
      },
      {
        "name": "Clayton Kershaw",
        "team": "Unknown",
        "innings_pitched": "7.0",
        "strikeouts": 9,
        "earned_runs": 0
      },
      {
        "name": "John Curtiss",
        "team": "Unknown",
        "innings_pitched": "1.0",
        "strikeouts": 0,
        "earned_runs": 2
      },
      {
        "name": "Denyi Reyes",
        "team": "Unknown",
        "innings_pitched": "1.1",
        "strikeouts": 2,
        "earned_runs": 0
      },
      {
        "name": "Tylor Megill",
        "team": "Unknown",
        "innings_pitched": "5.0",
        "strikeouts": 4,
        "earned_runs": 3
      },
      {
        "name": "Jeff Brigham",
        "team": "Unknown",
        "innings_pitched": "0.2",
        "strikeouts": 2,
        "earned_runs": 0
      }
    ]
  }
]