[
  {
    "date": "2023-04-10",
    "home_team": "Minnesota Twins",
    "away_team": "Chicago White Sox",
    "home_score": 3,
    "away_score": 4,
    "status": "Final",
    "game_id": 718640,
    "starting_pitchers": {
      "home": "Kenta Maeda",
      "away": "Dylan Cease"
    },
    "first_inning_runs": {
      "home": 0,
      "away": 0
    },
    "player_stats": [
      {
        "name": "Nick Gordon",
        "team": "Unknown",
        "hits": 0,
        "rbi": 0
      },
      {
        "name": "Donovan Solano",
        "team": "Unknown",
        "hits": 1,
        "rbi": 0
      },
      {
        "name": "Willi Castro",
        "team": "Unknown",
        "hits": 0,
        "rbi": 0
      },
      {
        "name": "Kyle Farmer",
        "team": "Unknown",
        "hits": 0,
        "rbi": 0
      },
      {
        "name": "Jose Miranda",
        "team": "Unknown",
        "hits": 1,
        "rbi": 0
      },
      {
        "name": "Trevor Larnach",
        "team": "Unknown",
        "hits": 1,
        "rbi": 1
      },
      {
        "name": "Michael A. Taylor",
        "team": "Unknown",
        "hits": 0,
        "rbi": 0
      },
      {
        "name": "Byron Buxton",
        "team": "Unknown",
        "hits": 0,
        "rbi": 0
      },
      {
        "name": "Christian V\u00e1zquez",
        "team": "Unknown",
        "hits": 1,
        "rbi": 0
      },
      {
        "name": "Matt Wallner",
        "team": "Unknown",
        "hits": 0,
        "rbi": 0
      },
      {
        "name": "Yasmani Grandal",
        "team": "Unknown",
        "hits": 2,
        "rbi": 1
      },
      {
        "name": "Romy Gonzalez",
        "team": "Unknown",
        "hits": 0,
        "rbi": 0
      },
      {
        "name": "Andrew Vaughn",
        "team": "Unknown",
        "hits": 1,
        "rbi": 0
      },
      {
        "name": "Gavin Sheets",
        "team": "Unknown",
        "hits": 1,
        "rbi": 0
      },
      {
        "name": "Hanser Alberto",
        "team": "Unknown",
        "hits": 1,
        "rbi": 3
      },
      {
        "name": "Andrew Benintendi",
        "team": "Unknown",
        "hits": 1,
        "rbi": 0
      },
      {
        "name": "Tim Anderson",
        "team": "Unknown",
        "hits": 0,
        "rbi": 0
      },
      {
        "name": "Elvis Andrus",
        "team": "Unknown",
        "hits": 1,
        "rbi": 0
      },
      {
        "name": "Luis Robert Jr.",
        "team": "Unknown",
        "hits": 0,
        "rbi": 0
      },
      {
        "name": "Oscar Col\u00e1s",
        "team": "Unknown",
        "hits": 1,
        "rbi": 0
      }
    ],
    "pitcher_stats": [
      {
        "name": "Caleb Thielbar",
        "team": "Unknown",
        "innings_pitched": "1.0",
        "strikeouts": 1,
        "earned_runs": 0
      },
      {
        "name": "Kenta Maeda",
        "team": "Unknown",
        "innings_pitched": "6.0",
        "strikeouts": 3,
        "earned_runs": 4
      },
      {
        "name": "Jovani Moran",
        "team": "Unknown",
        "innings_pitched": "2.0",
        "strikeouts": 2,
        "earned_runs": 0
      },
      {
        "name": "Kendall Graveman",
        "team": "Unknown",
        "innings_pitched": "1.0",
        "strikeouts": 1,
        "earned_runs": 0
      },
      {
        "name": "Dylan Cease",
        "team": "Unknown",
        "innings_pitched": "5.0",
        "strikeouts": 6,
        "earned_runs": 1
      },
      {
        "name": "Aaron Bummer",
        "team": "Unknown",
        "innings_pitched": "0.2",
        "strikeouts": 1,
        "earned_runs": 0
      },
      {
        "name": "Reynaldo L\u00f3pez",
        "team": "Unknown",
        "innings_pitched": "1.1",
        "strikeouts": 3,
        "earned_runs": 0
      },
      {
        "name": "Jimmy Lambert",
        "team": "Unknown",
        "innings_pitched": "1.0",
        "strikeouts": 2,
        "earned_runs": 0
      }
    ]
  },
  {
    "date": "2023-04-10",
    "home_team": "Cleveland Guardians",
    "away_team": "New York Yankees",
    "home_score": 3,
    "away_score": 2,
    "status": "Final",
    "game_id": 718637,
    "starting_pitchers": {
      "home": "Shane Bieber",
      "away": "Domingo Germ\u00e1n"
    },
    "first_inning_runs": {
      "home": 0,
      "away": 2
    },
    "player_stats": [
      {
        "name": "Josh Naylor",
        "team": "Unknown",
        "hits": 0,
        "rbi": 1
      },
      {
        "name": "Mike Zunino",
        "team": "Unknown",
        "hits": 3,
        "rbi": 1
      },
      {
        "name": "Will Brennan",
        "team": "Unknown",
        "hits": 0,
        "rbi": 1
      },
      {
        "name": "Amed Rosario",
        "team": "Unknown",
        "hits": 0,
        "rbi": 0
      },
      {
        "name": "Josh Bell",
        "team": "Unknown",
        "hits": 0,
        "rbi": 0
      },
      {
        "name": "Andr\u00e9s Gim\u00e9nez",
        "team": "Unknown",
        "hits": 0,
        "rbi": 0
      },
      {
        "name": "Jos\u00e9 Ram\u00edrez",
        "team": "Unknown",
        "hits": 0,
        "rbi": 0
      },
      {
        "name": "Steven Kwan",
        "team": "Unknown",
        "hits": 0,
        "rbi": 0
      },
      {
        "name": "Myles Straw",
        "team": "Unknown",
        "hits": 1,
        "rbi": 0
      },
      {
        "name": "DJ LeMahieu",
        "team": "Unknown",
        "hits": 0,
        "rbi": 0
      },
      {
        "name": "Anthony Rizzo",
        "team": "Unknown",
        "hits": 1,
        "rbi": 0
      },
      {
        "name": "Aaron Judge",
        "team": "Unknown",
        "hits": 0,
        "rbi": 0
      },
      {
        "name": "Franchy Cordero",
        "team": "Unknown",
        "hits": 0,
        "rbi": 0
      },
      {
        "name": "Isiah Kiner-Falefa",
        "team": "Unknown",
        "hits": 1,
        "rbi": 0
      },
      {
        "name": "Gleyber Torres",
        "team": "Unknown",
        "hits": 2,
        "rbi": 0
      },
      {
        "name": "Jose Trevino",
        "team": "Unknown",
        "hits": 0,
        "rbi": 0
      },
      {
        "name": "Anthony Volpe",
        "team": "Unknown",
        "hits": 0,
        "rbi": 0
      },
      {
        "name": "Willie Calhoun",
        "team": "Unknown",
        "hits": 1,
        "rbi": 0
      },
      {
        "name": "Giancarlo Stanton",
        "team": "Unknown",
        "hits": 1,
        "rbi": 2
      }
    ],
    "pitcher_stats": [
      {
        "name": "Shane Bieber",
        "team": "Unknown",
        "innings_pitched": "7.0",
        "strikeouts": 4,
        "earned_runs": 2
      },
      {
        "name": "James Karinchak",
        "team": "Unknown",
        "innings_pitched": "1.0",
        "strikeouts": 2,
        "earned_runs": 0
      },
      {
        "name": "Emmanuel Clase",
        "team": "Unknown",
        "innings_pitched": "1.0",
        "strikeouts": 2,
        "earned_runs": 0
      },
      {
        "name": "Domingo Germ\u00e1n",
        "team": "Unknown",
        "innings_pitched": "3.0",
        "strikeouts": 0,
        "earned_runs": 1
      },
      {
        "name": "Colten Brewer",
        "team": "Unknown",
        "innings_pitched": "3.0",
        "strikeouts": 1,
        "earned_runs": 0
      },
      {
        "name": "Ian Hamilton",
        "team": "Unknown",
        "innings_pitched": "2.0",
        "strikeouts": 3,
        "earned_runs": 1
      }
    ]
  },
  {
    "date": "2023-04-10",
    "home_team": "Baltimore Orioles",
    "away_team": "Oakland Athletics",
    "home_score": 5,
    "away_score": 1,
    "status": "Final",
    "game_id": 718635,
    "starting_pitchers": {
      "home": "Kyle Gibson",
      "away": "JP Sears"
    },
    "first_inning_runs": {
      "home": 2,
      "away": 1
    },
    "player_stats": [
      {
        "name": "Adam Frazier",
        "team": "Unknown",
        "hits": 0,
        "rbi": 0
      },
      {
        "name": "Jorge Mateo",
        "team": "Unknown",
        "hits": 0,
        "rbi": 0
      },
      {
        "name": "Anthony Santander",
        "team": "Unknown",
        "hits": 1,
        "rbi": 0
      },
      {
        "name": "Ryan McKenna",
        "team": "Unknown",
        "hits": 0,
        "rbi": 0
      },
      {
        "name": "Ryan Mountcastle",
        "team": "Unknown",
        "hits": 1,
        "rbi": 2
      },
      {
        "name": "Adley Rutschman",
        "team": "Unknown",
        "hits": 1,
        "rbi": 1
      },
      {
        "name": "Austin Hays",
        "team": "Unknown",
        "hits": 2,
        "rbi": 1
      },
      {
        "name": "Ram\u00f3n Ur\u00edas",
        "team": "Unknown",
        "hits": 1,
        "rbi": 1
      },
      {
        "name": "Cedric Mullins",
        "team": "Unknown",
        "hits": 0,
        "rbi": 0
      },
      {
        "name": "Conner Capel",
        "team": "Unknown",
        "hits": 1,
        "rbi": 0
      },
      {
        "name": "Jace Peterson",
        "team": "Unknown",
        "hits": 2,
        "rbi": 0
      },
      {
        "name": "Esteury Ruiz",
        "team": "Unknown",
        "hits": 1,
        "rbi": 0
      },
      {
        "name": "Ram\u00f3n Laureano",
        "team": "Unknown",
        "hits": 1,
        "rbi": 1
      },
      {
        "name": "Ryan Noda",
        "team": "Unknown",
        "hits": 0,
        "rbi": 0
      },
      {
        "name": "Tony Kemp",
        "team": "Unknown",
        "hits": 1,
        "rbi": 0
      },
      {
        "name": "Aledmys D\u00edaz",
        "team": "Unknown",
        "hits": 0,
        "rbi": 0
      },
      {
        "name": "Shea Langeliers",
        "team": "Unknown",
        "hits": 1,
        "rbi": 0
      },
      {
        "name": "Jes\u00fas Aguilar",
        "team": "Unknown",
        "hits": 1,
        "rbi": 0
      },
      {
        "name": "Kevin Smith",
        "team": "Unknown",
        "hits": 0,
        "rbi": 0
      }
    ],
    "pitcher_stats": [
      {
        "name": "Cionel P\u00e9rez",
        "team": "Unknown",
        "innings_pitched": "1.0",
        "strikeouts": 2,
        "earned_runs": 0
      },
      {
        "name": "F\u00e9lix Bautista",
        "team": "Unknown",
        "innings_pitched": "1.0",
        "strikeouts": 3,
        "earned_runs": 0
      },
      {
        "name": "Bryan Baker",
        "team": "Unknown",
        "innings_pitched": "0.2",
        "strikeouts": 2,
        "earned_runs": 0
      },
      {
        "name": "Kyle Gibson",
        "team": "Unknown",
        "innings_pitched": "6.1",
        "strikeouts": 4,
        "earned_runs": 1
      },
      {
        "name": "Jeurys Familia",
        "team": "Unknown",
        "innings_pitched": "0.2",
        "strikeouts": 0,
        "earned_runs": 1
      },
      {
        "name": "Zach Jackson",
        "team": "Unknown",
        "innings_pitched": "1.0",
        "strikeouts": 3,
        "earned_runs": 0
      },
      {
        "name": "Sam Moll",
        "team": "Unknown",
        "innings_pitched": "0.1",
        "strikeouts": 0,
        "earned_runs": 0
      },
      {
        "name": "Domingo Acevedo",
        "team": "Unknown",
        "innings_pitched": "1.0",
        "strikeouts": 1,
        "earned_runs": 1
      },
      {
        "name": "JP Sears",
        "team": "Unknown",
        "innings_pitched": "5.0",
        "strikeouts": 4,
        "earned_runs": 3
      }
    ]
  },
  {
    "date": "2023-04-10",
    "home_team": "Pittsburgh Pirates",
    "away_team": "Houston Astros",
    "home_score": 2,
    "away_score": 8,
    "status": "Final",
    "game_id": 718632,
    "starting_pitchers": {
      "home": "Roansy Contreras",
      "away": "Framber Valdez"
    },
    "first_inning_runs": {
      "home": 0,
      "away": 1
    },
    "player_stats": [
      {
        "name": "Bryan Reynolds",
        "team": "Unknown",
        "hits": 0,
        "rbi": 0
      },
      {
        "name": "Mark Mathias",
        "team": "Unknown",
        "hits": 0,
        "rbi": 0
      },
      {
        "name": "Rodolfo Castro",
        "team": "Unknown",
        "hits": 1,
        "rbi": 1
      },
      {
        "name": "Ji Man Choi",
        "team": "Unknown",
        "hits": 1,
        "rbi": 1
      },
      {
        "name": "Connor Joe",
        "team": "Unknown",
        "hits": 0,
        "rbi": 0
      },
      {
        "name": "Ke'Bryan Hayes",
        "team": "Unknown",
        "hits": 0,
        "rbi": 0
      },
      {
        "name": "Andrew McCutchen",
        "team": "Unknown",
        "hits": 0,
        "rbi": 0
      },
      {
        "name": "Jason Delay",
        "team": "Unknown",
        "hits": 0,
        "rbi": 0
      },
      {
        "name": "Carlos Santana",
        "team": "Unknown",
        "hits": 1,
        "rbi": 0
      },
      {
        "name": "Corey Julks",
        "team": "Unknown",
        "hits": 1,
        "rbi": 0
      },
      {
        "name": "Mart\u00edn Maldonado",
        "team": "Unknown",
        "hits": 1,
        "rbi": 1
      },
      {
        "name": "Kyle Tucker",
        "team": "Unknown",
        "hits": 2,
        "rbi": 3
      },
      {
        "name": "Mauricio Dub\u00f3n",
        "team": "Unknown",
        "hits": 3,
        "rbi": 1
      },
      {
        "name": "Alex Bregman",
        "team": "Unknown",
        "hits": 1,
        "rbi": 1
      },
      {
        "name": "Jos\u00e9 Abreu",
        "team": "Unknown",
        "hits": 0,
        "rbi": 0
      },
      {
        "name": "Jeremy Pe\u00f1a",
        "team": "Unknown",
        "hits": 1,
        "rbi": 0
      },
      {
        "name": "Chas McCormick",
        "team": "Unknown",
        "hits": 1,
        "rbi": 0
      },
      {
        "name": "Yordan Alvarez",
        "team": "Unknown",
        "hits": 3,
        "rbi": 2
      }
    ],
    "pitcher_stats": [
      {
        "name": "Jose E. Hernandez",
        "team": "Unknown",
        "innings_pitched": "2.0",
        "strikeouts": 1,
        "earned_runs": 1
      },
      {
        "name": "Rob Zastryzny",
        "team": "Unknown",
        "innings_pitched": "1.0",
        "strikeouts": 0,
        "earned_runs": 0
      },
      {
        "name": "Roansy Contreras",
        "team": "Unknown",
        "innings_pitched": "3.1",
        "strikeouts": 3,
        "earned_runs": 7
      },
      {
        "name": "Wil Crowe",
        "team": "Unknown",
        "innings_pitched": "2.2",
        "strikeouts": 3,
        "earned_runs": 0
      },
      {
        "name": "Framber Valdez",
        "team": "Unknown",
        "innings_pitched": "7.0",
        "strikeouts": 5,
        "earned_runs": 2
      },
      {
        "name": "Seth Martinez",
        "team": "Unknown",
        "innings_pitched": "1.0",
        "strikeouts": 1,
        "earned_runs": 0
      },
      {
        "name": "Phil Maton",
        "team": "Unknown",
        "innings_pitched": "1.0",
        "strikeouts": 1,
        "earned_runs": 0
      }
    ]
  },
  {
    "date": "2023-04-10",
    "home_team": "Tampa Bay Rays",
    "away_team": "Boston Red Sox",
    "home_score": 1,
    "away_score": 0,
    "status": "Final",
    "game_id": 718638,
    "starting_pitchers": {
      "home": "Jalen Beeks",
      "away": "Nick Pivetta"
    },
    "first_inning_runs": {
      "home": 0,
      "away": 0
    },
    "player_stats": [
      {
        "name": "Isaac Paredes",
        "team": "Unknown",
        "hits": 1,
        "rbi": 0
      },
      {
        "name": "Harold Ram\u00edrez",
        "team": "Unknown",
        "hits": 0,
        "rbi": 0
      },
      {
        "name": "Brandon Lowe",
        "team": "Unknown",
        "hits": 1,
        "rbi": 1
      },
      {
        "name": "Randy Arozarena",
        "team": "Unknown",
        "hits": 1,
        "rbi": 0
      },
      {
        "name": "Christian Bethancourt",
        "team": "Unknown",
        "hits": 0,
        "rbi": 0
      },
      {
        "name": "Manuel Margot",
        "team": "Unknown",
        "hits": 0,
        "rbi": 0
      },
      {
        "name": "Yandy D\u00edaz",
        "team": "Unknown",
        "hits": 1,
        "rbi": 0
      },
      {
        "name": "Wander Franco",
        "team": "Unknown",
        "hits": 0,
        "rbi": 0
      },
      {
        "name": "Luke Raley",
        "team": "Unknown",
        "hits": 1,
        "rbi": 0
      },
      {
        "name": "Connor Wong",
        "team": "Unknown",
        "hits": 0,
        "rbi": 0
      },
      {
        "name": "Enrique Hern\u00e1ndez",
        "team": "Unknown",
        "hits": 0,
        "rbi": 0
      },
      {
        "name": "Rob Refsnyder",
        "team": "Unknown",
        "hits": 0,
        "rbi": 0
      },
      {
        "name": "Alex Verdugo",
        "team": "Unknown",
        "hits": 0,
        "rbi": 0
      },
      {
        "name": "Bobby Dalbec",
        "team": "Unknown",
        "hits": 1,
        "rbi": 0
      },
      {
        "name": "Christian Arroyo",
        "team": "Unknown",
        "hits": 1,
        "rbi": 0
      },
      {
        "name": "Rafael Devers",
        "team": "Unknown",
        "hits": 0,
        "rbi": 0
      },
      {
        "name": "Raimel Tapia",
        "team": "Unknown",
        "hits": 0,
        "rbi": 0
      },
      {
        "name": "Masataka Yoshida",
        "team": "Unknown",
        "hits": 1,
        "rbi": 0
      },
      {
        "name": "Triston Casas",
        "team": "Unknown",
        "hits": 0,
        "rbi": 0
      },
      {
        "name": "Justin Turner",
        "team": "Unknown",
        "hits": 0,
        "rbi": 0
      }
    ],
    "pitcher_stats": [
      {
        "name": "Pete Fairbanks",
        "team": "Unknown",
        "innings_pitched": "1.0",
        "strikeouts": 1,
        "earned_runs": 0
      },
      {
        "name": "Jalen Beeks",
        "team": "Unknown",
        "innings_pitched": "2.0",
        "strikeouts": 2,
        "earned_runs": 0
      },
      {
        "name": "Josh Fleming",
        "team": "Unknown",
        "innings_pitched": "4.0",
        "strikeouts": 5,
        "earned_runs": 0
      },
      {
        "name": "Garrett Cleavinger",
        "team": "Unknown",
        "innings_pitched": "1.0",
        "strikeouts": 1,
        "earned_runs": 0
      },
      {
        "name": "Colin Poche",
        "team": "Unknown",
        "innings_pitched": "1.0",
        "strikeouts": 1,
        "earned_runs": 0
      },
      {
        "name": "Josh Winckowski",
        "team": "Unknown",
        "innings_pitched": "2.0",
        "strikeouts": 1,
        "earned_runs": 0
      },
      {
        "name": "Nick Pivetta",
        "team": "Unknown",
        "innings_pitched": "5.0",
        "strikeouts": 6,
        "earned_runs": 0
      },
      {
        "name": "Chris Martin",
        "team": "Unknown",
        "innings_pitched": "1.0",
        "strikeouts": 0,
        "earned_runs": 1
      }
    ]
  },
  {
    "date": "2023-04-10",
    "home_team": "Philadelphia Phillies",
    "away_team": "Miami Marlins",
    "home_score": 15,
    "away_score": 3,
    "status": "Final",
    "game_id": 718633,
    "starting_pitchers": {
      "home": "Matt Strahm",
      "away": "Sandy Alcantara"
    },
    "first_inning_runs": {
      "home": 0,
      "away": 0
    },
    "player_stats": [
      {
        "name": "Brandon Marsh",
        "team": "Unknown",
        "hits": 3,
        "rbi": 3
      },
      {
        "name": "Edmundo Sosa",
        "team": "Unknown",
        "hits": 0,
        "rbi": 0
      },
      {
        "name": "Kody Clemens",
        "team": "Unknown",
        "hits": 0,
        "rbi": 0
      },
      {
        "name": "Nick Castellanos",
        "team": "Unknown",
        "hits": 3,
        "rbi": 3
      },
      {
        "name": "Alec Bohm",
        "team": "Unknown",
        "hits": 3,
        "rbi": 6
      },
      {
        "name": "Cristian Pache",
        "team": "Unknown",
        "hits": 1,
        "rbi": 1
      },
      {
        "name": "Bryson Stott",
        "team": "Unknown",
        "hits": 2,
        "rbi": 0
      },
      {
        "name": "Kyle Schwarber",
        "team": "Unknown",
        "hits": 2,
        "rbi": 0
      },
      {
        "name": "Jake Cave",
        "team": "Unknown",
        "hits": 2,
        "rbi": 1
      },
      {
        "name": "Garrett Stubbs",
        "team": "Unknown",
        "hits": 1,
        "rbi": 0
      },
      {
        "name": "Trea Turner",
        "team": "Unknown",
        "hits": 3,
        "rbi": 1
      },
      {
        "name": "Garrett Cooper",
        "team": "Unknown",
        "hits": 3,
        "rbi": 1
      },
      {
        "name": "Jean Segura",
        "team": "Unknown",
        "hits": 0,
        "rbi": 0
      },
      {
        "name": "Bryan De La Cruz",
        "team": "Unknown",
        "hits": 0,
        "rbi": 0
      },
      {
        "name": "Jorge Soler",
        "team": "Unknown",
        "hits": 0,
        "rbi": 0
      },
      {
        "name": "Yuli Gurriel",
        "team": "Unknown",
        "hits": 2,
        "rbi": 1
      },
      {
        "name": "Jacob Stallings",
        "team": "Unknown",
        "hits": 0,
        "rbi": 0
      },
      {
        "name": "Garrett Hampson",
        "team": "Unknown",
        "hits": 0,
        "rbi": 0
      },
      {
        "name": "Jon Berti",
        "team": "Unknown",
        "hits": 1,
        "rbi": 0
      },
      {
        "name": "Jazz Chisholm Jr.",
        "team": "Unknown",
        "hits": 1,
        "rbi": 0
      },
      {
        "name": "Jes\u00fas S\u00e1nchez",
        "team": "Unknown",
        "hits": 0,
        "rbi": 0
      },
      {
        "name": "Luis Arraez",
        "team": "Unknown",
        "hits": 2,
        "rbi": 0
      }
    ],
    "pitcher_stats": [
      {
        "name": "Andrew Vasquez",
        "team": "Unknown",
        "innings_pitched": "2.2",
        "strikeouts": 1,
        "earned_runs": 0
      },
      {
        "name": "Matt Strahm",
        "team": "Unknown",
        "innings_pitched": "5.0",
        "strikeouts": 6,
        "earned_runs": 0
      },
      {
        "name": "McKinley Moore",
        "team": "Unknown",
        "innings_pitched": "1.1",
        "strikeouts": 0,
        "earned_runs": 3
      },
      {
        "name": "Sandy Alcantara",
        "team": "Unknown",
        "innings_pitched": "4.0",
        "strikeouts": 4,
        "earned_runs": 9
      },
      {
        "name": "Devin Smeltzer",
        "team": "Unknown",
        "innings_pitched": "4.0",
        "strikeouts": 2,
        "earned_runs": 5
      }
    ]
  },
  {
    "date": "2023-04-10",
    "home_team": "New York Mets",
    "away_team": "San Diego Padres",
    "home_score": 5,
    "away_score": 0,
    "status": "Final",
    "game_id": 718634,
    "starting_pitchers": {
      "home": "Max Scherzer",
      "away": "Yu Darvish"
    },
    "first_inning_runs": {
      "home": 0,
      "away": 0
    },
    "player_stats": [
      {
        "name": "Tom\u00e1s Nido",
        "team": "Unknown",
        "hits": 1,
        "rbi": 0
      },
      {
        "name": "Luis Guillorme",
        "team": "Unknown",
        "hits": 1,
        "rbi": 0
      },
      {
        "name": "Jeff McNeil",
        "team": "Unknown",
        "hits": 1,
        "rbi": 2
      },
      {
        "name": "Daniel Vogelbach",
        "team": "Unknown",
        "hits": 1,
        "rbi": 0
      },
      {
        "name": "Eduardo Escobar",
        "team": "Unknown",
        "hits": 0,
        "rbi": 1
      },
      {
        "name": "Mark Canha",
        "team": "Unknown",
        "hits": 1,
        "rbi": 0
      },
      {
        "name": "Pete Alonso",
        "team": "Unknown",
        "hits": 0,
        "rbi": 0
      },
      {
        "name": "Francisco Lindor",
        "team": "Unknown",
        "hits": 1,
        "rbi": 2
      },
      {
        "name": "Brandon Nimmo",
        "team": "Unknown",
        "hits": 1,
        "rbi": 0
      },
      {
        "name": "Matt Carpenter",
        "team": "Unknown",
        "hits": 0,
        "rbi": 0
      },
      {
        "name": "Rougned Odor",
        "team": "Unknown",
        "hits": 0,
        "rbi": 0
      },
      {
        "name": "Manny Machado",
        "team": "Unknown",
        "hits": 0,
        "rbi": 0
      },
      {
        "name": "Juan Soto",
        "team": "Unknown",
        "hits": 0,
        "rbi": 0
      },
      {
        "name": "Xander Bogaerts",
        "team": "Unknown",
        "hits": 1,
        "rbi": 0
      },
      {
        "name": "Trent Grisham",
        "team": "Unknown",
        "hits": 0,
        "rbi": 0
      },
      {
        "name": "Jake Cronenworth",
        "team": "Unknown",
        "hits": 0,
        "rbi": 0
      },
      {
        "name": "Ha-Seong Kim",
        "team": "Unknown",
        "hits": 1,
        "rbi": 0
      },
      {
        "name": "Austin Nola",
        "team": "Unknown",
        "hits": 0,
        "rbi": 0
      }
    ],
    "pitcher_stats": [
      {
        "name": "Adam Ottavino",
        "team": "Unknown",
        "innings_pitched": "1.0",
        "strikeouts": 3,
        "earned_runs": 0
      },
      {
        "name": "John Curtiss",
        "team": "Unknown",
        "innings_pitched": "1.0",
        "strikeouts": 1,
        "earned_runs": 0
      },
      {
        "name": "Max Scherzer",
        "team": "Unknown",
        "innings_pitched": "5.0",
        "strikeouts": 6,
        "earned_runs": 0
      },
      {
        "name": "Drew Smith",
        "team": "Unknown",
        "innings_pitched": "1.0",
        "strikeouts": 2,
        "earned_runs": 0
      },
      {
        "name": "David Robertson",
        "team": "Unknown",
        "innings_pitched": "1.0",
        "strikeouts": 2,
        "earned_runs": 0
      },
      {
        "name": "Domingo Tapia",
        "team": "Unknown",
        "innings_pitched": "1.0",
        "strikeouts": 1,
        "earned_runs": 0
      },
      {
        "name": "Yu Darvish",
        "team": "Unknown",
        "innings_pitched": "6.1",
        "strikeouts": 5,
        "earned_runs": 5
      },
      {
        "name": "Tim Hill",
        "team": "Unknown",
        "innings_pitched": "0.2",
        "strikeouts": 0,
        "earned_runs": 0
      }
    ]
  },
  {
    "date": "2023-04-10",
    "home_team": "Atlanta Braves",
    "away_team": "Cincinnati Reds",
    "home_score": 5,
    "away_score": 4,
    "status": "Final",
    "game_id": 718636,
    "starting_pitchers": {
      "home": "Bryce Elder",
      "away": "Graham Ashcraft"
    },
    "first_inning_runs": {
      "home": 0,
      "away": 0
    },
    "player_stats": [
      {
        "name": "Sam Hilliard",
        "team": "Unknown",
        "hits": 0,
        "rbi": 0
      },
      {
        "name": "Matt Olson",
        "team": "Unknown",
        "hits": 0,
        "rbi": 0
      },
      {
        "name": "Sean Murphy",
        "team": "Unknown",
        "hits": 3,
        "rbi": 3
      },
      {
        "name": "Ronald Acu\u00f1a Jr.",
        "team": "Unknown",
        "hits": 3,
        "rbi": 0
      },
      {
        "name": "Eddie Rosario",
        "team": "Unknown",
        "hits": 0,
        "rbi": 0
      },
      {
        "name": "Kevin Pillar",
        "team": "Unknown",
        "hits": 0,
        "rbi": 0
      },
      {
        "name": "Eli White",
        "team": "Unknown",
        "hits": 0,
        "rbi": 0
      },
      {
        "name": "Ozzie Albies",
        "team": "Unknown",
        "hits": 1,
        "rbi": 0
      },
      {
        "name": "Austin Riley",
        "team": "Unknown",
        "hits": 1,
        "rbi": 0
      },
      {
        "name": "Orlando Arcia",
        "team": "Unknown",
        "hits": 2,
        "rbi": 1
      },
      {
        "name": "Marcell Ozuna",
        "team": "Unknown",
        "hits": 0,
        "rbi": 0
      },
      {
        "name": "Jonathan India",
        "team": "Unknown",
        "hits": 3,
        "rbi": 1
      },
      {
        "name": "Jake Fraley",
        "team": "Unknown",
        "hits": 2,
        "rbi": 1
      },
      {
        "name": "Will Benson",
        "team": "Unknown",
        "hits": 0,
        "rbi": 0
      },
      {
        "name": "TJ Friedl",
        "team": "Unknown",
        "hits": 0,
        "rbi": 0
      },
      {
        "name": "Kevin Newman",
        "team": "Unknown",
        "hits": 0,
        "rbi": 0
      },
      {
        "name": "Wil Myers",
        "team": "Unknown",
        "hits": 2,
        "rbi": 0
      },
      {
        "name": "Spencer Steer",
        "team": "Unknown",
        "hits": 2,
        "rbi": 1
      },
      {
        "name": "Tyler Stephenson",
        "team": "Unknown",
        "hits": 0,
        "rbi": 0
      },
      {
        "name": "Jose Barrero",
        "team": "Unknown",
        "hits": 2,
        "rbi": 0
      },
      {
        "name": "Jason Vosler",
        "team": "Unknown",
        "hits": 0,
        "rbi": 0
      },
      {
        "name": "Stuart Fairchild",
        "team": "Unknown",
        "hits": 1,
        "rbi": 1
      }
    ],
    "pitcher_stats": [
      {
        "name": "Nick Anderson",
        "team": "Unknown",
        "innings_pitched": "1.0",
        "strikeouts": 1,
        "earned_runs": 1
      },
      {
        "name": "Dylan Lee",
        "team": "Unknown",
        "innings_pitched": "1.0",
        "strikeouts": 1,
        "earned_runs": 0
      },
      {
        "name": "Jesse Chavez",
        "team": "Unknown",
        "innings_pitched": "0.2",
        "strikeouts": 0,
        "earned_runs": 0
      },
      {
        "name": "A.J. Minter",
        "team": "Unknown",
        "innings_pitched": "1.0",
        "strikeouts": 0,
        "earned_runs": 2
      },
      {
        "name": "Bryce Elder",
        "team": "Unknown",
        "innings_pitched": "6.1",
        "strikeouts": 7,
        "earned_runs": 0
      },
      {
        "name": "Graham Ashcraft",
        "team": "Unknown",
        "innings_pitched": "6.0",
        "strikeouts": 7,
        "earned_runs": 2
      },
      {
        "name": "Reiver Sanmartin",
        "team": "Unknown",
        "innings_pitched": "1.1",
        "strikeouts": 2,
        "earned_runs": 1
      },
      {
        "name": "Buck Farmer",
        "team": "Unknown",
        "innings_pitched": "0.2",
        "strikeouts": 2,
        "earned_runs": 0
      },
      {
        "name": "Derek Law",
        "team": "Unknown",
        "innings_pitched": "0.0",
        "strikeouts": 0,
        "earned_runs": 1
      },
      {
        "name": "Alexis D\u00edaz",
        "team": "Unknown",
        "innings_pitched": "1.0",
        "strikeouts": 2,
        "earned_runs": 0
      }
    ]
  },
  {
    "date": "2023-04-10",
    "home_team": "Chicago Cubs",
    "away_team": "Seattle Mariners",
    "home_score": 3,
    "away_score": 2,
    "status": "Final",
    "game_id": 718628,
    "starting_pitchers": {
      "home": "Drew Smyly",
      "away": "Luis Castillo"
    },
    "first_inning_runs": {
      "home": 0,
      "away": 0
    },
    "player_stats": [
      {
        "name": "Trey Mancini",
        "team": "Unknown",
        "hits": 1,
        "rbi": 0
      },
      {
        "name": "Tucker Barnhart",
        "team": "Unknown",
        "hits": 0,
        "rbi": 0
      },
      {
        "name": "Ian Happ",
        "team": "Unknown",
        "hits": 0,
        "rbi": 0
      },
      {
        "name": "Patrick Wisdom",
        "team": "Unknown",
        "hits": 0,
        "rbi": 0
      },
      {
        "name": "Yan Gomes",
        "team": "Unknown",
        "hits": 0,
        "rbi": 0
      },
      {
        "name": "Miles Mastrobuoni",
        "team": "Unknown",
        "hits": 1,
        "rbi": 0
      },
      {
        "name": "Cody Bellinger",
        "team": "Unknown",
        "hits": 1,
        "rbi": 1
      },
      {
        "name": "Dansby Swanson",
        "team": "Unknown",
        "hits": 0,
        "rbi": 0
      },
      {
        "name": "Nico Hoerner",
        "team": "Unknown",
        "hits": 3,
        "rbi": 1
      },
      {
        "name": "Eric Hosmer",
        "team": "Unknown",
        "hits": 2,
        "rbi": 1
      },
      {
        "name": "Kolten Wong",
        "team": "Unknown",
        "hits": 2,
        "rbi": 0
      },
      {
        "name": "Cooper Hummel",
        "team": "Unknown",
        "hits": 1,
        "rbi": 0
      },
      {
        "name": "J.P. Crawford",
        "team": "Unknown",
        "hits": 0,
        "rbi": 0
      },
      {
        "name": "Cal Raleigh",
        "team": "Unknown",
        "hits": 0,
        "rbi": 0
      },
      {
        "name": "AJ Pollock",
        "team": "Unknown",
        "hits": 0,
        "rbi": 1
      },
      {
        "name": "Teoscar Hern\u00e1ndez",
        "team": "Unknown",
        "hits": 1,
        "rbi": 0
      },
      {
        "name": "Eugenio Su\u00e1rez",
        "team": "Unknown",
        "hits": 0,
        "rbi": 0
      },
      {
        "name": "Ty France",
        "team": "Unknown",
        "hits": 1,
        "rbi": 0
      },
      {
        "name": "Tom Murphy",
        "team": "Unknown",
        "hits": 0,
        "rbi": 0
      },
      {
        "name": "Sam Haggerty",
        "team": "Unknown",
        "hits": 0,
        "rbi": 0
      },
      {
        "name": "Julio Rodr\u00edguez",
        "team": "Unknown",
        "hits": 0,
        "rbi": 0
      },
      {
        "name": "Jarred Kelenic",
        "team": "Unknown",
        "hits": 1,
        "rbi": 1
      }
    ],
    "pitcher_stats": [
      {
        "name": "Adbert Alzolay",
        "team": "Unknown",
        "innings_pitched": "1.1",
        "strikeouts": 0,
        "earned_runs": 0
      },
      {
        "name": "Keegan Thompson",
        "team": "Unknown",
        "innings_pitched": "1.0",
        "strikeouts": 1,
        "earned_runs": 0
      },
      {
        "name": "Drew Smyly",
        "team": "Unknown",
        "innings_pitched": "5.0",
        "strikeouts": 7,
        "earned_runs": 1
      },
      {
        "name": "Mark Leiter Jr.",
        "team": "Unknown",
        "innings_pitched": "0.2",
        "strikeouts": 0,
        "earned_runs": 0
      },
      {
        "name": "Michael Fulmer",
        "team": "Unknown",
        "innings_pitched": "1.0",
        "strikeouts": 1,
        "earned_runs": 1
      },
      {
        "name": "Brad Boxberger",
        "team": "Unknown",
        "innings_pitched": "1.0",
        "strikeouts": 0,
        "earned_runs": 0
      },
      {
        "name": "Justin Topa",
        "team": "Unknown",
        "innings_pitched": "1.0",
        "strikeouts": 1,
        "earned_runs": 0
      },
      {
        "name": "Matt Brash",
        "team": "Unknown",
        "innings_pitched": "0.1",
        "strikeouts": 1,
        "earned_runs": 0
      },
      {
        "name": "Paul Sewald",
        "team": "Unknown",
        "innings_pitched": "1.0",
        "strikeouts": 1,
        "earned_runs": 0
      },
      {
        "name": "Luis Castillo",
        "team": "Unknown",
        "innings_pitched": "6.0",
        "strikeouts": 5,
        "earned_runs": 2
      },
      {
        "name": "Gabe Speier",
        "team": "Unknown",
        "innings_pitched": "1.0",
        "strikeouts": 1,
        "earned_runs": 0
      }
    ]
  },
  {
    "date": "2023-04-10",
    "home_team": "Texas Rangers",
    "away_team": "Kansas City Royals",
    "home_score": 11,
    "away_score": 2,
    "status": "Final",
    "game_id": 718630,
    "starting_pitchers": {
      "home": "Andrew Heaney",
      "away": "Zack Greinke"
    },
    "first_inning_runs": {
      "home": 1,
      "away": 1
    },
    "player_stats": [
      {
        "name": "Jonah Heim",
        "team": "Unknown",
        "hits": 2,
        "rbi": 1
      },
      {
        "name": "Bubba Thompson",
        "team": "Unknown",
        "hits": 1,
        "rbi": 1
      },
      {
        "name": "Nathaniel Lowe",
        "team": "Unknown",
        "hits": 1,
        "rbi": 1
      },
      {
        "name": "Corey Seager",
        "team": "Unknown",
        "hits": 3,
        "rbi": 2
      },
      {
        "name": "Brad Miller",
        "team": "Unknown",
        "hits": 0,
        "rbi": 0
      },
      {
        "name": "Marcus Semien",
        "team": "Unknown",
        "hits": 0,
        "rbi": 0
      },
      {
        "name": "Ezequiel Duran",
        "team": "Unknown",
        "hits": 1,
        "rbi": 0
      },
      {
        "name": "Travis Jankowski",
        "team": "Unknown",
        "hits": 2,
        "rbi": 2
      },
      {
        "name": "Josh Smith",
        "team": "Unknown",
        "hits": 0,
        "rbi": 0
      },
      {
        "name": "Adolis Garc\u00eda",
        "team": "Unknown",
        "hits": 1,
        "rbi": 4
      },
      {
        "name": "Robbie Grossman",
        "team": "Unknown",
        "hits": 0,
        "rbi": 0
      },
      {
        "name": "Salvador Perez",
        "team": "Unknown",
        "hits": 0,
        "rbi": 0
      },
      {
        "name": "Edward Olivares",
        "team": "Unknown",
        "hits": 1,
        "rbi": 0
      },
      {
        "name": "Nicky Lopez",
        "team": "Unknown",
        "hits": 0,
        "rbi": 0
      },
      {
        "name": "Michael Massey",
        "team": "Unknown",
        "hits": 0,
        "rbi": 0
      },
      {
        "name": "Nate Eaton",
        "team": "Unknown",
        "hits": 1,
        "rbi": 0
      },
      {
        "name": "Hunter Dozier",
        "team": "Unknown",
        "hits": 1,
        "rbi": 1
      },
      {
        "name": "Matt Duffy",
        "team": "Unknown",
        "hits": 0,
        "rbi": 0
      },
      {
        "name": "Vinnie Pasquantino",
        "team": "Unknown",
        "hits": 0,
        "rbi": 0
      },
      {
        "name": "Jackie Bradley Jr.",
        "team": "Unknown",
        "hits": 0,
        "rbi": 0
      },
      {
        "name": "Bobby Witt Jr.",
        "team": "Unknown",
        "hits": 1,
        "rbi": 0
      }
    ],
    "pitcher_stats": [
      {
        "name": "Dane Dunning",
        "team": "Unknown",
        "innings_pitched": "2.0",
        "strikeouts": 2,
        "earned_runs": 0
      },
      {
        "name": "Andrew Heaney",
        "team": "Unknown",
        "innings_pitched": "5.0",
        "strikeouts": 10,
        "earned_runs": 0
      },
      {
        "name": "Brock Burke",
        "team": "Unknown",
        "innings_pitched": "2.0",
        "strikeouts": 1,
        "earned_runs": 1
      },
      {
        "name": "Jose Cuas",
        "team": "Unknown",
        "innings_pitched": "1.1",
        "strikeouts": 1,
        "earned_runs": 1
      },
      {
        "name": "Dylan Coleman",
        "team": "Unknown",
        "innings_pitched": "0.2",
        "strikeouts": 1,
        "earned_runs": 6
      },
      {
        "name": "Zack Greinke",
        "team": "Unknown",
        "innings_pitched": "5.0",
        "strikeouts": 3,
        "earned_runs": 3
      },
      {
        "name": "Nate Eaton",
        "team": "Unknown",
        "innings_pitched": "1.0",
        "strikeouts": 1,
        "earned_runs": 0
      }
    ]
  },
  {
    "date": "2023-04-10",
    "home_team": "Colorado Rockies",
    "away_team": "St. Louis Cardinals",
    "home_score": 7,
    "away_score": 4,
    "status": "Final",
    "game_id": 718629,
    "starting_pitchers": {
      "home": "Germ\u00e1n M\u00e1rquez",
      "away": "Steven Matz"
    },
    "first_inning_runs": {
      "home": 0,
      "away": 0
    },
    "player_stats": [
      {
        "name": "Jurickson Profar",
        "team": "Unknown",
        "hits": 1,
        "rbi": 1
      },
      {
        "name": "Yonathan Daza",
        "team": "Unknown",
        "hits": 1,
        "rbi": 1
      },
      {
        "name": "Kris Bryant",
        "team": "Unknown",
        "hits": 1,
        "rbi": 0
      },
      {
        "name": "C.J. Cron",
        "team": "Unknown",
        "hits": 1,
        "rbi": 0
      },
      {
        "name": "Charlie Blackmon",
        "team": "Unknown",
        "hits": 1,
        "rbi": 0
      },
      {
        "name": "Elias D\u00edaz",
        "team": "Unknown",
        "hits": 1,
        "rbi": 0
      },
      {
        "name": "Ezequiel Tovar",
        "team": "Unknown",
        "hits": 2,
        "rbi": 1
      },
      {
        "name": "Elehuris Montero",
        "team": "Unknown",
        "hits": 2,
        "rbi": 1
      },
      {
        "name": "Alan Trejo",
        "team": "Unknown",
        "hits": 3,
        "rbi": 2
      },
      {
        "name": "Nolan Gorman",
        "team": "Unknown",
        "hits": 1,
        "rbi": 1
      },
      {
        "name": "Jordan Walker",
        "team": "Unknown",
        "hits": 1,
        "rbi": 0
      },
      {
        "name": "Dylan Carlson",
        "team": "Unknown",
        "hits": 0,
        "rbi": 0
      },
      {
        "name": "Willson Contreras",
        "team": "Unknown",
        "hits": 0,
        "rbi": 0
      },
      {
        "name": "Nolan Arenado",
        "team": "Unknown",
        "hits": 0,
        "rbi": 0
      },
      {
        "name": "Alec Burleson",
        "team": "Unknown",
        "hits": 1,
        "rbi": 1
      },
      {
        "name": "Paul Goldschmidt",
        "team": "Unknown",
        "hits": 2,
        "rbi": 2
      },
      {
        "name": "Tommy Edman",
        "team": "Unknown",
        "hits": 0,
        "rbi": 0
      },
      {
        "name": "Brendan Donovan",
        "team": "Unknown",
        "hits": 1,
        "rbi": 0
      }
    ],
    "pitcher_stats": [
      {
        "name": "Germ\u00e1n M\u00e1rquez",
        "team": "Unknown",
        "innings_pitched": "5.0",
        "strikeouts": 4,
        "earned_runs": 2
      },
      {
        "name": "Justin Lawrence",
        "team": "Unknown",
        "innings_pitched": "2.0",
        "strikeouts": 1,
        "earned_runs": 1
      },
      {
        "name": "Brent Suter",
        "team": "Unknown",
        "innings_pitched": "2.0",
        "strikeouts": 1,
        "earned_runs": 0
      },
      {
        "name": "Steven Matz",
        "team": "Unknown",
        "innings_pitched": "5.2",
        "strikeouts": 4,
        "earned_runs": 6
      },
      {
        "name": "Zack Thompson",
        "team": "Unknown",
        "innings_pitched": "0.1",
        "strikeouts": 0,
        "earned_runs": 0
      },
      {
        "name": "Drew VerHagen",
        "team": "Unknown",
        "innings_pitched": "1.0",
        "strikeouts": 2,
        "earned_runs": 0
      },
      {
        "name": "Chris Stratton",
        "team": "Unknown",
        "innings_pitched": "1.0",
        "strikeouts": 1,
        "earned_runs": 0
      }
    ]
  },
  {
    "date": "2023-04-10",
    "home_team": "Los Angeles Angels",
    "away_team": "Washington Nationals",
    "home_score": 4,
    "away_score": 6,
    "status": "Final",
    "game_id": 718631,
    "starting_pitchers": {
      "home": "Jos\u00e9 Suarez",
      "away": "Patrick Corbin"
    },
    "first_inning_runs": {
      "home": 2,
      "away": 0
    },
    "player_stats": [
      {
        "name": "Luis Rengifo",
        "team": "Unknown",
        "hits": 2,
        "rbi": 2
      },
      {
        "name": "Taylor Ward",
        "team": "Unknown",
        "hits": 1,
        "rbi": 0
      },
      {
        "name": "Hunter Renfroe",
        "team": "Unknown",
        "hits": 2,
        "rbi": 1
      },
      {
        "name": "Brandon Drury",
        "team": "Unknown",
        "hits": 0,
        "rbi": 0
      },
      {
        "name": "Mike Trout",
        "team": "Unknown",
        "hits": 0,
        "rbi": 0
      },
      {
        "name": "Gio Urshela",
        "team": "Unknown",
        "hits": 1,
        "rbi": 1
      },
      {
        "name": "Shohei Ohtani",
        "team": "Unknown",
        "hits": 0,
        "rbi": 0
      },
      {
        "name": "David Fletcher",
        "team": "Unknown",
        "hits": 0,
        "rbi": 0
      },
      {
        "name": "Jake Lamb",
        "team": "Unknown",
        "hits": 0,
        "rbi": 0
      },
      {
        "name": "Logan O'Hoppe",
        "team": "Unknown",
        "hits": 1,
        "rbi": 0
      },
      {
        "name": "Victor Robles",
        "team": "Unknown",
        "hits": 2,
        "rbi": 1
      },
      {
        "name": "CJ Abrams",
        "team": "Unknown",
        "hits": 1,
        "rbi": 2
      },
      {
        "name": "Joey Meneses",
        "team": "Unknown",
        "hits": 2,
        "rbi": 0
      },
      {
        "name": "Michael Chavis",
        "team": "Unknown",
        "hits": 1,
        "rbi": 0
      },
      {
        "name": "Jeimer Candelario",
        "team": "Unknown",
        "hits": 2,
        "rbi": 2
      },
      {
        "name": "Dominic Smith",
        "team": "Unknown",
        "hits": 2,
        "rbi": 0
      },
      {
        "name": "Alex Call",
        "team": "Unknown",
        "hits": 2,
        "rbi": 0
      },
      {
        "name": "Keibert Ruiz",
        "team": "Unknown",
        "hits": 1,
        "rbi": 0
      },
      {
        "name": "Lane Thomas",
        "team": "Unknown",
        "hits": 1,
        "rbi": 1
      }
    ],
    "pitcher_stats": [
      {
        "name": "Jimmy Herget",
        "team": "Unknown",
        "innings_pitched": "1.0",
        "strikeouts": 0,
        "earned_runs": 0
      },
      {
        "name": "Jos\u00e9 Suarez",
        "team": "Unknown",
        "innings_pitched": "4.0",
        "strikeouts": 2,
        "earned_runs": 4
      },
      {
        "name": "Matt Moore",
        "team": "Unknown",
        "innings_pitched": "1.0",
        "strikeouts": 1,
        "earned_runs": 0
      },
      {
        "name": "Tucker Davidson",
        "team": "Unknown",
        "innings_pitched": "3.0",
        "strikeouts": 3,
        "earned_runs": 2
      },
      {
        "name": "Mason Thompson",
        "team": "Unknown",
        "innings_pitched": "0.2",
        "strikeouts": 0,
        "earned_runs": 0
      },
      {
        "name": "Hunter Harvey",
        "team": "Unknown",
        "innings_pitched": "1.1",
        "strikeouts": 2,
        "earned_runs": 0
      },
      {
        "name": "Kyle Finnegan",
        "team": "Unknown",
        "innings_pitched": "1.0",
        "strikeouts": 1,
        "earned_runs": 0
      },
      {
        "name": "Carl Edwards Jr.",
        "team": "Unknown",
        "innings_pitched": "1.0",
        "strikeouts": 2,
        "earned_runs": 0
      },
      {
        "name": "Patrick Corbin",
        "team": "Unknown",
        "innings_pitched": "5.0",
        "strikeouts": 3,
        "earned_runs": 4
      }
    ]
  },
  {
    "date": "2023-04-10",
    "home_team": "Arizona Diamondbacks",
    "away_team": "Milwaukee Brewers",
    "home_score": 3,
    "away_score": 0,
    "status": "Final",
    "game_id": 718627,
    "starting_pitchers": {
      "home": "Zac Gallen",
      "away": "Wade Miley"
    },
    "first_inning_runs": {
      "home": 1,
      "away": 0
    },
    "player_stats": [
      {
        "name": "Josh Rojas",
        "team": "Unknown",
        "hits": 1,
        "rbi": 1
      },
      {
        "name": "Jake McCarthy",
        "team": "Unknown",
        "hits": 0,
        "rbi": 0
      },
      {
        "name": "Nick Ahmed",
        "team": "Unknown",
        "hits": 3,
        "rbi": 0
      },
      {
        "name": "Ketel Marte",
        "team": "Unknown",
        "hits": 2,
        "rbi": 0
      },
      {
        "name": "Gabriel Moreno",
        "team": "Unknown",
        "hits": 0,
        "rbi": 0
      },
      {
        "name": "Lourdes Gurriel Jr.",
        "team": "Unknown",
        "hits": 0,
        "rbi": 0
      },
      {
        "name": "Christian Walker",
        "team": "Unknown",
        "hits": 1,
        "rbi": 2
      },
      {
        "name": "Evan Longoria",
        "team": "Unknown",
        "hits": 1,
        "rbi": 0
      },
      {
        "name": "Alek Thomas",
        "team": "Unknown",
        "hits": 0,
        "rbi": 0
      },
      {
        "name": "Joey Wiemer",
        "team": "Unknown",
        "hits": 0,
        "rbi": 0
      },
      {
        "name": "Christian Yelich",
        "team": "Unknown",
        "hits": 0,
        "rbi": 0
      },
      {
        "name": "Rowdy Tellez",
        "team": "Unknown",
        "hits": 0,
        "rbi": 0
      },
      {
        "name": "Brian Anderson",
        "team": "Unknown",
        "hits": 0,
        "rbi": 0
      },
      {
        "name": "Garrett Mitchell",
        "team": "Unknown",
        "hits": 1,
        "rbi": 0
      },
      {
        "name": "William Contreras",
        "team": "Unknown",
        "hits": 1,
        "rbi": 0
      },
      {
        "name": "Brice Turang",
        "team": "Unknown",
        "hits": 1,
        "rbi": 0
      },
      {
        "name": "Luke Voit",
        "team": "Unknown",
        "hits": 0,
        "rbi": 0
      },
      {
        "name": "Willy Adames",
        "team": "Unknown",
        "hits": 0,
        "rbi": 0
      }
    ],
    "pitcher_stats": [
      {
        "name": "Scott McGough",
        "team": "Unknown",
        "innings_pitched": "1.0",
        "strikeouts": 1,
        "earned_runs": 0
      },
      {
        "name": "Andrew Chafin",
        "team": "Unknown",
        "innings_pitched": "1.0",
        "strikeouts": 3,
        "earned_runs": 0
      },
      {
        "name": "Zac Gallen",
        "team": "Unknown",
        "innings_pitched": "7.0",
        "strikeouts": 11,
        "earned_runs": 0
      },
      {
        "name": "Javy Guerra",
        "team": "Unknown",
        "innings_pitched": "1.0",
        "strikeouts": 0,
        "earned_runs": 0
      },
      {
        "name": "Wade Miley",
        "team": "Unknown",
        "innings_pitched": "5.0",
        "strikeouts": 3,
        "earned_runs": 3
      },
      {
        "name": "Bryse Wilson",
        "team": "Unknown",
        "innings_pitched": "2.0",
        "strikeouts": 3,
        "earned_runs": 0
      }
    ]
  },
  {
    "date": "2023-04-10",
    "home_team": "San Francisco Giants",
    "away_team": "Los Angeles Dodgers",
    "home_score": 1,
    "away_score": 9,
    "status": "Final",
    "game_id": 718641,
    "starting_pitchers": {
      "home": "Logan Webb",
      "away": "Julio Ur\u00edas"
    },
    "first_inning_runs": {
      "home": 0,
      "away": 1
    },
    "player_stats": [
      {
        "name": "Heliot Ramos",
        "team": "Unknown",
        "hits": 1,
        "rbi": 0
      },
      {
        "name": "Joey Bart",
        "team": "Unknown",
        "hits": 1,
        "rbi": 0
      },
      {
        "name": "Thairo Estrada",
        "team": "Unknown",
        "hits": 0,
        "rbi": 0
      },
      {
        "name": "David Villar",
        "team": "Unknown",
        "hits": 0,
        "rbi": 0
      },
      {
        "name": "Brandon Crawford",
        "team": "Unknown",
        "hits": 1,
        "rbi": 0
      },
      {
        "name": "Wilmer Flores",
        "team": "Unknown",
        "hits": 1,
        "rbi": 1
      },
      {
        "name": "Bryce Johnson",
        "team": "Unknown",
        "hits": 0,
        "rbi": 0
      },
      {
        "name": "Mike Yastrzemski",
        "team": "Unknown",
        "hits": 1,
        "rbi": 0
      },
      {
        "name": "J.D. Davis",
        "team": "Unknown",
        "hits": 2,
        "rbi": 0
      },
      {
        "name": "Will Smith",
        "team": "Unknown",
        "hits": 1,
        "rbi": 0
      },
      {
        "name": "Chris Taylor",
        "team": "Unknown",
        "hits": 0,
        "rbi": 0
      },
      {
        "name": "Max Muncy",
        "team": "Unknown",
        "hits": 3,
        "rbi": 7
      },
      {
        "name": "Jason Heyward",
        "team": "Unknown",
        "hits": 0,
        "rbi": 0
      },
      {
        "name": "Freddie Freeman",
        "team": "Unknown",
        "hits": 1,
        "rbi": 0
      },
      {
        "name": "David Peralta",
        "team": "Unknown",
        "hits": 0,
        "rbi": 0
      },
      {
        "name": "J.D. Martinez",
        "team": "Unknown",
        "hits": 0,
        "rbi": 0
      },
      {
        "name": "James Outman",
        "team": "Unknown",
        "hits": 1,
        "rbi": 0
      },
      {
        "name": "Mookie Betts",
        "team": "Unknown",
        "hits": 3,
        "rbi": 2
      },
      {
        "name": "Miguel Vargas",
        "team": "Unknown",
        "hits": 0,
        "rbi": 0
      }
    ],
    "pitcher_stats": [
      {
        "name": "Logan Webb",
        "team": "Unknown",
        "innings_pitched": "6.0",
        "strikeouts": 6,
        "earned_runs": 1
      },
      {
        "name": "Sean Hjelle",
        "team": "Unknown",
        "innings_pitched": "2.1",
        "strikeouts": 5,
        "earned_runs": 4
      },
      {
        "name": "Taylor Rogers",
        "team": "Unknown",
        "innings_pitched": "0.2",
        "strikeouts": 0,
        "earned_runs": 1
      },
      {
        "name": "Alex Vesia",
        "team": "Unknown",
        "innings_pitched": "0.2",
        "strikeouts": 2,
        "earned_runs": 0
      },
      {
        "name": "Yency Almonte",
        "team": "Unknown",
        "innings_pitched": "1.0",
        "strikeouts": 0,
        "earned_runs": 0
      },
      {
        "name": "Julio Ur\u00edas",
        "team": "Unknown",
        "innings_pitched": "6.0",
        "strikeouts": 8,
        "earned_runs": 1
      },
      {
        "name": "Andre Jackson",
        "team": "Unknown",
        "innings_pitched": "1.1",
        "strikeouts": 3,
        "earned_runs": 0
      }
    ]
  }
]