[
  {
    "date": "2023-04-02",
    "home_team": "Tampa Bay Rays",
    "away_team": "Detroit Tigers",
    "home_score": 5,
    "away_score": 1,
    "status": "Final",
    "game_id": 718742,
    "starting_pitchers": {
      "home": "Jeffrey Springs",
      "away": "Joey Wentz"
    },
    "first_inning_runs": {
      "home": 0,
      "away": 0
    },
    "player_stats": [
      {
        "name": "Taylor Walls",
        "team": "Unknown",
        "hits": 1,
        "rbi": 0
      },
      {
        "name": "Jose Siri",
        "team": "Unknown",
        "hits": 1,
        "rbi": 2
      },
      {
        "name": "Isaac Paredes",
        "team": "Unknown",
        "hits": 1,
        "rbi": 1
      },
      {
        "name": "Harold Ram\u00edrez",
        "team": "Unknown",
        "hits": 0,
        "rbi": 0
      },
      {
        "name": "Brandon Lowe",
        "team": "Unknown",
        "hits": 1,
        "rbi": 0
      },
      {
        "name": "Randy Arozarena",
        "team": "Unknown",
        "hits": 1,
        "rbi": 1
      },
      {
        "name": "Christian Bethancourt",
        "team": "Unknown",
        "hits": 0,
        "rbi": 0
      },
      {
        "name": "Manuel Margot",
        "team": "Unknown",
        "hits": 0,
        "rbi": 0
      },
      {
        "name": "Josh Lowe",
        "team": "Unknown",
        "hits": 1,
        "rbi": 0
      },
      {
        "name": "Yandy D\u00edaz",
        "team": "Unknown",
        "hits": 0,
        "rbi": 0
      },
      {
        "name": "Wander Franco",
        "team": "Unknown",
        "hits": 2,
        "rbi": 0
      },
      {
        "name": "Luke Raley",
        "team": "Unknown",
        "hits": 0,
        "rbi": 0
      },
      {
        "name": "Nick Maton",
        "team": "Unknown",
        "hits": 0,
        "rbi": 0
      },
      {
        "name": "Zach McKinstry",
        "team": "Unknown",
        "hits": 0,
        "rbi": 0
      },
      {
        "name": "Austin Meadows",
        "team": "Unknown",
        "hits": 0,
        "rbi": 0
      },
      {
        "name": "Javier B\u00e1ez",
        "team": "Unknown",
        "hits": 0,
        "rbi": 0
      },
      {
        "name": "Riley Greene",
        "team": "Unknown",
        "hits": 1,
        "rbi": 0
      },
      {
        "name": "Jonathan Schoop",
        "team": "Unknown",
        "hits": 0,
        "rbi": 0
      },
      {
        "name": "Spencer Torkelson",
        "team": "Unknown",
        "hits": 0,
        "rbi": 0
      },
      {
        "name": "Jake Rogers",
        "team": "Unknown",
        "hits": 1,
        "rbi": 1
      },
      {
        "name": "Miguel Cabrera",
        "team": "Unknown",
        "hits": 0,
        "rbi": 0
      },
      {
        "name": "Matt Vierling",
        "team": "Unknown",
        "hits": 0,
        "rbi": 0
      }
    ],
    "pitcher_stats": [
      {
        "name": "Jalen Beeks",
        "team": "Unknown",
        "innings_pitched": "1.0",
        "strikeouts": 1,
        "earned_runs": 1
      },
      {
        "name": "Colin Poche",
        "team": "Unknown",
        "innings_pitched": "1.0",
        "strikeouts": 0,
        "earned_runs": 0
      },
      {
        "name": "Jeffrey Springs",
        "team": "Unknown",
        "innings_pitched": "6.0",
        "strikeouts": 12,
        "earned_runs": 0
      },
      {
        "name": "Ryan Thompson",
        "team": "Unknown",
        "innings_pitched": "1.0",
        "strikeouts": 1,
        "earned_runs": 0
      },
      {
        "name": "Chasen Shreve",
        "team": "Unknown",
        "innings_pitched": "1.0",
        "strikeouts": 0,
        "earned_runs": 1
      },
      {
        "name": "Jason Foley",
        "team": "Unknown",
        "innings_pitched": "0.2",
        "strikeouts": 1,
        "earned_runs": 1
      },
      {
        "name": "Joey Wentz",
        "team": "Unknown",
        "innings_pitched": "5.1",
        "strikeouts": 3,
        "earned_runs": 3
      },
      {
        "name": "Alex Lange",
        "team": "Unknown",
        "innings_pitched": "1.0",
        "strikeouts": 0,
        "earned_runs": 0
      }
    ]
  },
  {
    "date": "2023-04-02",
    "home_team": "Boston Red Sox",
    "away_team": "Baltimore Orioles",
    "home_score": 9,
    "away_score": 5,
    "status": "Final",
    "game_id": 718748,
    "starting_pitchers": {
      "home": "Tanner Houck",
      "away": "Cole Irvin"
    },
    "first_inning_runs": {
      "home": 1,
      "away": 0
    },
    "player_stats": [
      {
        "name": "Adam Duvall",
        "team": "Unknown",
        "hits": 3,
        "rbi": 2
      },
      {
        "name": "Yu Chang",
        "team": "Unknown",
        "hits": 0,
        "rbi": 0
      },
      {
        "name": "Connor Wong",
        "team": "Unknown",
        "hits": 0,
        "rbi": 0
      },
      {
        "name": "Enrique Hern\u00e1ndez",
        "team": "Unknown",
        "hits": 2,
        "rbi": 2
      },
      {
        "name": "Rob Refsnyder",
        "team": "Unknown",
        "hits": 1,
        "rbi": 0
      },
      {
        "name": "Alex Verdugo",
        "team": "Unknown",
        "hits": 2,
        "rbi": 2
      },
      {
        "name": "Christian Arroyo",
        "team": "Unknown",
        "hits": 0,
        "rbi": 0
      },
      {
        "name": "Rafael Devers",
        "team": "Unknown",
        "hits": 2,
        "rbi": 0
      },
      {
        "name": "Masataka Yoshida",
        "team": "Unknown",
        "hits": 2,
        "rbi": 2
      },
      {
        "name": "Triston Casas",
        "team": "Unknown",
        "hits": 1,
        "rbi": 1
      },
      {
        "name": "Justin Turner",
        "team": "Unknown",
        "hits": 1,
        "rbi": 0
      },
      {
        "name": "Adam Frazier",
        "team": "Unknown",
        "hits": 3,
        "rbi": 2
      },
      {
        "name": "Gunnar Henderson",
        "team": "Unknown",
        "hits": 0,
        "rbi": 0
      },
      {
        "name": "Anthony Santander",
        "team": "Unknown",
        "hits": 1,
        "rbi": 0
      },
      {
        "name": "Ryan Mountcastle",
        "team": "Unknown",
        "hits": 1,
        "rbi": 0
      },
      {
        "name": "Adley Rutschman",
        "team": "Unknown",
        "hits": 0,
        "rbi": 0
      },
      {
        "name": "Austin Hays",
        "team": "Unknown",
        "hits": 1,
        "rbi": 0
      },
      {
        "name": "Kyle Stowers",
        "team": "Unknown",
        "hits": 0,
        "rbi": 0
      },
      {
        "name": "Ram\u00f3n Ur\u00edas",
        "team": "Unknown",
        "hits": 1,
        "rbi": 0
      },
      {
        "name": "Terrin Vavra",
        "team": "Unknown",
        "hits": 1,
        "rbi": 0
      },
      {
        "name": "Cedric Mullins",
        "team": "Unknown",
        "hits": 2,
        "rbi": 3
      }
    ],
    "pitcher_stats": [
      {
        "name": "Richard Bleier",
        "team": "Unknown",
        "innings_pitched": "1.0",
        "strikeouts": 2,
        "earned_runs": 2
      },
      {
        "name": "Kaleb Ort",
        "team": "Unknown",
        "innings_pitched": "1.0",
        "strikeouts": 1,
        "earned_runs": 0
      },
      {
        "name": "Tanner Houck",
        "team": "Unknown",
        "innings_pitched": "5.0",
        "strikeouts": 5,
        "earned_runs": 3
      },
      {
        "name": "Chris Martin",
        "team": "Unknown",
        "innings_pitched": "1.0",
        "strikeouts": 0,
        "earned_runs": 0
      },
      {
        "name": "John Schreiber",
        "team": "Unknown",
        "innings_pitched": "1.0",
        "strikeouts": 2,
        "earned_runs": 0
      },
      {
        "name": "Keegan Akin",
        "team": "Unknown",
        "innings_pitched": "0.1",
        "strikeouts": 0,
        "earned_runs": 2
      },
      {
        "name": "Mike Baumann",
        "team": "Unknown",
        "innings_pitched": "1.2",
        "strikeouts": 1,
        "earned_runs": 1
      },
      {
        "name": "Cole Irvin",
        "team": "Unknown",
        "innings_pitched": "4.0",
        "strikeouts": 4,
        "earned_runs": 6
      },
      {
        "name": "Bryan Baker",
        "team": "Unknown",
        "innings_pitched": "2.0",
        "strikeouts": 2,
        "earned_runs": 0
      }
    ]
  },
  {
    "date": "2023-04-02",
    "home_team": "Washington Nationals",
    "away_team": "Atlanta Braves",
    "home_score": 4,
    "away_score": 1,
    "status": "Final",
    "game_id": 718743,
    "starting_pitchers": {
      "home": "MacKenzie Gore",
      "away": "Jared Shuster"
    },
    "first_inning_runs": {
      "home": 4,
      "away": 0
    },
    "player_stats": [
      {
        "name": "Victor Robles",
        "team": "Unknown",
        "hits": 0,
        "rbi": 0
      },
      {
        "name": "Joey Meneses",
        "team": "Unknown",
        "hits": 1,
        "rbi": 0
      },
      {
        "name": "Ildemaro Vargas",
        "team": "Unknown",
        "hits": 0,
        "rbi": 0
      },
      {
        "name": "Jeimer Candelario",
        "team": "Unknown",
        "hits": 1,
        "rbi": 0
      },
      {
        "name": "Dominic Smith",
        "team": "Unknown",
        "hits": 1,
        "rbi": 1
      },
      {
        "name": "Alex Call",
        "team": "Unknown",
        "hits": 0,
        "rbi": 1
      },
      {
        "name": "Keibert Ruiz",
        "team": "Unknown",
        "hits": 0,
        "rbi": 1
      },
      {
        "name": "Lane Thomas",
        "team": "Unknown",
        "hits": 2,
        "rbi": 0
      },
      {
        "name": "Luis Garc\u00eda Jr.",
        "team": "Unknown",
        "hits": 1,
        "rbi": 1
      },
      {
        "name": "Michael Harris II",
        "team": "Unknown",
        "hits": 1,
        "rbi": 0
      },
      {
        "name": "Travis d'Arnaud",
        "team": "Unknown",
        "hits": 1,
        "rbi": 1
      },
      {
        "name": "Matt Olson",
        "team": "Unknown",
        "hits": 0,
        "rbi": 0
      },
      {
        "name": "Sean Murphy",
        "team": "Unknown",
        "hits": 0,
        "rbi": 0
      },
      {
        "name": "Ronald Acu\u00f1a Jr.",
        "team": "Unknown",
        "hits": 0,
        "rbi": 0
      },
      {
        "name": "Ozzie Albies",
        "team": "Unknown",
        "hits": 1,
        "rbi": 0
      },
      {
        "name": "Austin Riley",
        "team": "Unknown",
        "hits": 1,
        "rbi": 0
      },
      {
        "name": "Orlando Arcia",
        "team": "Unknown",
        "hits": 0,
        "rbi": 0
      },
      {
        "name": "Marcell Ozuna",
        "team": "Unknown",
        "hits": 0,
        "rbi": 0
      }
    ],
    "pitcher_stats": [
      {
        "name": "Hunter Harvey",
        "team": "Unknown",
        "innings_pitched": "0.2",
        "strikeouts": 0,
        "earned_runs": 0
      },
      {
        "name": "Kyle Finnegan",
        "team": "Unknown",
        "innings_pitched": "1.0",
        "strikeouts": 0,
        "earned_runs": 0
      },
      {
        "name": "Carl Edwards Jr.",
        "team": "Unknown",
        "innings_pitched": "1.0",
        "strikeouts": 0,
        "earned_runs": 0
      },
      {
        "name": "Erasmo Ram\u00edrez",
        "team": "Unknown",
        "innings_pitched": "1.0",
        "strikeouts": 0,
        "earned_runs": 0
      },
      {
        "name": "MacKenzie Gore",
        "team": "Unknown",
        "innings_pitched": "5.1",
        "strikeouts": 6,
        "earned_runs": 1
      },
      {
        "name": "Michael Tonkin",
        "team": "Unknown",
        "innings_pitched": "2.1",
        "strikeouts": 2,
        "earned_runs": 0
      },
      {
        "name": "Jesse Chavez",
        "team": "Unknown",
        "innings_pitched": "1.0",
        "strikeouts": 1,
        "earned_runs": 0
      },
      {
        "name": "Jared Shuster",
        "team": "Unknown",
        "innings_pitched": "4.2",
        "strikeouts": 1,
        "earned_runs": 4
      }
    ]
  },
  {
    "date": "2023-04-02",
    "home_team": "New York Yankees",
    "away_team": "San Francisco Giants",
    "home_score": 6,
    "away_score": 0,
    "status": "Final",
    "game_id": 718747,
    "starting_pitchers": {
      "home": "Jhony Brito",
      "away": "Ross Stripling"
    },
    "first_inning_runs": {
      "home": 0,
      "away": 0
    },
    "player_stats": [
      {
        "name": "Anthony Rizzo",
        "team": "Unknown",
        "hits": 1,
        "rbi": 1
      },
      {
        "name": "Oswaldo Cabrera",
        "team": "Unknown",
        "hits": 2,
        "rbi": 0
      },
      {
        "name": "Aaron Judge",
        "team": "Unknown",
        "hits": 1,
        "rbi": 1
      },
      {
        "name": "Kyle Higashioka",
        "team": "Unknown",
        "hits": 1,
        "rbi": 1
      },
      {
        "name": "Isiah Kiner-Falefa",
        "team": "Unknown",
        "hits": 0,
        "rbi": 0
      },
      {
        "name": "Josh Donaldson",
        "team": "Unknown",
        "hits": 0,
        "rbi": 0
      },
      {
        "name": "Gleyber Torres",
        "team": "Unknown",
        "hits": 1,
        "rbi": 0
      },
      {
        "name": "Anthony Volpe",
        "team": "Unknown",
        "hits": 0,
        "rbi": 0
      },
      {
        "name": "Giancarlo Stanton",
        "team": "Unknown",
        "hits": 1,
        "rbi": 2
      },
      {
        "name": "Blake Sabol",
        "team": "Unknown",
        "hits": 0,
        "rbi": 0
      },
      {
        "name": "Michael Conforto",
        "team": "Unknown",
        "hits": 0,
        "rbi": 0
      },
      {
        "name": "Thairo Estrada",
        "team": "Unknown",
        "hits": 1,
        "rbi": 0
      },
      {
        "name": "Joc Pederson",
        "team": "Unknown",
        "hits": 0,
        "rbi": 0
      },
      {
        "name": "David Villar",
        "team": "Unknown",
        "hits": 0,
        "rbi": 0
      },
      {
        "name": "Brandon Crawford",
        "team": "Unknown",
        "hits": 0,
        "rbi": 0
      },
      {
        "name": "LaMonte Wade Jr.",
        "team": "Unknown",
        "hits": 0,
        "rbi": 0
      },
      {
        "name": "Mike Yastrzemski",
        "team": "Unknown",
        "hits": 1,
        "rbi": 0
      },
      {
        "name": "J.D. Davis",
        "team": "Unknown",
        "hits": 1,
        "rbi": 0
      }
    ],
    "pitcher_stats": [
      {
        "name": "Jhony Brito",
        "team": "Unknown",
        "innings_pitched": "5.0",
        "strikeouts": 6,
        "earned_runs": 0
      },
      {
        "name": "Colten Brewer",
        "team": "Unknown",
        "innings_pitched": "2.0",
        "strikeouts": 1,
        "earned_runs": 0
      },
      {
        "name": "Jimmy Cordero",
        "team": "Unknown",
        "innings_pitched": "0.2",
        "strikeouts": 2,
        "earned_runs": 0
      },
      {
        "name": "Ron Marinaccio",
        "team": "Unknown",
        "innings_pitched": "1.1",
        "strikeouts": 3,
        "earned_runs": 0
      },
      {
        "name": "Scott Alexander",
        "team": "Unknown",
        "innings_pitched": "1.0",
        "strikeouts": 0,
        "earned_runs": 0
      },
      {
        "name": "Sean Hjelle",
        "team": "Unknown",
        "innings_pitched": "2.0",
        "strikeouts": 3,
        "earned_runs": 2
      },
      {
        "name": "Ross Stripling",
        "team": "Unknown",
        "innings_pitched": "5.0",
        "strikeouts": 3,
        "earned_runs": 4
      }
    ]
  },
  {
    "date": "2023-04-02",
    "home_team": "Cincinnati Reds",
    "away_team": "Pittsburgh Pirates",
    "home_score": 3,
    "away_score": 1,
    "status": "Final",
    "game_id": 718744,
    "starting_pitchers": {
      "home": "Graham Ashcraft",
      "away": "Vince Velasquez"
    },
    "first_inning_runs": {
      "home": 0,
      "away": 0
    },
    "player_stats": [
      {
        "name": "Jonathan India",
        "team": "Unknown",
        "hits": 2,
        "rbi": 0
      },
      {
        "name": "Jake Fraley",
        "team": "Unknown",
        "hits": 1,
        "rbi": 0
      },
      {
        "name": "Will Benson",
        "team": "Unknown",
        "hits": 0,
        "rbi": 0
      },
      {
        "name": "TJ Friedl",
        "team": "Unknown",
        "hits": 2,
        "rbi": 1
      },
      {
        "name": "Kevin Newman",
        "team": "Unknown",
        "hits": 0,
        "rbi": 0
      },
      {
        "name": "Wil Myers",
        "team": "Unknown",
        "hits": 0,
        "rbi": 0
      },
      {
        "name": "Spencer Steer",
        "team": "Unknown",
        "hits": 1,
        "rbi": 0
      },
      {
        "name": "Tyler Stephenson",
        "team": "Unknown",
        "hits": 1,
        "rbi": 1
      },
      {
        "name": "Jason Vosler",
        "team": "Unknown",
        "hits": 2,
        "rbi": 1
      },
      {
        "name": "Bryan Reynolds",
        "team": "Unknown",
        "hits": 1,
        "rbi": 1
      },
      {
        "name": "Rodolfo Castro",
        "team": "Unknown",
        "hits": 1,
        "rbi": 0
      },
      {
        "name": "Oneil Cruz",
        "team": "Unknown",
        "hits": 1,
        "rbi": 0
      },
      {
        "name": "Austin Hedges",
        "team": "Unknown",
        "hits": 0,
        "rbi": 0
      },
      {
        "name": "Ji Man Choi",
        "team": "Unknown",
        "hits": 0,
        "rbi": 0
      },
      {
        "name": "Connor Joe",
        "team": "Unknown",
        "hits": 2,
        "rbi": 0
      },
      {
        "name": "Ke'Bryan Hayes",
        "team": "Unknown",
        "hits": 0,
        "rbi": 0
      },
      {
        "name": "Andrew McCutchen",
        "team": "Unknown",
        "hits": 1,
        "rbi": 0
      },
      {
        "name": "Carlos Santana",
        "team": "Unknown",
        "hits": 0,
        "rbi": 0
      },
      {
        "name": "Ji Hwan Bae",
        "team": "Unknown",
        "hits": 0,
        "rbi": 0
      }
    ],
    "pitcher_stats": [
      {
        "name": "Alex Young",
        "team": "Unknown",
        "innings_pitched": "0.1",
        "strikeouts": 0,
        "earned_runs": 0
      },
      {
        "name": "Graham Ashcraft",
        "team": "Unknown",
        "innings_pitched": "7.0",
        "strikeouts": 6,
        "earned_runs": 1
      },
      {
        "name": "Derek Law",
        "team": "Unknown",
        "innings_pitched": "0.2",
        "strikeouts": 0,
        "earned_runs": 0
      },
      {
        "name": "Alexis D\u00edaz",
        "team": "Unknown",
        "innings_pitched": "1.0",
        "strikeouts": 1,
        "earned_runs": 0
      },
      {
        "name": "Vince Velasquez",
        "team": "Unknown",
        "innings_pitched": "4.2",
        "strikeouts": 3,
        "earned_runs": 3
      },
      {
        "name": "Rob Zastryzny",
        "team": "Unknown",
        "innings_pitched": "0.1",
        "strikeouts": 1,
        "earned_runs": 0
      },
      {
        "name": "Duane Underwood Jr.",
        "team": "Unknown",
        "innings_pitched": "1.0",
        "strikeouts": 2,
        "earned_runs": 0
      },
      {
        "name": "Wil Crowe",
        "team": "Unknown",
        "innings_pitched": "2.0",
        "strikeouts": 0,
        "earned_runs": 0
      }
    ]
  },
  {
    "date": "2023-04-02",
    "home_team": "Miami Marlins",
    "away_team": "New York Mets",
    "home_score": 1,
    "away_score": 5,
    "status": "Final",
    "game_id": 718741,
    "starting_pitchers": {
      "home": "Trevor Rogers",
      "away": "Kodai Senga"
    },
    "first_inning_runs": {
      "home": 1,
      "away": 2
    },
    "player_stats": [
      {
        "name": "Jorge Soler",
        "team": "Unknown",
        "hits": 1,
        "rbi": 1
      },
      {
        "name": "Yuli Gurriel",
        "team": "Unknown",
        "hits": 1,
        "rbi": 0
      },
      {
        "name": "Jacob Stallings",
        "team": "Unknown",
        "hits": 0,
        "rbi": 0
      },
      {
        "name": "Jon Berti",
        "team": "Unknown",
        "hits": 0,
        "rbi": 0
      },
      {
        "name": "Avisa\u00edl Garc\u00eda",
        "team": "Unknown",
        "hits": 0,
        "rbi": 0
      },
      {
        "name": "Joey Wendle",
        "team": "Unknown",
        "hits": 0,
        "rbi": 0
      },
      {
        "name": "Jazz Chisholm Jr.",
        "team": "Unknown",
        "hits": 0,
        "rbi": 0
      },
      {
        "name": "Jes\u00fas S\u00e1nchez",
        "team": "Unknown",
        "hits": 0,
        "rbi": 0
      },
      {
        "name": "Luis Arraez",
        "team": "Unknown",
        "hits": 2,
        "rbi": 0
      },
      {
        "name": "Tom\u00e1s Nido",
        "team": "Unknown",
        "hits": 0,
        "rbi": 0
      },
      {
        "name": "Jeff McNeil",
        "team": "Unknown",
        "hits": 1,
        "rbi": 1
      },
      {
        "name": "Eduardo Escobar",
        "team": "Unknown",
        "hits": 0,
        "rbi": 0
      },
      {
        "name": "Tommy Pham",
        "team": "Unknown",
        "hits": 3,
        "rbi": 3
      },
      {
        "name": "Mark Canha",
        "team": "Unknown",
        "hits": 1,
        "rbi": 0
      },
      {
        "name": "Pete Alonso",
        "team": "Unknown",
        "hits": 0,
        "rbi": 0
      },
      {
        "name": "Starling Marte",
        "team": "Unknown",
        "hits": 0,
        "rbi": 0
      },
      {
        "name": "Francisco Lindor",
        "team": "Unknown",
        "hits": 0,
        "rbi": 0
      },
      {
        "name": "Tim Locastro",
        "team": "Unknown",
        "hits": 0,
        "rbi": 0
      },
      {
        "name": "Brandon Nimmo",
        "team": "Unknown",
        "hits": 0,
        "rbi": 0
      }
    ],
    "pitcher_stats": [
      {
        "name": "Trevor Rogers",
        "team": "Unknown",
        "innings_pitched": "4.1",
        "strikeouts": 4,
        "earned_runs": 3
      },
      {
        "name": "Huascar Brazob\u00e1n",
        "team": "Unknown",
        "innings_pitched": "2.2",
        "strikeouts": 2,
        "earned_runs": 1
      },
      {
        "name": "Tanner Scott",
        "team": "Unknown",
        "innings_pitched": "1.0",
        "strikeouts": 1,
        "earned_runs": 0
      },
      {
        "name": "Matt Barnes",
        "team": "Unknown",
        "innings_pitched": "1.0",
        "strikeouts": 0,
        "earned_runs": 0
      },
      {
        "name": "Stephen Nogosek",
        "team": "Unknown",
        "innings_pitched": "2.0",
        "strikeouts": 1,
        "earned_runs": 0
      },
      {
        "name": "Kodai Senga",
        "team": "Unknown",
        "innings_pitched": "5.1",
        "strikeouts": 8,
        "earned_runs": 1
      },
      {
        "name": "John Curtiss",
        "team": "Unknown",
        "innings_pitched": "1.0",
        "strikeouts": 1,
        "earned_runs": 0
      },
      {
        "name": "Dennis Santana",
        "team": "Unknown",
        "innings_pitched": "0.2",
        "strikeouts": 2,
        "earned_runs": 0
      }
    ]
  },
  {
    "date": "2023-04-02",
    "home_team": "Kansas City Royals",
    "away_team": "Minnesota Twins",
    "home_score": 4,
    "away_score": 7,
    "status": "Final",
    "game_id": 718745,
    "starting_pitchers": {
      "home": "Brad Keller",
      "away": "Joe Ryan"
    },
    "first_inning_runs": {
      "home": 0,
      "away": 0
    },
    "player_stats": [
      {
        "name": "Salvador Perez",
        "team": "Unknown",
        "hits": 1,
        "rbi": 0
      },
      {
        "name": "Edward Olivares",
        "team": "Unknown",
        "hits": 2,
        "rbi": 2
      },
      {
        "name": "MJ Melendez",
        "team": "Unknown",
        "hits": 0,
        "rbi": 0
      },
      {
        "name": "Michael Massey",
        "team": "Unknown",
        "hits": 1,
        "rbi": 0
      },
      {
        "name": "Matt Duffy",
        "team": "Unknown",
        "hits": 2,
        "rbi": 2
      },
      {
        "name": "Vinnie Pasquantino",
        "team": "Unknown",
        "hits": 0,
        "rbi": 0
      },
      {
        "name": "Kyle Isbel",
        "team": "Unknown",
        "hits": 0,
        "rbi": 0
      },
      {
        "name": "Jackie Bradley Jr.",
        "team": "Unknown",
        "hits": 0,
        "rbi": 0
      },
      {
        "name": "Bobby Witt Jr.",
        "team": "Unknown",
        "hits": 0,
        "rbi": 0
      },
      {
        "name": "Nick Gordon",
        "team": "Unknown",
        "hits": 0,
        "rbi": 0
      },
      {
        "name": "Kyle Farmer",
        "team": "Unknown",
        "hits": 0,
        "rbi": 0
      },
      {
        "name": "Ryan Jeffers",
        "team": "Unknown",
        "hits": 2,
        "rbi": 2
      },
      {
        "name": "Carlos Correa",
        "team": "Unknown",
        "hits": 1,
        "rbi": 0
      },
      {
        "name": "Jose Miranda",
        "team": "Unknown",
        "hits": 1,
        "rbi": 0
      },
      {
        "name": "Joey Gallo",
        "team": "Unknown",
        "hits": 3,
        "rbi": 4
      },
      {
        "name": "Max Kepler",
        "team": "Unknown",
        "hits": 0,
        "rbi": 0
      },
      {
        "name": "Trevor Larnach",
        "team": "Unknown",
        "hits": 3,
        "rbi": 1
      },
      {
        "name": "Michael A. Taylor",
        "team": "Unknown",
        "hits": 1,
        "rbi": 0
      },
      {
        "name": "Byron Buxton",
        "team": "Unknown",
        "hits": 2,
        "rbi": 0
      }
    ],
    "pitcher_stats": [
      {
        "name": "Jose Cuas",
        "team": "Unknown",
        "innings_pitched": "1.0",
        "strikeouts": 2,
        "earned_runs": 1
      },
      {
        "name": "Dylan Coleman",
        "team": "Unknown",
        "innings_pitched": "1.1",
        "strikeouts": 1,
        "earned_runs": 3
      },
      {
        "name": "Scott Barlow",
        "team": "Unknown",
        "innings_pitched": "1.0",
        "strikeouts": 0,
        "earned_runs": 0
      },
      {
        "name": "Amir Garrett",
        "team": "Unknown",
        "innings_pitched": "1.0",
        "strikeouts": 0,
        "earned_runs": 1
      },
      {
        "name": "Brad Keller",
        "team": "Unknown",
        "innings_pitched": "4.2",
        "strikeouts": 6,
        "earned_runs": 2
      },
      {
        "name": "Emilio Pag\u00e1n",
        "team": "Unknown",
        "innings_pitched": "1.0",
        "strikeouts": 1,
        "earned_runs": 1
      },
      {
        "name": "Jovani Moran",
        "team": "Unknown",
        "innings_pitched": "1.0",
        "strikeouts": 2,
        "earned_runs": 2
      },
      {
        "name": "Jorge L\u00f3pez",
        "team": "Unknown",
        "innings_pitched": "1.0",
        "strikeouts": 0,
        "earned_runs": 0
      },
      {
        "name": "Joe Ryan",
        "team": "Unknown",
        "innings_pitched": "6.0",
        "strikeouts": 6,
        "earned_runs": 1
      }
    ]
  },
  {
    "date": "2023-04-02",
    "home_team": "Houston Astros",
    "away_team": "Chicago White Sox",
    "home_score": 3,
    "away_score": 6,
    "status": "Final",
    "game_id": 718740,
    "starting_pitchers": {
      "home": "Luis Garcia",
      "away": "Mike Clevinger"
    },
    "first_inning_runs": {
      "home": 0,
      "away": 0
    },
    "player_stats": [
      {
        "name": "Corey Julks",
        "team": "Unknown",
        "hits": 0,
        "rbi": 0
      },
      {
        "name": "Mart\u00edn Maldonado",
        "team": "Unknown",
        "hits": 1,
        "rbi": 0
      },
      {
        "name": "Kyle Tucker",
        "team": "Unknown",
        "hits": 1,
        "rbi": 0
      },
      {
        "name": "Mauricio Dub\u00f3n",
        "team": "Unknown",
        "hits": 1,
        "rbi": 0
      },
      {
        "name": "Alex Bregman",
        "team": "Unknown",
        "hits": 0,
        "rbi": 0
      },
      {
        "name": "Jos\u00e9 Abreu",
        "team": "Unknown",
        "hits": 2,
        "rbi": 1
      },
      {
        "name": "David Hensley",
        "team": "Unknown",
        "hits": 1,
        "rbi": 1
      },
      {
        "name": "Jeremy Pe\u00f1a",
        "team": "Unknown",
        "hits": 0,
        "rbi": 0
      },
      {
        "name": "Chas McCormick",
        "team": "Unknown",
        "hits": 1,
        "rbi": 0
      },
      {
        "name": "Yasmani Grandal",
        "team": "Unknown",
        "hits": 3,
        "rbi": 0
      },
      {
        "name": "Yo\u00e1n Moncada",
        "team": "Unknown",
        "hits": 3,
        "rbi": 2
      },
      {
        "name": "Andrew Vaughn",
        "team": "Unknown",
        "hits": 2,
        "rbi": 1
      },
      {
        "name": "Andrew Benintendi",
        "team": "Unknown",
        "hits": 0,
        "rbi": 0
      },
      {
        "name": "Tim Anderson",
        "team": "Unknown",
        "hits": 1,
        "rbi": 1
      },
      {
        "name": "Eloy Jim\u00e9nez",
        "team": "Unknown",
        "hits": 0,
        "rbi": 0
      },
      {
        "name": "Elvis Andrus",
        "team": "Unknown",
        "hits": 0,
        "rbi": 0
      },
      {
        "name": "Luis Robert Jr.",
        "team": "Unknown",
        "hits": 2,
        "rbi": 1
      },
      {
        "name": "Oscar Col\u00e1s",
        "team": "Unknown",
        "hits": 2,
        "rbi": 1
      }
    ],
    "pitcher_stats": [
      {
        "name": "Seth Martinez",
        "team": "Unknown",
        "innings_pitched": "2.0",
        "strikeouts": 1,
        "earned_runs": 3
      },
      {
        "name": "Luis Garcia",
        "team": "Unknown",
        "innings_pitched": "5.0",
        "strikeouts": 4,
        "earned_runs": 3
      },
      {
        "name": "Phil Maton",
        "team": "Unknown",
        "innings_pitched": "2.0",
        "strikeouts": 2,
        "earned_runs": 0
      },
      {
        "name": "Kendall Graveman",
        "team": "Unknown",
        "innings_pitched": "1.0",
        "strikeouts": 2,
        "earned_runs": 0
      },
      {
        "name": "Gregory Santos",
        "team": "Unknown",
        "innings_pitched": "1.0",
        "strikeouts": 1,
        "earned_runs": 1
      },
      {
        "name": "Aaron Bummer",
        "team": "Unknown",
        "innings_pitched": "1.0",
        "strikeouts": 0,
        "earned_runs": 0
      },
      {
        "name": "Mike Clevinger",
        "team": "Unknown",
        "innings_pitched": "5.0",
        "strikeouts": 8,
        "earned_runs": 0
      },
      {
        "name": "Reynaldo L\u00f3pez",
        "team": "Unknown",
        "innings_pitched": "1.0",
        "strikeouts": 1,
        "earned_runs": 2
      }
    ]
  },
  {
    "date": "2023-04-02",
    "home_team": "St. Louis Cardinals",
    "away_team": "Toronto Blue Jays",
    "home_score": 9,
    "away_score": 4,
    "status": "Final",
    "game_id": 718737,
    "starting_pitchers": {
      "home": "Jordan Montgomery",
      "away": "Chris Bassitt"
    },
    "first_inning_runs": {
      "home": 4,
      "away": 0
    },
    "player_stats": [
      {
        "name": "Nolan Gorman",
        "team": "Unknown",
        "hits": 2,
        "rbi": 4
      },
      {
        "name": "Jordan Walker",
        "team": "Unknown",
        "hits": 1,
        "rbi": 0
      },
      {
        "name": "Dylan Carlson",
        "team": "Unknown",
        "hits": 3,
        "rbi": 0
      },
      {
        "name": "Willson Contreras",
        "team": "Unknown",
        "hits": 2,
        "rbi": 0
      },
      {
        "name": "Nolan Arenado",
        "team": "Unknown",
        "hits": 1,
        "rbi": 1
      },
      {
        "name": "Tyler O'Neill",
        "team": "Unknown",
        "hits": 0,
        "rbi": 0
      },
      {
        "name": "Alec Burleson",
        "team": "Unknown",
        "hits": 3,
        "rbi": 2
      },
      {
        "name": "Paul Goldschmidt",
        "team": "Unknown",
        "hits": 2,
        "rbi": 0
      },
      {
        "name": "Tommy Edman",
        "team": "Unknown",
        "hits": 1,
        "rbi": 0
      },
      {
        "name": "Brendan Donovan",
        "team": "Unknown",
        "hits": 1,
        "rbi": 2
      },
      {
        "name": "Bo Bichette",
        "team": "Unknown",
        "hits": 1,
        "rbi": 0
      },
      {
        "name": "Daulton Varsho",
        "team": "Unknown",
        "hits": 2,
        "rbi": 0
      },
      {
        "name": "Matt Chapman",
        "team": "Unknown",
        "hits": 3,
        "rbi": 1
      },
      {
        "name": "Whit Merrifield",
        "team": "Unknown",
        "hits": 1,
        "rbi": 2
      },
      {
        "name": "Santiago Espinal",
        "team": "Unknown",
        "hits": 0,
        "rbi": 0
      },
      {
        "name": "George Springer",
        "team": "Unknown",
        "hits": 0,
        "rbi": 0
      },
      {
        "name": "Vladimir Guerrero Jr.",
        "team": "Unknown",
        "hits": 1,
        "rbi": 0
      },
      {
        "name": "Danny Jansen",
        "team": "Unknown",
        "hits": 1,
        "rbi": 1
      },
      {
        "name": "Alejandro Kirk",
        "team": "Unknown",
        "hits": 1,
        "rbi": 0
      }
    ],
    "pitcher_stats": [
      {
        "name": "Packy Naughton",
        "team": "Unknown",
        "innings_pitched": "2.1",
        "strikeouts": 2,
        "earned_runs": 0
      },
      {
        "name": "Jordan Montgomery",
        "team": "Unknown",
        "innings_pitched": "5.0",
        "strikeouts": 3,
        "earned_runs": 3
      },
      {
        "name": "Chris Stratton",
        "team": "Unknown",
        "innings_pitched": "1.2",
        "strikeouts": 1,
        "earned_runs": 1
      },
      {
        "name": "Chris Bassitt",
        "team": "Unknown",
        "innings_pitched": "3.1",
        "strikeouts": 0,
        "earned_runs": 9
      },
      {
        "name": "Tim Mayza",
        "team": "Unknown",
        "innings_pitched": "1.0",
        "strikeouts": 0,
        "earned_runs": 0
      },
      {
        "name": "Zach Pop",
        "team": "Unknown",
        "innings_pitched": "0.2",
        "strikeouts": 0,
        "earned_runs": 0
      },
      {
        "name": "Trevor Richards",
        "team": "Unknown",
        "innings_pitched": "2.0",
        "strikeouts": 3,
        "earned_runs": 0
      },
      {
        "name": "Anthony Bass",
        "team": "Unknown",
        "innings_pitched": "1.0",
        "strikeouts": 0,
        "earned_runs": 0
      }
    ]
  },
  {
    "date": "2023-04-02",
    "home_team": "Chicago Cubs",
    "away_team": "Milwaukee Brewers",
    "home_score": 5,
    "away_score": 9,
    "status": "Final",
    "game_id": 718738,
    "starting_pitchers": {
      "home": "Jameson Taillon",
      "away": "Eric Lauer"
    },
    "first_inning_runs": {
      "home": 1,
      "away": 0
    },
    "player_stats": [
      {
        "name": "Luis Torrens",
        "team": "Unknown",
        "hits": 1,
        "rbi": 0
      },
      {
        "name": "Trey Mancini",
        "team": "Unknown",
        "hits": 1,
        "rbi": 0
      },
      {
        "name": "Nick Madrigal",
        "team": "Unknown",
        "hits": 1,
        "rbi": 0
      },
      {
        "name": "Ian Happ",
        "team": "Unknown",
        "hits": 0,
        "rbi": 0
      },
      {
        "name": "Patrick Wisdom",
        "team": "Unknown",
        "hits": 2,
        "rbi": 2
      },
      {
        "name": "Yan Gomes",
        "team": "Unknown",
        "hits": 1,
        "rbi": 1
      },
      {
        "name": "Miles Mastrobuoni",
        "team": "Unknown",
        "hits": 0,
        "rbi": 0
      },
      {
        "name": "Cody Bellinger",
        "team": "Unknown",
        "hits": 0,
        "rbi": 1
      },
      {
        "name": "Dansby Swanson",
        "team": "Unknown",
        "hits": 1,
        "rbi": 1
      },
      {
        "name": "Nico Hoerner",
        "team": "Unknown",
        "hits": 2,
        "rbi": 0
      },
      {
        "name": "Victor Caratini",
        "team": "Unknown",
        "hits": 1,
        "rbi": 0
      },
      {
        "name": "Joey Wiemer",
        "team": "Unknown",
        "hits": 1,
        "rbi": 0
      },
      {
        "name": "Christian Yelich",
        "team": "Unknown",
        "hits": 2,
        "rbi": 0
      },
      {
        "name": "Jesse Winker",
        "team": "Unknown",
        "hits": 2,
        "rbi": 3
      },
      {
        "name": "Rowdy Tellez",
        "team": "Unknown",
        "hits": 1,
        "rbi": 0
      },
      {
        "name": "Brian Anderson",
        "team": "Unknown",
        "hits": 1,
        "rbi": 1
      },
      {
        "name": "Garrett Mitchell",
        "team": "Unknown",
        "hits": 2,
        "rbi": 2
      },
      {
        "name": "Brice Turang",
        "team": "Unknown",
        "hits": 2,
        "rbi": 1
      },
      {
        "name": "Willy Adames",
        "team": "Unknown",
        "hits": 1,
        "rbi": 2
      }
    ],
    "pitcher_stats": [
      {
        "name": "Adbert Alzolay",
        "team": "Unknown",
        "innings_pitched": "2.0",
        "strikeouts": 3,
        "earned_runs": 0
      },
      {
        "name": "Michael Rucker",
        "team": "Unknown",
        "innings_pitched": "1.1",
        "strikeouts": 3,
        "earned_runs": 1
      },
      {
        "name": "Jameson Taillon",
        "team": "Unknown",
        "innings_pitched": "4.0",
        "strikeouts": 2,
        "earned_runs": 3
      },
      {
        "name": "Mark Leiter Jr.",
        "team": "Unknown",
        "innings_pitched": "1.0",
        "strikeouts": 2,
        "earned_runs": 0
      },
      {
        "name": "Julian Merryweather",
        "team": "Unknown",
        "innings_pitched": "0.2",
        "strikeouts": 0,
        "earned_runs": 5
      },
      {
        "name": "Javy Guerra",
        "team": "Unknown",
        "innings_pitched": "0.1",
        "strikeouts": 0,
        "earned_runs": 2
      },
      {
        "name": "Hoby Milner",
        "team": "Unknown",
        "innings_pitched": "0.2",
        "strikeouts": 0,
        "earned_runs": 0
      },
      {
        "name": "Joel Payamps",
        "team": "Unknown",
        "innings_pitched": "1.2",
        "strikeouts": 1,
        "earned_runs": 1
      },
      {
        "name": "Eric Lauer",
        "team": "Unknown",
        "innings_pitched": "5.1",
        "strikeouts": 6,
        "earned_runs": 2
      },
      {
        "name": "Gus Varland",
        "team": "Unknown",
        "innings_pitched": "1.0",
        "strikeouts": 1,
        "earned_runs": 0
      }
    ]
  },
  {
    "date": "2023-04-02",
    "home_team": "Oakland Athletics",
    "away_team": "Los Angeles Angels",
    "home_score": 0,
    "away_score": 6,
    "status": "Final",
    "game_id": 718734,
    "starting_pitchers": {
      "home": "Ken Waldichuk",
      "away": "Tyler Anderson"
    },
    "first_inning_runs": {
      "home": 0,
      "away": 0
    },
    "player_stats": [
      {
        "name": "Nick Allen",
        "team": "Unknown",
        "hits": 0,
        "rbi": 0
      },
      {
        "name": "Brent Rooker",
        "team": "Unknown",
        "hits": 0,
        "rbi": 0
      },
      {
        "name": "Jace Peterson",
        "team": "Unknown",
        "hits": 0,
        "rbi": 0
      },
      {
        "name": "Esteury Ruiz",
        "team": "Unknown",
        "hits": 0,
        "rbi": 0
      },
      {
        "name": "Seth Brown",
        "team": "Unknown",
        "hits": 0,
        "rbi": 0
      },
      {
        "name": "Ram\u00f3n Laureano",
        "team": "Unknown",
        "hits": 1,
        "rbi": 0
      },
      {
        "name": "Ryan Noda",
        "team": "Unknown",
        "hits": 0,
        "rbi": 0
      },
      {
        "name": "Tony Kemp",
        "team": "Unknown",
        "hits": 0,
        "rbi": 0
      },
      {
        "name": "Aledmys D\u00edaz",
        "team": "Unknown",
        "hits": 0,
        "rbi": 0
      },
      {
        "name": "Shea Langeliers",
        "team": "Unknown",
        "hits": 2,
        "rbi": 0
      },
      {
        "name": "Jes\u00fas Aguilar",
        "team": "Unknown",
        "hits": 2,
        "rbi": 0
      },
      {
        "name": "Luis Rengifo",
        "team": "Unknown",
        "hits": 0,
        "rbi": 0
      },
      {
        "name": "Matt Thaiss",
        "team": "Unknown",
        "hits": 0,
        "rbi": 0
      },
      {
        "name": "Taylor Ward",
        "team": "Unknown",
        "hits": 3,
        "rbi": 0
      },
      {
        "name": "Hunter Renfroe",
        "team": "Unknown",
        "hits": 1,
        "rbi": 0
      },
      {
        "name": "Brandon Drury",
        "team": "Unknown",
        "hits": 0,
        "rbi": 0
      },
      {
        "name": "Mike Trout",
        "team": "Unknown",
        "hits": 3,
        "rbi": 2
      },
      {
        "name": "Gio Urshela",
        "team": "Unknown",
        "hits": 0,
        "rbi": 0
      },
      {
        "name": "Shohei Ohtani",
        "team": "Unknown",
        "hits": 1,
        "rbi": 1
      },
      {
        "name": "David Fletcher",
        "team": "Unknown",
        "hits": 1,
        "rbi": 0
      },
      {
        "name": "Logan O'Hoppe",
        "team": "Unknown",
        "hits": 2,
        "rbi": 3
      }
    ],
    "pitcher_stats": [
      {
        "name": "Ken Waldichuk",
        "team": "Unknown",
        "innings_pitched": "5.2",
        "strikeouts": 4,
        "earned_runs": 6
      },
      {
        "name": "Adri\u00e1n Mart\u00ednez",
        "team": "Unknown",
        "innings_pitched": "3.0",
        "strikeouts": 1,
        "earned_runs": 0
      },
      {
        "name": "Zach Jackson",
        "team": "Unknown",
        "innings_pitched": "0.1",
        "strikeouts": 1,
        "earned_runs": 0
      },
      {
        "name": "Andrew Wantz",
        "team": "Unknown",
        "innings_pitched": "2.0",
        "strikeouts": 2,
        "earned_runs": 0
      },
      {
        "name": "Carlos Est\u00e9vez",
        "team": "Unknown",
        "innings_pitched": "1.0",
        "strikeouts": 3,
        "earned_runs": 0
      },
      {
        "name": "Tyler Anderson",
        "team": "Unknown",
        "innings_pitched": "6.0",
        "strikeouts": 4,
        "earned_runs": 0
      }
    ]
  },
  {
    "date": "2023-04-02",
    "home_team": "Los Angeles Dodgers",
    "away_team": "Arizona Diamondbacks",
    "home_score": 1,
    "away_score": 2,
    "status": "Final",
    "game_id": 718736,
    "starting_pitchers": {
      "home": "Noah Syndergaard",
      "away": "Zach Davies"
    },
    "first_inning_runs": {
      "home": 1,
      "away": 0
    },
    "player_stats": [
      {
        "name": "Will Smith",
        "team": "Unknown",
        "hits": 1,
        "rbi": 1
      },
      {
        "name": "Chris Taylor",
        "team": "Unknown",
        "hits": 0,
        "rbi": 0
      },
      {
        "name": "Austin Barnes",
        "team": "Unknown",
        "hits": 0,
        "rbi": 0
      },
      {
        "name": "Jason Heyward",
        "team": "Unknown",
        "hits": 0,
        "rbi": 0
      },
      {
        "name": "Freddie Freeman",
        "team": "Unknown",
        "hits": 2,
        "rbi": 0
      },
      {
        "name": "David Peralta",
        "team": "Unknown",
        "hits": 0,
        "rbi": 0
      },
      {
        "name": "J.D. Martinez",
        "team": "Unknown",
        "hits": 0,
        "rbi": 0
      },
      {
        "name": "James Outman",
        "team": "Unknown",
        "hits": 0,
        "rbi": 0
      },
      {
        "name": "Trayce Thompson",
        "team": "Unknown",
        "hits": 0,
        "rbi": 0
      },
      {
        "name": "Mookie Betts",
        "team": "Unknown",
        "hits": 1,
        "rbi": 0
      },
      {
        "name": "Miguel Rojas",
        "team": "Unknown",
        "hits": 0,
        "rbi": 0
      },
      {
        "name": "Jose Herrera",
        "team": "Unknown",
        "hits": 0,
        "rbi": 0
      },
      {
        "name": "Josh Rojas",
        "team": "Unknown",
        "hits": 0,
        "rbi": 0
      },
      {
        "name": "Jake McCarthy",
        "team": "Unknown",
        "hits": 1,
        "rbi": 1
      },
      {
        "name": "Ketel Marte",
        "team": "Unknown",
        "hits": 1,
        "rbi": 0
      },
      {
        "name": "Geraldo Perdomo",
        "team": "Unknown",
        "hits": 2,
        "rbi": 1
      },
      {
        "name": "Corbin Carroll",
        "team": "Unknown",
        "hits": 1,
        "rbi": 0
      },
      {
        "name": "Lourdes Gurriel Jr.",
        "team": "Unknown",
        "hits": 2,
        "rbi": 0
      },
      {
        "name": "Christian Walker",
        "team": "Unknown",
        "hits": 2,
        "rbi": 0
      },
      {
        "name": "Alek Thomas",
        "team": "Unknown",
        "hits": 0,
        "rbi": 0
      }
    ],
    "pitcher_stats": [
      {
        "name": "Noah Syndergaard",
        "team": "Unknown",
        "innings_pitched": "6.0",
        "strikeouts": 6,
        "earned_runs": 1
      },
      {
        "name": "Caleb Ferguson",
        "team": "Unknown",
        "innings_pitched": "1.0",
        "strikeouts": 0,
        "earned_runs": 0
      },
      {
        "name": "Brusdar Graterol",
        "team": "Unknown",
        "innings_pitched": "1.0",
        "strikeouts": 0,
        "earned_runs": 1
      },
      {
        "name": "Evan Phillips",
        "team": "Unknown",
        "innings_pitched": "1.0",
        "strikeouts": 0,
        "earned_runs": 0
      },
      {
        "name": "Scott McGough",
        "team": "Unknown",
        "innings_pitched": "0.2",
        "strikeouts": 1,
        "earned_runs": 0
      },
      {
        "name": "Kyle Nelson",
        "team": "Unknown",
        "innings_pitched": "1.0",
        "strikeouts": 2,
        "earned_runs": 0
      },
      {
        "name": "Andrew Chafin",
        "team": "Unknown",
        "innings_pitched": "0.2",
        "strikeouts": 2,
        "earned_runs": 0
      },
      {
        "name": "Zach Davies",
        "team": "Unknown",
        "innings_pitched": "5.0",
        "strikeouts": 4,
        "earned_runs": 1
      },
      {
        "name": "Miguel Castro",
        "team": "Unknown",
        "innings_pitched": "1.2",
        "strikeouts": 2,
        "earned_runs": 0
      }
    ]
  },
  {
    "date": "2023-04-02",
    "home_team": "San Diego Padres",
    "away_team": "Colorado Rockies",
    "home_score": 3,
    "away_score": 1,
    "status": "Final",
    "game_id": 718733,
    "starting_pitchers": {
      "home": "Seth Lugo",
      "away": "Austin Gomber"
    },
    "first_inning_runs": {
      "home": 0,
      "away": 0
    },
    "player_stats": [
      {
        "name": "Jos\u00e9 Azocar",
        "team": "Unknown",
        "hits": 1,
        "rbi": 0
      },
      {
        "name": "Manny Machado",
        "team": "Unknown",
        "hits": 0,
        "rbi": 0
      },
      {
        "name": "Nelson Cruz",
        "team": "Unknown",
        "hits": 0,
        "rbi": 0
      },
      {
        "name": "Juan Soto",
        "team": "Unknown",
        "hits": 0,
        "rbi": 0
      },
      {
        "name": "Xander Bogaerts",
        "team": "Unknown",
        "hits": 1,
        "rbi": 2
      },
      {
        "name": "Trent Grisham",
        "team": "Unknown",
        "hits": 1,
        "rbi": 1
      },
      {
        "name": "Jake Cronenworth",
        "team": "Unknown",
        "hits": 0,
        "rbi": 0
      },
      {
        "name": "Ha-Seong Kim",
        "team": "Unknown",
        "hits": 0,
        "rbi": 0
      },
      {
        "name": "Austin Nola",
        "team": "Unknown",
        "hits": 1,
        "rbi": 0
      },
      {
        "name": "Jurickson Profar",
        "team": "Unknown",
        "hits": 0,
        "rbi": 0
      },
      {
        "name": "Brian Serven",
        "team": "Unknown",
        "hits": 1,
        "rbi": 0
      },
      {
        "name": "Yonathan Daza",
        "team": "Unknown",
        "hits": 0,
        "rbi": 0
      },
      {
        "name": "Ryan McMahon",
        "team": "Unknown",
        "hits": 1,
        "rbi": 1
      },
      {
        "name": "Kris Bryant",
        "team": "Unknown",
        "hits": 1,
        "rbi": 0
      },
      {
        "name": "C.J. Cron",
        "team": "Unknown",
        "hits": 0,
        "rbi": 0
      },
      {
        "name": "Charlie Blackmon",
        "team": "Unknown",
        "hits": 1,
        "rbi": 0
      },
      {
        "name": "Mike Moustakas",
        "team": "Unknown",
        "hits": 0,
        "rbi": 0
      },
      {
        "name": "Ezequiel Tovar",
        "team": "Unknown",
        "hits": 0,
        "rbi": 0
      },
      {
        "name": "Elehuris Montero",
        "team": "Unknown",
        "hits": 0,
        "rbi": 0
      }
    ],
    "pitcher_stats": [
      {
        "name": "Josh Hader",
        "team": "Unknown",
        "innings_pitched": "1.0",
        "strikeouts": 1,
        "earned_runs": 0
      },
      {
        "name": "Seth Lugo",
        "team": "Unknown",
        "innings_pitched": "7.0",
        "strikeouts": 7,
        "earned_runs": 1
      },
      {
        "name": "Luis Garc\u00eda",
        "team": "Unknown",
        "innings_pitched": "1.0",
        "strikeouts": 2,
        "earned_runs": 0
      },
      {
        "name": "Austin Gomber",
        "team": "Unknown",
        "innings_pitched": "6.0",
        "strikeouts": 4,
        "earned_runs": 3
      },
      {
        "name": "Brent Suter",
        "team": "Unknown",
        "innings_pitched": "2.0",
        "strikeouts": 1,
        "earned_runs": 0
      }
    ]
  },
  {
    "date": "2023-04-02",
    "home_team": "Seattle Mariners",
    "away_team": "Cleveland Guardians",
    "home_score": 5,
    "away_score": 6,
    "status": "Final",
    "game_id": 718735,
    "starting_pitchers": {
      "home": "Marco Gonzales",
      "away": "Cal Quantrill"
    },
    "first_inning_runs": {
      "home": 1,
      "away": 0
    },
    "player_stats": [
      {
        "name": "Kolten Wong",
        "team": "Unknown",
        "hits": 0,
        "rbi": 0
      },
      {
        "name": "J.P. Crawford",
        "team": "Unknown",
        "hits": 0,
        "rbi": 0
      },
      {
        "name": "Cal Raleigh",
        "team": "Unknown",
        "hits": 2,
        "rbi": 2
      },
      {
        "name": "AJ Pollock",
        "team": "Unknown",
        "hits": 0,
        "rbi": 0
      },
      {
        "name": "Tommy La Stella",
        "team": "Unknown",
        "hits": 0,
        "rbi": 0
      },
      {
        "name": "Teoscar Hern\u00e1ndez",
        "team": "Unknown",
        "hits": 1,
        "rbi": 0
      },
      {
        "name": "Eugenio Su\u00e1rez",
        "team": "Unknown",
        "hits": 2,
        "rbi": 1
      },
      {
        "name": "Ty France",
        "team": "Unknown",
        "hits": 2,
        "rbi": 0
      },
      {
        "name": "Sam Haggerty",
        "team": "Unknown",
        "hits": 0,
        "rbi": 0
      },
      {
        "name": "Julio Rodr\u00edguez",
        "team": "Unknown",
        "hits": 2,
        "rbi": 1
      },
      {
        "name": "Jarred Kelenic",
        "team": "Unknown",
        "hits": 0,
        "rbi": 0
      },
      {
        "name": "Josh Naylor",
        "team": "Unknown",
        "hits": 0,
        "rbi": 0
      },
      {
        "name": "Meibrys Viloria",
        "team": "Unknown",
        "hits": 0,
        "rbi": 0
      },
      {
        "name": "Mike Zunino",
        "team": "Unknown",
        "hits": 3,
        "rbi": 3
      },
      {
        "name": "Amed Rosario",
        "team": "Unknown",
        "hits": 1,
        "rbi": 0
      },
      {
        "name": "Josh Bell",
        "team": "Unknown",
        "hits": 0,
        "rbi": 0
      },
      {
        "name": "Andr\u00e9s Gim\u00e9nez",
        "team": "Unknown",
        "hits": 1,
        "rbi": 0
      },
      {
        "name": "Oscar Gonzalez",
        "team": "Unknown",
        "hits": 0,
        "rbi": 0
      },
      {
        "name": "Gabriel Arias",
        "team": "Unknown",
        "hits": 1,
        "rbi": 0
      },
      {
        "name": "Jos\u00e9 Ram\u00edrez",
        "team": "Unknown",
        "hits": 1,
        "rbi": 0
      },
      {
        "name": "Steven Kwan",
        "team": "Unknown",
        "hits": 1,
        "rbi": 1
      },
      {
        "name": "Myles Straw",
        "team": "Unknown",
        "hits": 1,
        "rbi": 0
      }
    ],
    "pitcher_stats": [
      {
        "name": "Penn Murfee",
        "team": "Unknown",
        "innings_pitched": "0.1",
        "strikeouts": 1,
        "earned_runs": 0
      },
      {
        "name": "Matt Brash",
        "team": "Unknown",
        "innings_pitched": "1.0",
        "strikeouts": 1,
        "earned_runs": 1
      },
      {
        "name": "Paul Sewald",
        "team": "Unknown",
        "innings_pitched": "1.0",
        "strikeouts": 0,
        "earned_runs": 0
      },
      {
        "name": "Andr\u00e9s Mu\u00f1oz",
        "team": "Unknown",
        "innings_pitched": "1.0",
        "strikeouts": 1,
        "earned_runs": 0
      },
      {
        "name": "Marco Gonzales",
        "team": "Unknown",
        "innings_pitched": "5.0",
        "strikeouts": 1,
        "earned_runs": 4
      },
      {
        "name": "Gabe Speier",
        "team": "Unknown",
        "innings_pitched": "0.2",
        "strikeouts": 1,
        "earned_runs": 0
      },
      {
        "name": "Trevor Gott",
        "team": "Unknown",
        "innings_pitched": "1.0",
        "strikeouts": 1,
        "earned_runs": 0
      },
      {
        "name": "Eli Morgan",
        "team": "Unknown",
        "innings_pitched": "1.0",
        "strikeouts": 1,
        "earned_runs": 0
      },
      {
        "name": "Nick Sandlin",
        "team": "Unknown",
        "innings_pitched": "1.0",
        "strikeouts": 1,
        "earned_runs": 0
      },
      {
        "name": "Enyel De Los Santos",
        "team": "Unknown",
        "innings_pitched": "1.0",
        "strikeouts": 1,
        "earned_runs": 0
      },
      {
        "name": "Cal Quantrill",
        "team": "Unknown",
        "innings_pitched": "4.2",
        "strikeouts": 3,
        "earned_runs": 4
      },
      {
        "name": "Trevor Stephan",
        "team": "Unknown",
        "innings_pitched": "1.0",
        "strikeouts": 1,
        "earned_runs": 0
      },
      {
        "name": "Tim Herrin",
        "team": "Unknown",
        "innings_pitched": "1.1",
        "strikeouts": 4,
        "earned_runs": 0
      }
    ]
  },
  {
    "date": "2023-04-02",
    "home_team": "Texas Rangers",
    "away_team": "Philadelphia Phillies",
    "home_score": 2,
    "away_score": 1,
    "status": "Final",
    "game_id": 718739,
    "starting_pitchers": {
      "home": "Mart\u00edn P\u00e9rez",
      "away": "Bailey Falter"
    },
    "first_inning_runs": {
      "home": 0,
      "away": 0
    },
    "player_stats": [
      {
        "name": "Jonah Heim",
        "team": "Unknown",
        "hits": 0,
        "rbi": 0
      },
      {
        "name": "Nathaniel Lowe",
        "team": "Unknown",
        "hits": 0,
        "rbi": 0
      },
      {
        "name": "Corey Seager",
        "team": "Unknown",
        "hits": 2,
        "rbi": 0
      },
      {
        "name": "Marcus Semien",
        "team": "Unknown",
        "hits": 2,
        "rbi": 1
      },
      {
        "name": "Josh Jung",
        "team": "Unknown",
        "hits": 1,
        "rbi": 1
      },
      {
        "name": "Ezequiel Duran",
        "team": "Unknown",
        "hits": 1,
        "rbi": 0
      },
      {
        "name": "Mitch Garver",
        "team": "Unknown",
        "hits": 1,
        "rbi": 0
      },
      {
        "name": "Adolis Garc\u00eda",
        "team": "Unknown",
        "hits": 0,
        "rbi": 0
      },
      {
        "name": "Robbie Grossman",
        "team": "Unknown",
        "hits": 1,
        "rbi": 0
      },
      {
        "name": "J.T. Realmuto",
        "team": "Unknown",
        "hits": 0,
        "rbi": 0
      },
      {
        "name": "Edmundo Sosa",
        "team": "Unknown",
        "hits": 2,
        "rbi": 0
      },
      {
        "name": "Nick Castellanos",
        "team": "Unknown",
        "hits": 0,
        "rbi": 0
      },
      {
        "name": "Alec Bohm",
        "team": "Unknown",
        "hits": 1,
        "rbi": 0
      },
      {
        "name": "Josh Harrison",
        "team": "Unknown",
        "hits": 1,
        "rbi": 0
      },
      {
        "name": "Cristian Pache",
        "team": "Unknown",
        "hits": 0,
        "rbi": 0
      },
      {
        "name": "Bryson Stott",
        "team": "Unknown",
        "hits": 2,
        "rbi": 0
      },
      {
        "name": "Kyle Schwarber",
        "team": "Unknown",
        "hits": 1,
        "rbi": 0
      },
      {
        "name": "Darick Hall",
        "team": "Unknown",
        "hits": 0,
        "rbi": 0
      },
      {
        "name": "Trea Turner",
        "team": "Unknown",
        "hits": 2,
        "rbi": 0
      }
    ],
    "pitcher_stats": [
      {
        "name": "Jonathan Hern\u00e1ndez",
        "team": "Unknown",
        "innings_pitched": "1.2",
        "strikeouts": 1,
        "earned_runs": 0
      },
      {
        "name": "Will Smith",
        "team": "Unknown",
        "innings_pitched": "1.0",
        "strikeouts": 0,
        "earned_runs": 0
      },
      {
        "name": "Brock Burke",
        "team": "Unknown",
        "innings_pitched": "0.2",
        "strikeouts": 0,
        "earned_runs": 0
      },
      {
        "name": "Mart\u00edn P\u00e9rez",
        "team": "Unknown",
        "innings_pitched": "5.2",
        "strikeouts": 7,
        "earned_runs": 1
      },
      {
        "name": "Connor Brogdon",
        "team": "Unknown",
        "innings_pitched": "1.0",
        "strikeouts": 1,
        "earned_runs": 0
      },
      {
        "name": "Gregory Soto",
        "team": "Unknown",
        "innings_pitched": "1.0",
        "strikeouts": 2,
        "earned_runs": 0
      },
      {
        "name": "Andrew Bellatti",
        "team": "Unknown",
        "innings_pitched": "0.2",
        "strikeouts": 0,
        "earned_runs": 0
      },
      {
        "name": "Bailey Falter",
        "team": "Unknown",
        "innings_pitched": "5.1",
        "strikeouts": 3,
        "earned_runs": 2
      }
    ]
  }
]