[
  {
    "date": "2022-04-25",
    "home_team": "Milwaukee Brewers",
    "away_team": "San Francisco Giants",
    "home_score": 2,
    "away_score": 4,
    "status": "Final",
    "game_id": 661210,
    "starting_pitchers": {
      "home": "Corbin Burnes",
      "away": "Sam Long"
    },
    "first_inning_runs": {
      "home": 0,
      "away": 0
    },
    "player_stats": [
      {
        "name": "Keston Hiura",
        "team": "Unknown",
        "hits": 1,
        "rbi": 0
      },
      {
        "name": "Kolten Wong",
        "team": "Unknown",
        "hits": 0,
        "rbi": 0
      },
      {
        "name": "Victor Caratini",
        "team": "Unknown",
        "hits": 0,
        "rbi": 0
      },
      {
        "name": "Christian Yelich",
        "team": "Unknown",
        "hits": 1,
        "rbi": 0
      },
      {
        "name": "Hunter Renfroe",
        "team": "Unknown",
        "hits": 0,
        "rbi": 0
      },
      {
        "name": "Rowdy Tellez",
        "team": "Unknown",
        "hits": 0,
        "rbi": 0
      },
      {
        "name": "Lorenzo Cain",
        "team": "Unknown",
        "hits": 0,
        "rbi": 0
      },
      {
        "name": "Andrew McCutchen",
        "team": "Unknown",
        "hits": 0,
        "rbi": 0
      },
      {
        "name": "Mike Brosseau",
        "team": "Unknown",
        "hits": 2,
        "rbi": 1
      },
      {
        "name": "Willy Adames",
        "team": "Unknown",
        "hits": 1,
        "rbi": 1
      },
      {
        "name": "Luis Gonz\u00e1lez",
        "team": "Unknown",
        "hits": 2,
        "rbi": 2
      },
      {
        "name": "Thairo Estrada",
        "team": "Unknown",
        "hits": 1,
        "rbi": 0
      },
      {
        "name": "Joc Pederson",
        "team": "Unknown",
        "hits": 1,
        "rbi": 2
      },
      {
        "name": "Darin Ruf",
        "team": "Unknown",
        "hits": 0,
        "rbi": 0
      },
      {
        "name": "Brandon Crawford",
        "team": "Unknown",
        "hits": 0,
        "rbi": 0
      },
      {
        "name": "Wilmer Flores",
        "team": "Unknown",
        "hits": 0,
        "rbi": 0
      },
      {
        "name": "Curt Casali",
        "team": "Unknown",
        "hits": 1,
        "rbi": 0
      },
      {
        "name": "Brandon Belt",
        "team": "Unknown",
        "hits": 1,
        "rbi": 0
      },
      {
        "name": "Jason Vosler",
        "team": "Unknown",
        "hits": 0,
        "rbi": 0
      }
    ],
    "pitcher_stats": [
      {
        "name": "Corbin Burnes",
        "team": "Unknown",
        "innings_pitched": "6.2",
        "strikeouts": 11,
        "earned_runs": 0
      },
      {
        "name": "Jake Cousins",
        "team": "Unknown",
        "innings_pitched": "1.0",
        "strikeouts": 2,
        "earned_runs": 2
      },
      {
        "name": "Trevor Gott",
        "team": "Unknown",
        "innings_pitched": "1.1",
        "strikeouts": 1,
        "earned_runs": 2
      },
      {
        "name": "Yunior Marte",
        "team": "Unknown",
        "innings_pitched": "1.0",
        "strikeouts": 0,
        "earned_runs": 0
      },
      {
        "name": "Sam Long",
        "team": "Unknown",
        "innings_pitched": "1.0",
        "strikeouts": 1,
        "earned_runs": 0
      },
      {
        "name": "John Brebbia",
        "team": "Unknown",
        "innings_pitched": "2.0",
        "strikeouts": 2,
        "earned_runs": 0
      },
      {
        "name": "Jose Alvarez",
        "team": "Unknown",
        "innings_pitched": "1.0",
        "strikeouts": 1,
        "earned_runs": 0
      },
      {
        "name": "Jake McGee",
        "team": "Unknown",
        "innings_pitched": "1.0",
        "strikeouts": 0,
        "earned_runs": 1
      },
      {
        "name": "Zack Littell",
        "team": "Unknown",
        "innings_pitched": "1.0",
        "strikeouts": 3,
        "earned_runs": 0
      },
      {
        "name": "Camilo Doval",
        "team": "Unknown",
        "innings_pitched": "1.0",
        "strikeouts": 1,
        "earned_runs": 0
      },
      {
        "name": "Dominic Leone",
        "team": "Unknown",
        "innings_pitched": "1.0",
        "strikeouts": 1,
        "earned_runs": 0
      }
    ]
  },
  {
    "date": "2022-04-25",
    "home_team": "Philadelphia Phillies",
    "away_team": "Colorado Rockies",
    "home_score": 8,
    "away_score": 2,
    "status": "Final",
    "game_id": 661639,
    "starting_pitchers": {
      "home": "Kyle Gibson",
      "away": "Kyle Freeland"
    },
    "first_inning_runs": {
      "home": 0,
      "away": 1
    },
    "player_stats": [
      {
        "name": "Johan Camargo",
        "team": "Unknown",
        "hits": 0,
        "rbi": 0
      },
      {
        "name": "Jean Segura",
        "team": "Unknown",
        "hits": 1,
        "rbi": 0
      },
      {
        "name": "Bryce Harper",
        "team": "Unknown",
        "hits": 1,
        "rbi": 2
      },
      {
        "name": "J.T. Realmuto",
        "team": "Unknown",
        "hits": 2,
        "rbi": 1
      },
      {
        "name": "Nick Castellanos",
        "team": "Unknown",
        "hits": 1,
        "rbi": 0
      },
      {
        "name": "Alec Bohm",
        "team": "Unknown",
        "hits": 0,
        "rbi": 1
      },
      {
        "name": "Kyle Schwarber",
        "team": "Unknown",
        "hits": 1,
        "rbi": 2
      },
      {
        "name": "Matt Vierling",
        "team": "Unknown",
        "hits": 0,
        "rbi": 0
      },
      {
        "name": "Rhys Hoskins",
        "team": "Unknown",
        "hits": 3,
        "rbi": 0
      },
      {
        "name": "Brendan Rodgers",
        "team": "Unknown",
        "hits": 0,
        "rbi": 0
      },
      {
        "name": "Jose Iglesias",
        "team": "Unknown",
        "hits": 0,
        "rbi": 0
      },
      {
        "name": "Randal Grichuk",
        "team": "Unknown",
        "hits": 1,
        "rbi": 1
      },
      {
        "name": "Connor Joe",
        "team": "Unknown",
        "hits": 1,
        "rbi": 1
      },
      {
        "name": "Ryan McMahon",
        "team": "Unknown",
        "hits": 2,
        "rbi": 0
      },
      {
        "name": "Kris Bryant",
        "team": "Unknown",
        "hits": 1,
        "rbi": 0
      },
      {
        "name": "C.J. Cron",
        "team": "Unknown",
        "hits": 0,
        "rbi": 0
      },
      {
        "name": "Charlie Blackmon",
        "team": "Unknown",
        "hits": 0,
        "rbi": 0
      },
      {
        "name": "Elias D\u00edaz",
        "team": "Unknown",
        "hits": 0,
        "rbi": 0
      }
    ],
    "pitcher_stats": [
      {
        "name": "Jeurys Familia",
        "team": "Unknown",
        "innings_pitched": "1.0",
        "strikeouts": 0,
        "earned_runs": 0
      },
      {
        "name": "James Norwood",
        "team": "Unknown",
        "innings_pitched": "1.0",
        "strikeouts": 1,
        "earned_runs": 0
      },
      {
        "name": "Seranthony Dom\u00ednguez",
        "team": "Unknown",
        "innings_pitched": "0.1",
        "strikeouts": 0,
        "earned_runs": 0
      },
      {
        "name": "Bailey Falter",
        "team": "Unknown",
        "innings_pitched": "1.0",
        "strikeouts": 0,
        "earned_runs": 0
      },
      {
        "name": "Kyle Gibson",
        "team": "Unknown",
        "innings_pitched": "5.2",
        "strikeouts": 4,
        "earned_runs": 2
      },
      {
        "name": "Kyle Freeland",
        "team": "Unknown",
        "innings_pitched": "5.0",
        "strikeouts": 7,
        "earned_runs": 1
      },
      {
        "name": "Ty Blach",
        "team": "Unknown",
        "innings_pitched": "1.0",
        "strikeouts": 0,
        "earned_runs": 0
      },
      {
        "name": "Ashton Goudeau",
        "team": "Unknown",
        "innings_pitched": "1.1",
        "strikeouts": 1,
        "earned_runs": 3
      },
      {
        "name": "Lucas Gilbreath",
        "team": "Unknown",
        "innings_pitched": "0.2",
        "strikeouts": 0,
        "earned_runs": 0
      }
    ]
  },
  {
    "date": "2022-04-25",
    "home_team": "Toronto Blue Jays",
    "away_team": "Boston Red Sox",
    "home_score": 6,
    "away_score": 2,
    "status": "Final",
    "game_id": 661760,
    "starting_pitchers": {
      "home": "Jos\u00e9 Berr\u00edos",
      "away": "Nathan Eovaldi"
    },
    "first_inning_runs": {
      "home": 0,
      "away": 0
    },
    "player_stats": [
      {
        "name": "Bo Bichette",
        "team": "Unknown",
        "hits": 1,
        "rbi": 4
      },
      {
        "name": "Matt Chapman",
        "team": "Unknown",
        "hits": 1,
        "rbi": 1
      },
      {
        "name": "Santiago Espinal",
        "team": "Unknown",
        "hits": 1,
        "rbi": 0
      },
      {
        "name": "George Springer",
        "team": "Unknown",
        "hits": 2,
        "rbi": 0
      },
      {
        "name": "Lourdes Gurriel Jr.",
        "team": "Unknown",
        "hits": 2,
        "rbi": 1
      },
      {
        "name": "Vladimir Guerrero Jr.",
        "team": "Unknown",
        "hits": 1,
        "rbi": 0
      },
      {
        "name": "Raimel Tapia",
        "team": "Unknown",
        "hits": 1,
        "rbi": 0
      },
      {
        "name": "Bradley Zimmer",
        "team": "Unknown",
        "hits": 1,
        "rbi": 0
      },
      {
        "name": "Alejandro Kirk",
        "team": "Unknown",
        "hits": 0,
        "rbi": 0
      },
      {
        "name": "Enrique Hern\u00e1ndez",
        "team": "Unknown",
        "hits": 1,
        "rbi": 1
      },
      {
        "name": "Alex Verdugo",
        "team": "Unknown",
        "hits": 0,
        "rbi": 1
      },
      {
        "name": "Kevin Plawecki",
        "team": "Unknown",
        "hits": 0,
        "rbi": 0
      },
      {
        "name": "Bobby Dalbec",
        "team": "Unknown",
        "hits": 2,
        "rbi": 0
      },
      {
        "name": "J.D. Martinez",
        "team": "Unknown",
        "hits": 1,
        "rbi": 0
      },
      {
        "name": "Christian Arroyo",
        "team": "Unknown",
        "hits": 1,
        "rbi": 0
      },
      {
        "name": "Rafael Devers",
        "team": "Unknown",
        "hits": 1,
        "rbi": 0
      },
      {
        "name": "Xander Bogaerts",
        "team": "Unknown",
        "hits": 1,
        "rbi": 0
      },
      {
        "name": "Jackie Bradley Jr.",
        "team": "Unknown",
        "hits": 0,
        "rbi": 0
      }
    ],
    "pitcher_stats": [
      {
        "name": "Jos\u00e9 Berr\u00edos",
        "team": "Unknown",
        "innings_pitched": "7.0",
        "strikeouts": 4,
        "earned_runs": 2
      },
      {
        "name": "Adam Cimber",
        "team": "Unknown",
        "innings_pitched": "1.0",
        "strikeouts": 0,
        "earned_runs": 0
      },
      {
        "name": "Julian Merryweather",
        "team": "Unknown",
        "innings_pitched": "1.0",
        "strikeouts": 1,
        "earned_runs": 0
      },
      {
        "name": "Tyler Danish",
        "team": "Unknown",
        "innings_pitched": "0.2",
        "strikeouts": 1,
        "earned_runs": 2
      },
      {
        "name": "Matt Strahm",
        "team": "Unknown",
        "innings_pitched": "0.1",
        "strikeouts": 0,
        "earned_runs": 2
      },
      {
        "name": "Nathan Eovaldi",
        "team": "Unknown",
        "innings_pitched": "7.0",
        "strikeouts": 5,
        "earned_runs": 2
      }
    ]
  },
  {
    "date": "2022-04-25",
    "home_team": "St. Louis Cardinals",
    "away_team": "New York Mets",
    "home_score": 2,
    "away_score": 5,
    "status": "Final",
    "game_id": 662008,
    "starting_pitchers": {
      "home": "Miles Mikolas",
      "away": "Max Scherzer"
    },
    "first_inning_runs": {
      "home": 0,
      "away": 0
    },
    "player_stats": [
      {
        "name": "Corey Dickerson",
        "team": "Unknown",
        "hits": 0,
        "rbi": 0
      },
      {
        "name": "Dylan Carlson",
        "team": "Unknown",
        "hits": 0,
        "rbi": 0
      },
      {
        "name": "Nolan Arenado",
        "team": "Unknown",
        "hits": 0,
        "rbi": 0
      },
      {
        "name": "Edmundo Sosa",
        "team": "Unknown",
        "hits": 0,
        "rbi": 0
      },
      {
        "name": "Tyler O'Neill",
        "team": "Unknown",
        "hits": 1,
        "rbi": 2
      },
      {
        "name": "Paul Goldschmidt",
        "team": "Unknown",
        "hits": 2,
        "rbi": 0
      },
      {
        "name": "Tommy Edman",
        "team": "Unknown",
        "hits": 0,
        "rbi": 0
      },
      {
        "name": "Harrison Bader",
        "team": "Unknown",
        "hits": 1,
        "rbi": 0
      },
      {
        "name": "Yadier Molina",
        "team": "Unknown",
        "hits": 1,
        "rbi": 0
      },
      {
        "name": "Robinson Can\u00f3",
        "team": "Unknown",
        "hits": 0,
        "rbi": 0
      },
      {
        "name": "Tom\u00e1s Nido",
        "team": "Unknown",
        "hits": 0,
        "rbi": 0
      },
      {
        "name": "Jeff McNeil",
        "team": "Unknown",
        "hits": 2,
        "rbi": 0
      },
      {
        "name": "Eduardo Escobar",
        "team": "Unknown",
        "hits": 2,
        "rbi": 0
      },
      {
        "name": "Mark Canha",
        "team": "Unknown",
        "hits": 1,
        "rbi": 0
      },
      {
        "name": "Dominic Smith",
        "team": "Unknown",
        "hits": 1,
        "rbi": 2
      },
      {
        "name": "Pete Alonso",
        "team": "Unknown",
        "hits": 2,
        "rbi": 0
      },
      {
        "name": "Starling Marte",
        "team": "Unknown",
        "hits": 0,
        "rbi": 0
      },
      {
        "name": "Francisco Lindor",
        "team": "Unknown",
        "hits": 0,
        "rbi": 0
      },
      {
        "name": "Brandon Nimmo",
        "team": "Unknown",
        "hits": 1,
        "rbi": 2
      }
    ],
    "pitcher_stats": [
      {
        "name": "Miles Mikolas",
        "team": "Unknown",
        "innings_pitched": "7.0",
        "strikeouts": 5,
        "earned_runs": 0
      },
      {
        "name": "T.J. McFarland",
        "team": "Unknown",
        "innings_pitched": "0.1",
        "strikeouts": 1,
        "earned_runs": 1
      },
      {
        "name": "Giovanny Gallegos",
        "team": "Unknown",
        "innings_pitched": "0.2",
        "strikeouts": 0,
        "earned_runs": 4
      },
      {
        "name": "G\u00e9nesis Cabrera",
        "team": "Unknown",
        "innings_pitched": "1.0",
        "strikeouts": 1,
        "earned_runs": 0
      },
      {
        "name": "Trevor May",
        "team": "Unknown",
        "innings_pitched": "1.0",
        "strikeouts": 1,
        "earned_runs": 2
      },
      {
        "name": "Max Scherzer",
        "team": "Unknown",
        "innings_pitched": "7.0",
        "strikeouts": 10,
        "earned_runs": 0
      },
      {
        "name": "Edwin D\u00edaz",
        "team": "Unknown",
        "innings_pitched": "1.0",
        "strikeouts": 2,
        "earned_runs": 0
      }
    ]
  },
  {
    "date": "2022-04-25",
    "home_team": "Texas Rangers",
    "away_team": "Houston Astros",
    "home_score": 6,
    "away_score": 2,
    "status": "Final",
    "game_id": 661979,
    "starting_pitchers": {
      "home": "Dane Dunning",
      "away": "Framber Valdez"
    },
    "first_inning_runs": {
      "home": 0,
      "away": 0
    },
    "player_stats": [
      {
        "name": "Nick Solak",
        "team": "Unknown",
        "hits": 0,
        "rbi": 0
      },
      {
        "name": "Nathaniel Lowe",
        "team": "Unknown",
        "hits": 2,
        "rbi": 0
      },
      {
        "name": "Corey Seager",
        "team": "Unknown",
        "hits": 2,
        "rbi": 1
      },
      {
        "name": "Brad Miller",
        "team": "Unknown",
        "hits": 0,
        "rbi": 0
      },
      {
        "name": "Marcus Semien",
        "team": "Unknown",
        "hits": 1,
        "rbi": 1
      },
      {
        "name": "Kole Calhoun",
        "team": "Unknown",
        "hits": 0,
        "rbi": 0
      },
      {
        "name": "Charlie Culberson",
        "team": "Unknown",
        "hits": 0,
        "rbi": 1
      },
      {
        "name": "Mitch Garver",
        "team": "Unknown",
        "hits": 1,
        "rbi": 0
      },
      {
        "name": "Willie Calhoun",
        "team": "Unknown",
        "hits": 2,
        "rbi": 0
      },
      {
        "name": "Eli White",
        "team": "Unknown",
        "hits": 0,
        "rbi": 0
      },
      {
        "name": "Andy Ib\u00e1\u00f1ez",
        "team": "Unknown",
        "hits": 1,
        "rbi": 0
      },
      {
        "name": "Adolis Garc\u00eda",
        "team": "Unknown",
        "hits": 2,
        "rbi": 3
      },
      {
        "name": "Kyle Tucker",
        "team": "Unknown",
        "hits": 3,
        "rbi": 1
      },
      {
        "name": "Alex Bregman",
        "team": "Unknown",
        "hits": 0,
        "rbi": 0
      },
      {
        "name": "Yuli Gurriel",
        "team": "Unknown",
        "hits": 2,
        "rbi": 0
      },
      {
        "name": "Jeremy Pe\u00f1a",
        "team": "Unknown",
        "hits": 0,
        "rbi": 0
      },
      {
        "name": "Michael Brantley",
        "team": "Unknown",
        "hits": 1,
        "rbi": 0
      },
      {
        "name": "Aledmys D\u00edaz",
        "team": "Unknown",
        "hits": 1,
        "rbi": 0
      },
      {
        "name": "Jason Castro",
        "team": "Unknown",
        "hits": 0,
        "rbi": 0
      },
      {
        "name": "Chas McCormick",
        "team": "Unknown",
        "hits": 0,
        "rbi": 0
      },
      {
        "name": "Yordan Alvarez",
        "team": "Unknown",
        "hits": 1,
        "rbi": 1
      }
    ],
    "pitcher_stats": [
      {
        "name": "Joe Barlow",
        "team": "Unknown",
        "innings_pitched": "1.0",
        "strikeouts": 1,
        "earned_runs": 0
      },
      {
        "name": "Dane Dunning",
        "team": "Unknown",
        "innings_pitched": "5.2",
        "strikeouts": 5,
        "earned_runs": 2
      },
      {
        "name": "Matt Moore",
        "team": "Unknown",
        "innings_pitched": "1.0",
        "strikeouts": 1,
        "earned_runs": 0
      },
      {
        "name": "John King",
        "team": "Unknown",
        "innings_pitched": "0.1",
        "strikeouts": 1,
        "earned_runs": 0
      },
      {
        "name": "Matt Bush",
        "team": "Unknown",
        "innings_pitched": "1.0",
        "strikeouts": 1,
        "earned_runs": 0
      },
      {
        "name": "Framber Valdez",
        "team": "Unknown",
        "innings_pitched": "6.0",
        "strikeouts": 5,
        "earned_runs": 0
      },
      {
        "name": "Ronel Blanco",
        "team": "Unknown",
        "innings_pitched": "0.1",
        "strikeouts": 0,
        "earned_runs": 1
      },
      {
        "name": "Parker Mushinski",
        "team": "Unknown",
        "innings_pitched": "0.2",
        "strikeouts": 1,
        "earned_runs": 2
      },
      {
        "name": "Ryne Stanek",
        "team": "Unknown",
        "innings_pitched": "0.2",
        "strikeouts": 0,
        "earned_runs": 0
      },
      {
        "name": "Phil Maton",
        "team": "Unknown",
        "innings_pitched": "0.1",
        "strikeouts": 0,
        "earned_runs": 2
      }
    ]
  },
  {
    "date": "2022-04-25",
    "home_team": "Los Angeles Angels",
    "away_team": "Cleveland Guardians",
    "home_score": 3,
    "away_score": 0,
    "status": "Final",
    "game_id": 661034,
    "starting_pitchers": {
      "home": "Michael Lorenzen",
      "away": "Shane Bieber"
    },
    "first_inning_runs": {
      "home": 0,
      "away": 0
    },
    "player_stats": [
      {
        "name": "Taylor Ward",
        "team": "Unknown",
        "hits": 2,
        "rbi": 3
      },
      {
        "name": "Mike Trout",
        "team": "Unknown",
        "hits": 1,
        "rbi": 0
      },
      {
        "name": "Anthony Rendon",
        "team": "Unknown",
        "hits": 1,
        "rbi": 0
      },
      {
        "name": "Jo Adell",
        "team": "Unknown",
        "hits": 1,
        "rbi": 0
      },
      {
        "name": "Jared Walsh",
        "team": "Unknown",
        "hits": 1,
        "rbi": 0
      },
      {
        "name": "Shohei Ohtani",
        "team": "Unknown",
        "hits": 0,
        "rbi": 0
      },
      {
        "name": "Tyler Wade",
        "team": "Unknown",
        "hits": 0,
        "rbi": 0
      },
      {
        "name": "Matt Duffy",
        "team": "Unknown",
        "hits": 1,
        "rbi": 0
      },
      {
        "name": "Max Stassi",
        "team": "Unknown",
        "hits": 1,
        "rbi": 0
      },
      {
        "name": "Josh Naylor",
        "team": "Unknown",
        "hits": 0,
        "rbi": 0
      },
      {
        "name": "Richie Palacios",
        "team": "Unknown",
        "hits": 2,
        "rbi": 0
      },
      {
        "name": "Austin Hedges",
        "team": "Unknown",
        "hits": 0,
        "rbi": 0
      },
      {
        "name": "Amed Rosario",
        "team": "Unknown",
        "hits": 1,
        "rbi": 0
      },
      {
        "name": "Andr\u00e9s Gim\u00e9nez",
        "team": "Unknown",
        "hits": 0,
        "rbi": 0
      },
      {
        "name": "Jos\u00e9 Ram\u00edrez",
        "team": "Unknown",
        "hits": 0,
        "rbi": 0
      },
      {
        "name": "Owen Miller",
        "team": "Unknown",
        "hits": 0,
        "rbi": 0
      },
      {
        "name": "Myles Straw",
        "team": "Unknown",
        "hits": 0,
        "rbi": 0
      },
      {
        "name": "Franmil Reyes",
        "team": "Unknown",
        "hits": 0,
        "rbi": 0
      }
    ],
    "pitcher_stats": [
      {
        "name": "Mike Mayers",
        "team": "Unknown",
        "innings_pitched": "1.0",
        "strikeouts": 0,
        "earned_runs": 0
      },
      {
        "name": "Raisel Iglesias",
        "team": "Unknown",
        "innings_pitched": "1.0",
        "strikeouts": 1,
        "earned_runs": 0
      },
      {
        "name": "Michael Lorenzen",
        "team": "Unknown",
        "innings_pitched": "6.0",
        "strikeouts": 3,
        "earned_runs": 0
      },
      {
        "name": "Ryan Tepera",
        "team": "Unknown",
        "innings_pitched": "1.0",
        "strikeouts": 0,
        "earned_runs": 0
      },
      {
        "name": "Shane Bieber",
        "team": "Unknown",
        "innings_pitched": "6.1",
        "strikeouts": 6,
        "earned_runs": 3
      },
      {
        "name": "Bryan Shaw",
        "team": "Unknown",
        "innings_pitched": "1.0",
        "strikeouts": 0,
        "earned_runs": 0
      },
      {
        "name": "Trevor Stephan",
        "team": "Unknown",
        "innings_pitched": "0.2",
        "strikeouts": 1,
        "earned_runs": 0
      }
    ]
  },
  {
    "date": "2022-04-25",
    "home_team": "Arizona Diamondbacks",
    "away_team": "Los Angeles Dodgers",
    "home_score": 0,
    "away_score": 4,
    "status": "Final",
    "game_id": 663382,
    "starting_pitchers": {
      "home": "Merrill Kelly",
      "away": "Walker Buehler"
    },
    "first_inning_runs": {
      "home": 0,
      "away": 2
    },
    "player_stats": [
      {
        "name": "Cooper Hummel",
        "team": "Unknown",
        "hits": 0,
        "rbi": 0
      },
      {
        "name": "Nick Ahmed",
        "team": "Unknown",
        "hits": 0,
        "rbi": 0
      },
      {
        "name": "Ketel Marte",
        "team": "Unknown",
        "hits": 0,
        "rbi": 0
      },
      {
        "name": "Daulton Varsho",
        "team": "Unknown",
        "hits": 1,
        "rbi": 0
      },
      {
        "name": "Carson Kelly",
        "team": "Unknown",
        "hits": 0,
        "rbi": 0
      },
      {
        "name": "Jordan Luplow",
        "team": "Unknown",
        "hits": 0,
        "rbi": 0
      },
      {
        "name": "David Peralta",
        "team": "Unknown",
        "hits": 1,
        "rbi": 0
      },
      {
        "name": "Geraldo Perdomo",
        "team": "Unknown",
        "hits": 0,
        "rbi": 0
      },
      {
        "name": "Seth Beer",
        "team": "Unknown",
        "hits": 0,
        "rbi": 0
      },
      {
        "name": "Christian Walker",
        "team": "Unknown",
        "hits": 1,
        "rbi": 0
      },
      {
        "name": "Pavin Smith",
        "team": "Unknown",
        "hits": 0,
        "rbi": 0
      },
      {
        "name": "Will Smith",
        "team": "Unknown",
        "hits": 2,
        "rbi": 1
      },
      {
        "name": "Chris Taylor",
        "team": "Unknown",
        "hits": 1,
        "rbi": 0
      },
      {
        "name": "Max Muncy",
        "team": "Unknown",
        "hits": 1,
        "rbi": 1
      },
      {
        "name": "Freddie Freeman",
        "team": "Unknown",
        "hits": 2,
        "rbi": 0
      },
      {
        "name": "Cody Bellinger",
        "team": "Unknown",
        "hits": 0,
        "rbi": 0
      },
      {
        "name": "Gavin Lux",
        "team": "Unknown",
        "hits": 1,
        "rbi": 0
      },
      {
        "name": "Mookie Betts",
        "team": "Unknown",
        "hits": 1,
        "rbi": 0
      },
      {
        "name": "Trea Turner",
        "team": "Unknown",
        "hits": 1,
        "rbi": 2
      },
      {
        "name": "Justin Turner",
        "team": "Unknown",
        "hits": 0,
        "rbi": 0
      }
    ],
    "pitcher_stats": [
      {
        "name": "Merrill Kelly",
        "team": "Unknown",
        "innings_pitched": "6.0",
        "strikeouts": 4,
        "earned_runs": 3
      },
      {
        "name": "Tyler Gilbert",
        "team": "Unknown",
        "innings_pitched": "3.0",
        "strikeouts": 3,
        "earned_runs": 1
      },
      {
        "name": "Walker Buehler",
        "team": "Unknown",
        "innings_pitched": "9.0",
        "strikeouts": 10,
        "earned_runs": 0
      }
    ]
  }
]