[
  {
    "date": "2022-10-01",
    "home_team": "Washington Nationals",
    "away_team": "Philadelphia Phillies",
    "home_score": 13,
    "away_score": 4,
    "status": "Final",
    "game_id": 662572,
    "starting_pitchers": {
      "home": "An\u00edbal S\u00e1nchez",
      "away": "Kyle Gibson"
    },
    "first_inning_runs": {
      "home": 1,
      "away": 1
    },
    "player_stats": [
      {
        "name": "Victor Robles",
        "team": "Unknown",
        "hits": 0,
        "rbi": 1
      },
      {
        "name": "CJ Abrams",
        "team": "Unknown",
        "hits": 3,
        "rbi": 0
      },
      {
        "name": "Riley Adams",
        "team": "Unknown",
        "hits": 1,
        "rbi": 0
      },
      {
        "name": "Joey Meneses",
        "team": "Unknown",
        "hits": 3,
        "rbi": 4
      },
      {
        "name": "Ildemaro Vargas",
        "team": "Unknown",
        "hits": 1,
        "rbi": 1
      },
      {
        "name": "Alex Call",
        "team": "Unknown",
        "hits": 0,
        "rbi": 0
      },
      {
        "name": "Luke Voit",
        "team": "Unknown",
        "hits": 2,
        "rbi": 2
      },
      {
        "name": "Lane Thomas",
        "team": "Unknown",
        "hits": 1,
        "rbi": 0
      },
      {
        "name": "Luis Garc\u00eda Jr.",
        "team": "Unknown",
        "hits": 3,
        "rbi": 5
      },
      {
        "name": "Jean Segura",
        "team": "Unknown",
        "hits": 1,
        "rbi": 1
      },
      {
        "name": "Brandon Marsh",
        "team": "Unknown",
        "hits": 1,
        "rbi": 0
      },
      {
        "name": "Bryce Harper",
        "team": "Unknown",
        "hits": 0,
        "rbi": 0
      },
      {
        "name": "J.T. Realmuto",
        "team": "Unknown",
        "hits": 2,
        "rbi": 0
      },
      {
        "name": "Nick Castellanos",
        "team": "Unknown",
        "hits": 1,
        "rbi": 1
      },
      {
        "name": "Alec Bohm",
        "team": "Unknown",
        "hits": 0,
        "rbi": 0
      },
      {
        "name": "Bryson Stott",
        "team": "Unknown",
        "hits": 1,
        "rbi": 1
      },
      {
        "name": "Kyle Schwarber",
        "team": "Unknown",
        "hits": 1,
        "rbi": 0
      },
      {
        "name": "Darick Hall",
        "team": "Unknown",
        "hits": 0,
        "rbi": 0
      },
      {
        "name": "Matt Vierling",
        "team": "Unknown",
        "hits": 0,
        "rbi": 0
      },
      {
        "name": "Dalton Guthrie",
        "team": "Unknown",
        "hits": 0,
        "rbi": 0
      },
      {
        "name": "Rhys Hoskins",
        "team": "Unknown",
        "hits": 0,
        "rbi": 0
      }
    ],
    "pitcher_stats": [
      {
        "name": "Hunter Harvey",
        "team": "Unknown",
        "innings_pitched": "2.0",
        "strikeouts": 2,
        "earned_runs": 0
      },
      {
        "name": "Andr\u00e9s Machado",
        "team": "Unknown",
        "innings_pitched": "2.0",
        "strikeouts": 2,
        "earned_runs": 0
      },
      {
        "name": "An\u00edbal S\u00e1nchez",
        "team": "Unknown",
        "innings_pitched": "5.0",
        "strikeouts": 6,
        "earned_runs": 4
      },
      {
        "name": "Nick Maton",
        "team": "Unknown",
        "innings_pitched": "0.1",
        "strikeouts": 0,
        "earned_runs": 0
      },
      {
        "name": "Chris Devenski",
        "team": "Unknown",
        "innings_pitched": "1.1",
        "strikeouts": 2,
        "earned_runs": 3
      },
      {
        "name": "Nick Nelson",
        "team": "Unknown",
        "innings_pitched": "0.1",
        "strikeouts": 0,
        "earned_runs": 3
      },
      {
        "name": "Kyle Gibson",
        "team": "Unknown",
        "innings_pitched": "6.0",
        "strikeouts": 7,
        "earned_runs": 7
      }
    ]
  },
  {
    "date": "2022-10-01",
    "home_team": "Washington Nationals",
    "away_team": "Philadelphia Phillies",
    "home_score": 2,
    "away_score": 8,
    "status": "Final",
    "game_id": 661098,
    "starting_pitchers": {
      "home": "Tommy Romero",
      "away": "Noah Syndergaard"
    },
    "first_inning_runs": {
      "home": 0,
      "away": 1
    },
    "player_stats": [
      {
        "name": "Tres Barrera",
        "team": "Unknown",
        "hits": 0,
        "rbi": 0
      },
      {
        "name": "Victor Robles",
        "team": "Unknown",
        "hits": 0,
        "rbi": 0
      },
      {
        "name": "CJ Abrams",
        "team": "Unknown",
        "hits": 0,
        "rbi": 0
      },
      {
        "name": "Joey Meneses",
        "team": "Unknown",
        "hits": 1,
        "rbi": 0
      },
      {
        "name": "Ildemaro Vargas",
        "team": "Unknown",
        "hits": 0,
        "rbi": 1
      },
      {
        "name": "Luke Voit",
        "team": "Unknown",
        "hits": 0,
        "rbi": 0
      },
      {
        "name": "Joshua Palacios",
        "team": "Unknown",
        "hits": 1,
        "rbi": 0
      },
      {
        "name": "Lane Thomas",
        "team": "Unknown",
        "hits": 1,
        "rbi": 0
      },
      {
        "name": "C\u00e9sar Hern\u00e1ndez",
        "team": "Unknown",
        "hits": 2,
        "rbi": 0
      },
      {
        "name": "Luis Garc\u00eda Jr.",
        "team": "Unknown",
        "hits": 1,
        "rbi": 1
      },
      {
        "name": "Jean Segura",
        "team": "Unknown",
        "hits": 1,
        "rbi": 0
      },
      {
        "name": "Brandon Marsh",
        "team": "Unknown",
        "hits": 1,
        "rbi": 1
      },
      {
        "name": "Nick Maton",
        "team": "Unknown",
        "hits": 0,
        "rbi": 0
      },
      {
        "name": "Bryce Harper",
        "team": "Unknown",
        "hits": 0,
        "rbi": 0
      },
      {
        "name": "Alec Bohm",
        "team": "Unknown",
        "hits": 1,
        "rbi": 2
      },
      {
        "name": "Bryson Stott",
        "team": "Unknown",
        "hits": 1,
        "rbi": 0
      },
      {
        "name": "Kyle Schwarber",
        "team": "Unknown",
        "hits": 3,
        "rbi": 2
      },
      {
        "name": "Garrett Stubbs",
        "team": "Unknown",
        "hits": 0,
        "rbi": 0
      },
      {
        "name": "Matt Vierling",
        "team": "Unknown",
        "hits": 2,
        "rbi": 3
      },
      {
        "name": "Rhys Hoskins",
        "team": "Unknown",
        "hits": 1,
        "rbi": 0
      }
    ],
    "pitcher_stats": [
      {
        "name": "Steve Cishek",
        "team": "Unknown",
        "innings_pitched": "1.0",
        "strikeouts": 0,
        "earned_runs": 0
      },
      {
        "name": "Mason Thompson",
        "team": "Unknown",
        "innings_pitched": "1.1",
        "strikeouts": 1,
        "earned_runs": 0
      },
      {
        "name": "Ildemaro Vargas",
        "team": "Unknown",
        "innings_pitched": "1.0",
        "strikeouts": 0,
        "earned_runs": 0
      },
      {
        "name": "Carl Edwards Jr.",
        "team": "Unknown",
        "innings_pitched": "1.0",
        "strikeouts": 0,
        "earned_runs": 0
      },
      {
        "name": "Erasmo Ram\u00edrez",
        "team": "Unknown",
        "innings_pitched": "1.0",
        "strikeouts": 0,
        "earned_runs": 0
      },
      {
        "name": "Tommy Romero",
        "team": "Unknown",
        "innings_pitched": "3.2",
        "strikeouts": 2,
        "earned_runs": 6
      },
      {
        "name": "Cristopher S\u00e1nchez",
        "team": "Unknown",
        "innings_pitched": "3.0",
        "strikeouts": 1,
        "earned_runs": 2
      },
      {
        "name": "Connor Brogdon",
        "team": "Unknown",
        "innings_pitched": "0.1",
        "strikeouts": 0,
        "earned_runs": 0
      },
      {
        "name": "Noah Syndergaard",
        "team": "Unknown",
        "innings_pitched": "5.2",
        "strikeouts": 3,
        "earned_runs": 0
      }
    ]
  },
  {
    "date": "2022-10-01",
    "home_team": "New York Yankees",
    "away_team": "Baltimore Orioles",
    "home_score": 8,
    "away_score": 0,
    "status": "Final",
    "game_id": 661217,
    "starting_pitchers": {
      "home": "Nestor Cortes",
      "away": "Austin Voth"
    },
    "first_inning_runs": {
      "home": 3,
      "away": 0
    },
    "player_stats": [
      {
        "name": "Oswald Peraza",
        "team": "Unknown",
        "hits": 1,
        "rbi": 0
      },
      {
        "name": "Anthony Rizzo",
        "team": "Unknown",
        "hits": 2,
        "rbi": 0
      },
      {
        "name": "Oswaldo Cabrera",
        "team": "Unknown",
        "hits": 0,
        "rbi": 0
      },
      {
        "name": "Aaron Judge",
        "team": "Unknown",
        "hits": 0,
        "rbi": 0
      },
      {
        "name": "Kyle Higashioka",
        "team": "Unknown",
        "hits": 3,
        "rbi": 1
      },
      {
        "name": "Josh Donaldson",
        "team": "Unknown",
        "hits": 2,
        "rbi": 2
      },
      {
        "name": "Gleyber Torres",
        "team": "Unknown",
        "hits": 2,
        "rbi": 2
      },
      {
        "name": "Harrison Bader",
        "team": "Unknown",
        "hits": 2,
        "rbi": 1
      },
      {
        "name": "Giancarlo Stanton",
        "team": "Unknown",
        "hits": 2,
        "rbi": 1
      },
      {
        "name": "Robinson Chirinos",
        "team": "Unknown",
        "hits": 0,
        "rbi": 0
      },
      {
        "name": "Gunnar Henderson",
        "team": "Unknown",
        "hits": 0,
        "rbi": 0
      },
      {
        "name": "Jorge Mateo",
        "team": "Unknown",
        "hits": 1,
        "rbi": 0
      },
      {
        "name": "Ryan McKenna",
        "team": "Unknown",
        "hits": 0,
        "rbi": 0
      },
      {
        "name": "Ryan Mountcastle",
        "team": "Unknown",
        "hits": 1,
        "rbi": 0
      },
      {
        "name": "Adley Rutschman",
        "team": "Unknown",
        "hits": 1,
        "rbi": 0
      },
      {
        "name": "Rougned Odor",
        "team": "Unknown",
        "hits": 0,
        "rbi": 0
      },
      {
        "name": "Austin Hays",
        "team": "Unknown",
        "hits": 0,
        "rbi": 0
      },
      {
        "name": "Cedric Mullins",
        "team": "Unknown",
        "hits": 0,
        "rbi": 0
      }
    ],
    "pitcher_stats": [
      {
        "name": "Nestor Cortes",
        "team": "Unknown",
        "innings_pitched": "7.1",
        "strikeouts": 12,
        "earned_runs": 0
      },
      {
        "name": "Jacob Barnes",
        "team": "Unknown",
        "innings_pitched": "1.2",
        "strikeouts": 2,
        "earned_runs": 0
      },
      {
        "name": "Spenser Watkins",
        "team": "Unknown",
        "innings_pitched": "3.0",
        "strikeouts": 2,
        "earned_runs": 4
      },
      {
        "name": "Austin Voth",
        "team": "Unknown",
        "innings_pitched": "5.0",
        "strikeouts": 3,
        "earned_runs": 4
      }
    ]
  },
  {
    "date": "2022-10-01",
    "home_team": "Chicago Cubs",
    "away_team": "Cincinnati Reds",
    "home_score": 2,
    "away_score": 1,
    "status": "Final",
    "game_id": 663167,
    "starting_pitchers": {
      "home": "Drew Smyly",
      "away": "Nick Lodolo"
    },
    "first_inning_runs": {
      "home": 0,
      "away": 0
    },
    "player_stats": [
      {
        "name": "Willson Contreras",
        "team": "Unknown",
        "hits": 0,
        "rbi": 0
      },
      {
        "name": "Christopher Morel",
        "team": "Unknown",
        "hits": 1,
        "rbi": 0
      },
      {
        "name": "Ian Happ",
        "team": "Unknown",
        "hits": 0,
        "rbi": 0
      },
      {
        "name": "Patrick Wisdom",
        "team": "Unknown",
        "hits": 0,
        "rbi": 0
      },
      {
        "name": "Alfonso Rivas III",
        "team": "Unknown",
        "hits": 0,
        "rbi": 0
      },
      {
        "name": "Seiya Suzuki",
        "team": "Unknown",
        "hits": 1,
        "rbi": 1
      },
      {
        "name": "David Bote",
        "team": "Unknown",
        "hits": 0,
        "rbi": 0
      },
      {
        "name": "Nico Hoerner",
        "team": "Unknown",
        "hits": 0,
        "rbi": 0
      },
      {
        "name": "Franmil Reyes",
        "team": "Unknown",
        "hits": 0,
        "rbi": 0
      },
      {
        "name": "Nelson Vel\u00e1zquez",
        "team": "Unknown",
        "hits": 1,
        "rbi": 1
      },
      {
        "name": "Jonathan India",
        "team": "Unknown",
        "hits": 0,
        "rbi": 0
      },
      {
        "name": "Austin Romine",
        "team": "Unknown",
        "hits": 0,
        "rbi": 0
      },
      {
        "name": "Donovan Solano",
        "team": "Unknown",
        "hits": 0,
        "rbi": 0
      },
      {
        "name": "Matt Reynolds",
        "team": "Unknown",
        "hits": 0,
        "rbi": 0
      },
      {
        "name": "Alejo Lopez",
        "team": "Unknown",
        "hits": 0,
        "rbi": 0
      },
      {
        "name": "Kyle Farmer",
        "team": "Unknown",
        "hits": 2,
        "rbi": 1
      },
      {
        "name": "Spencer Steer",
        "team": "Unknown",
        "hits": 1,
        "rbi": 0
      },
      {
        "name": "Jose Barrero",
        "team": "Unknown",
        "hits": 0,
        "rbi": 0
      },
      {
        "name": "Aristides Aquino",
        "team": "Unknown",
        "hits": 1,
        "rbi": 0
      },
      {
        "name": "Stuart Fairchild",
        "team": "Unknown",
        "hits": 0,
        "rbi": 0
      }
    ],
    "pitcher_stats": [
      {
        "name": "Adbert Alzolay",
        "team": "Unknown",
        "innings_pitched": "3.0",
        "strikeouts": 4,
        "earned_runs": 0
      },
      {
        "name": "Drew Smyly",
        "team": "Unknown",
        "innings_pitched": "3.0",
        "strikeouts": 2,
        "earned_runs": 1
      },
      {
        "name": "Wade Miley",
        "team": "Unknown",
        "innings_pitched": "2.0",
        "strikeouts": 0,
        "earned_runs": 0
      },
      {
        "name": "Brandon Hughes",
        "team": "Unknown",
        "innings_pitched": "0.1",
        "strikeouts": 1,
        "earned_runs": 0
      },
      {
        "name": "Manuel Rodr\u00edguez",
        "team": "Unknown",
        "innings_pitched": "0.2",
        "strikeouts": 0,
        "earned_runs": 0
      },
      {
        "name": "Nick Lodolo",
        "team": "Unknown",
        "innings_pitched": "5.0",
        "strikeouts": 5,
        "earned_runs": 1
      },
      {
        "name": "Buck Farmer",
        "team": "Unknown",
        "innings_pitched": "1.1",
        "strikeouts": 1,
        "earned_runs": 0
      },
      {
        "name": "Derek Law",
        "team": "Unknown",
        "innings_pitched": "1.2",
        "strikeouts": 2,
        "earned_runs": 1
      }
    ]
  },
  {
    "date": "2022-10-01",
    "home_team": "Toronto Blue Jays",
    "away_team": "Boston Red Sox",
    "home_score": 10,
    "away_score": 0,
    "status": "Final",
    "game_id": 661736,
    "starting_pitchers": {
      "home": "Ross Stripling",
      "away": "Brayan Bello"
    },
    "first_inning_runs": {
      "home": 0,
      "away": 0
    },
    "player_stats": [
      {
        "name": "Bo Bichette",
        "team": "Unknown",
        "hits": 4,
        "rbi": 0
      },
      {
        "name": "Matt Chapman",
        "team": "Unknown",
        "hits": 1,
        "rbi": 0
      },
      {
        "name": "Whit Merrifield",
        "team": "Unknown",
        "hits": 1,
        "rbi": 0
      },
      {
        "name": "Gabriel Moreno",
        "team": "Unknown",
        "hits": 1,
        "rbi": 0
      },
      {
        "name": "George Springer",
        "team": "Unknown",
        "hits": 3,
        "rbi": 0
      },
      {
        "name": "Cavan Biggio",
        "team": "Unknown",
        "hits": 0,
        "rbi": 0
      },
      {
        "name": "Teoscar Hern\u00e1ndez",
        "team": "Unknown",
        "hits": 4,
        "rbi": 2
      },
      {
        "name": "Vladimir Guerrero Jr.",
        "team": "Unknown",
        "hits": 1,
        "rbi": 1
      },
      {
        "name": "Danny Jansen",
        "team": "Unknown",
        "hits": 3,
        "rbi": 5
      },
      {
        "name": "Raimel Tapia",
        "team": "Unknown",
        "hits": 2,
        "rbi": 1
      },
      {
        "name": "Bradley Zimmer",
        "team": "Unknown",
        "hits": 0,
        "rbi": 0
      },
      {
        "name": "Alejandro Kirk",
        "team": "Unknown",
        "hits": 0,
        "rbi": 0
      },
      {
        "name": "Otto Lopez",
        "team": "Unknown",
        "hits": 1,
        "rbi": 0
      },
      {
        "name": "Connor Wong",
        "team": "Unknown",
        "hits": 0,
        "rbi": 0
      },
      {
        "name": "Enrique Hern\u00e1ndez",
        "team": "Unknown",
        "hits": 0,
        "rbi": 0
      },
      {
        "name": "Rob Refsnyder",
        "team": "Unknown",
        "hits": 0,
        "rbi": 0
      },
      {
        "name": "Alex Verdugo",
        "team": "Unknown",
        "hits": 1,
        "rbi": 0
      },
      {
        "name": "Tommy Pham",
        "team": "Unknown",
        "hits": 0,
        "rbi": 0
      },
      {
        "name": "Christian Arroyo",
        "team": "Unknown",
        "hits": 1,
        "rbi": 0
      },
      {
        "name": "Rafael Devers",
        "team": "Unknown",
        "hits": 2,
        "rbi": 0
      },
      {
        "name": "Xander Bogaerts",
        "team": "Unknown",
        "hits": 0,
        "rbi": 0
      },
      {
        "name": "Triston Casas",
        "team": "Unknown",
        "hits": 1,
        "rbi": 0
      }
    ],
    "pitcher_stats": [
      {
        "name": "Anthony Bass",
        "team": "Unknown",
        "innings_pitched": "1.0",
        "strikeouts": 1,
        "earned_runs": 0
      },
      {
        "name": "David Phelps",
        "team": "Unknown",
        "innings_pitched": "1.0",
        "strikeouts": 1,
        "earned_runs": 0
      },
      {
        "name": "Adam Cimber",
        "team": "Unknown",
        "innings_pitched": "0.1",
        "strikeouts": 1,
        "earned_runs": 0
      },
      {
        "name": "Ross Stripling",
        "team": "Unknown",
        "innings_pitched": "6.0",
        "strikeouts": 3,
        "earned_runs": 0
      },
      {
        "name": "Jordan Romano",
        "team": "Unknown",
        "innings_pitched": "0.2",
        "strikeouts": 1,
        "earned_runs": 0
      },
      {
        "name": "Zack Kelly",
        "team": "Unknown",
        "innings_pitched": "1.0",
        "strikeouts": 1,
        "earned_runs": 3
      },
      {
        "name": "Brayan Bello",
        "team": "Unknown",
        "innings_pitched": "4.0",
        "strikeouts": 4,
        "earned_runs": 4
      },
      {
        "name": "Josh Winckowski",
        "team": "Unknown",
        "innings_pitched": "3.0",
        "strikeouts": 3,
        "earned_runs": 3
      }
    ]
  },
  {
    "date": "2022-10-01",
    "home_team": "San Francisco Giants",
    "away_team": "Arizona Diamondbacks",
    "home_score": 4,
    "away_score": 8,
    "status": "Final",
    "game_id": 662023,
    "starting_pitchers": {
      "home": "Scott Alexander",
      "away": "Drey Jameson"
    },
    "first_inning_runs": {
      "home": 0,
      "away": 0
    },
    "player_stats": [
      {
        "name": "Ford Proctor",
        "team": "Unknown",
        "hits": 0,
        "rbi": 1
      },
      {
        "name": "Joey Bart",
        "team": "Unknown",
        "hits": 0,
        "rbi": 0
      },
      {
        "name": "Thairo Estrada",
        "team": "Unknown",
        "hits": 1,
        "rbi": 1
      },
      {
        "name": "Joc Pederson",
        "team": "Unknown",
        "hits": 1,
        "rbi": 0
      },
      {
        "name": "David Villar",
        "team": "Unknown",
        "hits": 0,
        "rbi": 0
      },
      {
        "name": "LaMonte Wade Jr.",
        "team": "Unknown",
        "hits": 1,
        "rbi": 0
      },
      {
        "name": "Mike Yastrzemski",
        "team": "Unknown",
        "hits": 1,
        "rbi": 1
      },
      {
        "name": "J.D. Davis",
        "team": "Unknown",
        "hits": 2,
        "rbi": 1
      },
      {
        "name": "Austin Slater",
        "team": "Unknown",
        "hits": 1,
        "rbi": 0
      },
      {
        "name": "Jason Vosler",
        "team": "Unknown",
        "hits": 1,
        "rbi": 0
      },
      {
        "name": "Cooper Hummel",
        "team": "Unknown",
        "hits": 0,
        "rbi": 1
      },
      {
        "name": "Josh Rojas",
        "team": "Unknown",
        "hits": 1,
        "rbi": 2
      },
      {
        "name": "Jake McCarthy",
        "team": "Unknown",
        "hits": 1,
        "rbi": 0
      },
      {
        "name": "Daulton Varsho",
        "team": "Unknown",
        "hits": 0,
        "rbi": 0
      },
      {
        "name": "Sergio Alc\u00e1ntara",
        "team": "Unknown",
        "hits": 2,
        "rbi": 4
      },
      {
        "name": "Buddy Kennedy",
        "team": "Unknown",
        "hits": 0,
        "rbi": 0
      },
      {
        "name": "Jordan Luplow",
        "team": "Unknown",
        "hits": 3,
        "rbi": 0
      },
      {
        "name": "Stone Garrett",
        "team": "Unknown",
        "hits": 0,
        "rbi": 0
      },
      {
        "name": "Geraldo Perdomo",
        "team": "Unknown",
        "hits": 0,
        "rbi": 0
      },
      {
        "name": "Corbin Carroll",
        "team": "Unknown",
        "hits": 2,
        "rbi": 0
      },
      {
        "name": "Christian Walker",
        "team": "Unknown",
        "hits": 3,
        "rbi": 1
      }
    ],
    "pitcher_stats": [
      {
        "name": "Yunior Marte",
        "team": "Unknown",
        "innings_pitched": "2.0",
        "strikeouts": 0,
        "earned_runs": 0
      },
      {
        "name": "Scott Alexander",
        "team": "Unknown",
        "innings_pitched": "1.1",
        "strikeouts": 1,
        "earned_runs": 0
      },
      {
        "name": "Jarl\u00edn Garc\u00eda",
        "team": "Unknown",
        "innings_pitched": "1.0",
        "strikeouts": 1,
        "earned_runs": 4
      },
      {
        "name": "Jakob Junis",
        "team": "Unknown",
        "innings_pitched": "4.2",
        "strikeouts": 4,
        "earned_runs": 4
      },
      {
        "name": "Drey Jameson",
        "team": "Unknown",
        "innings_pitched": "6.0",
        "strikeouts": 7,
        "earned_runs": 2
      },
      {
        "name": "Kevin Ginkel",
        "team": "Unknown",
        "innings_pitched": "1.0",
        "strikeouts": 1,
        "earned_runs": 0
      },
      {
        "name": "Reyes Moronta",
        "team": "Unknown",
        "innings_pitched": "1.0",
        "strikeouts": 0,
        "earned_runs": 1
      },
      {
        "name": "Mark Melancon",
        "team": "Unknown",
        "innings_pitched": "1.0",
        "strikeouts": 0,
        "earned_runs": 1
      }
    ]
  },
  {
    "date": "2022-10-01",
    "home_team": "Seattle Mariners",
    "away_team": "Oakland Athletics",
    "home_score": 5,
    "away_score": 1,
    "status": "Final",
    "game_id": 661110,
    "starting_pitchers": {
      "home": "Luis Castillo",
      "away": "Adam Oller"
    },
    "first_inning_runs": {
      "home": 3,
      "away": 1
    },
    "player_stats": [
      {
        "name": "Luis Torrens",
        "team": "Unknown",
        "hits": 0,
        "rbi": 0
      },
      {
        "name": "Adam Frazier",
        "team": "Unknown",
        "hits": 1,
        "rbi": 0
      },
      {
        "name": "Jesse Winker",
        "team": "Unknown",
        "hits": 1,
        "rbi": 0
      },
      {
        "name": "Abraham Toro",
        "team": "Unknown",
        "hits": 0,
        "rbi": 0
      },
      {
        "name": "Dylan Moore",
        "team": "Unknown",
        "hits": 1,
        "rbi": 0
      },
      {
        "name": "Sam Haggerty",
        "team": "Unknown",
        "hits": 1,
        "rbi": 3
      },
      {
        "name": "Jarred Kelenic",
        "team": "Unknown",
        "hits": 0,
        "rbi": 0
      },
      {
        "name": "Carlos Santana",
        "team": "Unknown",
        "hits": 2,
        "rbi": 1
      },
      {
        "name": "Brian O'Keefe",
        "team": "Unknown",
        "hits": 1,
        "rbi": 0
      },
      {
        "name": "Nick Allen",
        "team": "Unknown",
        "hits": 0,
        "rbi": 0
      },
      {
        "name": "Conner Capel",
        "team": "Unknown",
        "hits": 0,
        "rbi": 0
      },
      {
        "name": "Vimael Mach\u00edn",
        "team": "Unknown",
        "hits": 0,
        "rbi": 0
      },
      {
        "name": "Seth Brown",
        "team": "Unknown",
        "hits": 0,
        "rbi": 0
      },
      {
        "name": "Jordan Diaz",
        "team": "Unknown",
        "hits": 1,
        "rbi": 1
      },
      {
        "name": "Tony Kemp",
        "team": "Unknown",
        "hits": 1,
        "rbi": 0
      },
      {
        "name": "Sean Murphy",
        "team": "Unknown",
        "hits": 0,
        "rbi": 0
      },
      {
        "name": "D\u00e9rmis Garcia",
        "team": "Unknown",
        "hits": 0,
        "rbi": 0
      },
      {
        "name": "Shea Langeliers",
        "team": "Unknown",
        "hits": 0,
        "rbi": 0
      },
      {
        "name": "Chad Pinder",
        "team": "Unknown",
        "hits": 0,
        "rbi": 0
      },
      {
        "name": "Stephen Vogt",
        "team": "Unknown",
        "hits": 0,
        "rbi": 0
      }
    ],
    "pitcher_stats": [
      {
        "name": "Matt Festa",
        "team": "Unknown",
        "innings_pitched": "1.0",
        "strikeouts": 1,
        "earned_runs": 0
      },
      {
        "name": "Luis Castillo",
        "team": "Unknown",
        "innings_pitched": "6.0",
        "strikeouts": 8,
        "earned_runs": 1
      },
      {
        "name": "Matthew Boyd",
        "team": "Unknown",
        "innings_pitched": "1.0",
        "strikeouts": 1,
        "earned_runs": 0
      },
      {
        "name": "Diego Castillo",
        "team": "Unknown",
        "innings_pitched": "1.0",
        "strikeouts": 1,
        "earned_runs": 0
      },
      {
        "name": "Kirby Snead",
        "team": "Unknown",
        "innings_pitched": "1.0",
        "strikeouts": 1,
        "earned_runs": 0
      },
      {
        "name": "JP Sears",
        "team": "Unknown",
        "innings_pitched": "6.0",
        "strikeouts": 6,
        "earned_runs": 0
      },
      {
        "name": "Adam Oller",
        "team": "Unknown",
        "innings_pitched": "1.0",
        "strikeouts": 2,
        "earned_runs": 3
      }
    ]
  },
  {
    "date": "2022-10-01",
    "home_team": "Cleveland Guardians",
    "away_team": "Kansas City Royals",
    "home_score": 1,
    "away_score": 7,
    "status": "Final",
    "game_id": 662939,
    "starting_pitchers": {
      "home": "Zach Plesac",
      "away": "Kris Bubic"
    },
    "first_inning_runs": {
      "home": 0,
      "away": 0
    },
    "player_stats": [
      {
        "name": "Josh Naylor",
        "team": "Unknown",
        "hits": 0,
        "rbi": 0
      },
      {
        "name": "Amed Rosario",
        "team": "Unknown",
        "hits": 0,
        "rbi": 0
      },
      {
        "name": "Andr\u00e9s Gim\u00e9nez",
        "team": "Unknown",
        "hits": 1,
        "rbi": 0
      },
      {
        "name": "Oscar Gonzalez",
        "team": "Unknown",
        "hits": 1,
        "rbi": 0
      },
      {
        "name": "Will Benson",
        "team": "Unknown",
        "hits": 1,
        "rbi": 0
      },
      {
        "name": "Gabriel Arias",
        "team": "Unknown",
        "hits": 1,
        "rbi": 0
      },
      {
        "name": "Bo Naylor",
        "team": "Unknown",
        "hits": 0,
        "rbi": 0
      },
      {
        "name": "Steven Kwan",
        "team": "Unknown",
        "hits": 1,
        "rbi": 0
      },
      {
        "name": "Owen Miller",
        "team": "Unknown",
        "hits": 1,
        "rbi": 1
      },
      {
        "name": "Luke Maile",
        "team": "Unknown",
        "hits": 2,
        "rbi": 0
      },
      {
        "name": "Myles Straw",
        "team": "Unknown",
        "hits": 0,
        "rbi": 0
      },
      {
        "name": "Salvador Perez",
        "team": "Unknown",
        "hits": 4,
        "rbi": 2
      },
      {
        "name": "Edward Olivares",
        "team": "Unknown",
        "hits": 0,
        "rbi": 0
      },
      {
        "name": "Drew Waters",
        "team": "Unknown",
        "hits": 2,
        "rbi": 1
      },
      {
        "name": "MJ Melendez",
        "team": "Unknown",
        "hits": 2,
        "rbi": 1
      },
      {
        "name": "Michael Massey",
        "team": "Unknown",
        "hits": 1,
        "rbi": 0
      },
      {
        "name": "Hunter Dozier",
        "team": "Unknown",
        "hits": 0,
        "rbi": 0
      },
      {
        "name": "Sebasti\u00e1n  Rivero",
        "team": "Unknown",
        "hits": 0,
        "rbi": 0
      },
      {
        "name": "Vinnie Pasquantino",
        "team": "Unknown",
        "hits": 1,
        "rbi": 0
      },
      {
        "name": "Kyle Isbel",
        "team": "Unknown",
        "hits": 1,
        "rbi": 2
      },
      {
        "name": "Ryan O'Hearn",
        "team": "Unknown",
        "hits": 0,
        "rbi": 0
      },
      {
        "name": "Bobby Witt Jr.",
        "team": "Unknown",
        "hits": 1,
        "rbi": 0
      }
    ],
    "pitcher_stats": [
      {
        "name": "Eli Morgan",
        "team": "Unknown",
        "innings_pitched": "1.1",
        "strikeouts": 0,
        "earned_runs": 0
      },
      {
        "name": "Nick Sandlin",
        "team": "Unknown",
        "innings_pitched": "1.0",
        "strikeouts": 1,
        "earned_runs": 0
      },
      {
        "name": "Enyel De Los Santos",
        "team": "Unknown",
        "innings_pitched": "1.0",
        "strikeouts": 1,
        "earned_runs": 1
      },
      {
        "name": "Zach Plesac",
        "team": "Unknown",
        "innings_pitched": "3.2",
        "strikeouts": 1,
        "earned_runs": 1
      },
      {
        "name": "Kirk McCarty",
        "team": "Unknown",
        "innings_pitched": "2.0",
        "strikeouts": 2,
        "earned_runs": 2
      },
      {
        "name": "Dylan Coleman",
        "team": "Unknown",
        "innings_pitched": "1.0",
        "strikeouts": 2,
        "earned_runs": 0
      },
      {
        "name": "Amir Garrett",
        "team": "Unknown",
        "innings_pitched": "0.1",
        "strikeouts": 0,
        "earned_runs": 0
      },
      {
        "name": "Carlos Hern\u00e1ndez",
        "team": "Unknown",
        "innings_pitched": "1.0",
        "strikeouts": 1,
        "earned_runs": 0
      },
      {
        "name": "Kris Bubic",
        "team": "Unknown",
        "innings_pitched": "5.0",
        "strikeouts": 8,
        "earned_runs": 0
      },
      {
        "name": "Taylor Clarke",
        "team": "Unknown",
        "innings_pitched": "0.2",
        "strikeouts": 1,
        "earned_runs": 1
      },
      {
        "name": "Anthony Misiewicz",
        "team": "Unknown",
        "innings_pitched": "1.0",
        "strikeouts": 1,
        "earned_runs": 0
      }
    ]
  },
  {
    "date": "2022-10-01",
    "home_team": "Detroit Tigers",
    "away_team": "Minnesota Twins",
    "home_score": 3,
    "away_score": 2,
    "status": "Final",
    "game_id": 662770,
    "starting_pitchers": {
      "home": "Drew Hutchison",
      "away": "Dylan Bundy"
    },
    "first_inning_runs": {
      "home": 1,
      "away": 0
    },
    "player_stats": [
      {
        "name": "Brendon Davis",
        "team": "Unknown",
        "hits": 0,
        "rbi": 0
      },
      {
        "name": "Javier B\u00e1ez",
        "team": "Unknown",
        "hits": 1,
        "rbi": 1
      },
      {
        "name": "Riley Greene",
        "team": "Unknown",
        "hits": 1,
        "rbi": 0
      },
      {
        "name": "Victor Reyes",
        "team": "Unknown",
        "hits": 0,
        "rbi": 0
      },
      {
        "name": "Harold Castro",
        "team": "Unknown",
        "hits": 0,
        "rbi": 0
      },
      {
        "name": "Spencer Torkelson",
        "team": "Unknown",
        "hits": 0,
        "rbi": 0
      },
      {
        "name": "Akil Baddoo",
        "team": "Unknown",
        "hits": 1,
        "rbi": 0
      },
      {
        "name": "Ryan Kreidler",
        "team": "Unknown",
        "hits": 0,
        "rbi": 0
      },
      {
        "name": "Eric Haase",
        "team": "Unknown",
        "hits": 3,
        "rbi": 1
      },
      {
        "name": "Mark Contreras",
        "team": "Unknown",
        "hits": 1,
        "rbi": 1
      },
      {
        "name": "Nick Gordon",
        "team": "Unknown",
        "hits": 2,
        "rbi": 0
      },
      {
        "name": "Gio Urshela",
        "team": "Unknown",
        "hits": 2,
        "rbi": 1
      },
      {
        "name": "Jake Cave",
        "team": "Unknown",
        "hits": 1,
        "rbi": 0
      },
      {
        "name": "Ryan Jeffers",
        "team": "Unknown",
        "hits": 0,
        "rbi": 0
      },
      {
        "name": "Carlos Correa",
        "team": "Unknown",
        "hits": 1,
        "rbi": 0
      },
      {
        "name": "Jose Miranda",
        "team": "Unknown",
        "hits": 1,
        "rbi": 0
      },
      {
        "name": "Gary S\u00e1nchez",
        "team": "Unknown",
        "hits": 0,
        "rbi": 0
      },
      {
        "name": "Luis Arraez",
        "team": "Unknown",
        "hits": 2,
        "rbi": 0
      },
      {
        "name": "Matt Wallner",
        "team": "Unknown",
        "hits": 0,
        "rbi": 0
      }
    ],
    "pitcher_stats": [
      {
        "name": "Drew Hutchison",
        "team": "Unknown",
        "innings_pitched": "4.1",
        "strikeouts": 5,
        "earned_runs": 2
      },
      {
        "name": "Gregory Soto",
        "team": "Unknown",
        "innings_pitched": "0.2",
        "strikeouts": 0,
        "earned_runs": 0
      },
      {
        "name": "Andrew Chafin",
        "team": "Unknown",
        "innings_pitched": "1.0",
        "strikeouts": 2,
        "earned_runs": 0
      },
      {
        "name": "Daniel Norris",
        "team": "Unknown",
        "innings_pitched": "1.1",
        "strikeouts": 1,
        "earned_runs": 0
      },
      {
        "name": "Jos\u00e9 Cisnero",
        "team": "Unknown",
        "innings_pitched": "0.2",
        "strikeouts": 1,
        "earned_runs": 0
      },
      {
        "name": "Alex Lange",
        "team": "Unknown",
        "innings_pitched": "1.0",
        "strikeouts": 0,
        "earned_runs": 0
      },
      {
        "name": "Ronny Henriquez",
        "team": "Unknown",
        "innings_pitched": "3.0",
        "strikeouts": 3,
        "earned_runs": 0
      },
      {
        "name": "Dylan Bundy",
        "team": "Unknown",
        "innings_pitched": "5.0",
        "strikeouts": 3,
        "earned_runs": 2
      }
    ]
  },
  {
    "date": "2022-10-01",
    "home_team": "Milwaukee Brewers",
    "away_team": "Miami Marlins",
    "home_score": 3,
    "away_score": 4,
    "status": "Final",
    "game_id": 661152,
    "starting_pitchers": {
      "home": "Aaron Ashby",
      "away": "Edward Cabrera"
    },
    "first_inning_runs": {
      "home": 0,
      "away": 0
    },
    "player_stats": [
      {
        "name": "Luis Ur\u00edas",
        "team": "Unknown",
        "hits": 1,
        "rbi": 1
      },
      {
        "name": "Tyrone Taylor",
        "team": "Unknown",
        "hits": 0,
        "rbi": 0
      },
      {
        "name": "Kolten Wong",
        "team": "Unknown",
        "hits": 0,
        "rbi": 0
      },
      {
        "name": "Victor Caratini",
        "team": "Unknown",
        "hits": 0,
        "rbi": 1
      },
      {
        "name": "Omar Narv\u00e1ez",
        "team": "Unknown",
        "hits": 0,
        "rbi": 0
      },
      {
        "name": "Christian Yelich",
        "team": "Unknown",
        "hits": 1,
        "rbi": 1
      },
      {
        "name": "Jace Peterson",
        "team": "Unknown",
        "hits": 0,
        "rbi": 0
      },
      {
        "name": "Hunter Renfroe",
        "team": "Unknown",
        "hits": 3,
        "rbi": 0
      },
      {
        "name": "Rowdy Tellez",
        "team": "Unknown",
        "hits": 2,
        "rbi": 0
      },
      {
        "name": "Andrew McCutchen",
        "team": "Unknown",
        "hits": 0,
        "rbi": 0
      },
      {
        "name": "Mike Brosseau",
        "team": "Unknown",
        "hits": 0,
        "rbi": 0
      },
      {
        "name": "Willy Adames",
        "team": "Unknown",
        "hits": 0,
        "rbi": 0
      },
      {
        "name": "Bryan De La Cruz",
        "team": "Unknown",
        "hits": 1,
        "rbi": 2
      },
      {
        "name": "Charles Leblanc",
        "team": "Unknown",
        "hits": 0,
        "rbi": 0
      },
      {
        "name": "Brian Anderson",
        "team": "Unknown",
        "hits": 0,
        "rbi": 0
      },
      {
        "name": "Jon Berti",
        "team": "Unknown",
        "hits": 0,
        "rbi": 0
      },
      {
        "name": "Joey Wendle",
        "team": "Unknown",
        "hits": 0,
        "rbi": 0
      },
      {
        "name": "Peyton Burdick",
        "team": "Unknown",
        "hits": 1,
        "rbi": 2
      },
      {
        "name": "Nick Fortes",
        "team": "Unknown",
        "hits": 0,
        "rbi": 0
      },
      {
        "name": "JJ Bleday",
        "team": "Unknown",
        "hits": 0,
        "rbi": 0
      },
      {
        "name": "Miguel Rojas",
        "team": "Unknown",
        "hits": 1,
        "rbi": 0
      },
      {
        "name": "Jordan Groshans",
        "team": "Unknown",
        "hits": 1,
        "rbi": 0
      }
    ],
    "pitcher_stats": [
      {
        "name": "Devin Williams",
        "team": "Unknown",
        "innings_pitched": "0.1",
        "strikeouts": 1,
        "earned_runs": 2
      },
      {
        "name": "Matt Bush",
        "team": "Unknown",
        "innings_pitched": "1.0",
        "strikeouts": 0,
        "earned_runs": 0
      },
      {
        "name": "Aaron Ashby",
        "team": "Unknown",
        "innings_pitched": "4.1",
        "strikeouts": 6,
        "earned_runs": 2
      },
      {
        "name": "Brad Boxberger",
        "team": "Unknown",
        "innings_pitched": "1.0",
        "strikeouts": 0,
        "earned_runs": 0
      },
      {
        "name": "Peter Strzelecki",
        "team": "Unknown",
        "innings_pitched": "0.2",
        "strikeouts": 0,
        "earned_runs": 0
      },
      {
        "name": "Trevor Gott",
        "team": "Unknown",
        "innings_pitched": "1.2",
        "strikeouts": 2,
        "earned_runs": 0
      },
      {
        "name": "Tommy Nance",
        "team": "Unknown",
        "innings_pitched": "1.0",
        "strikeouts": 3,
        "earned_runs": 0
      },
      {
        "name": "Richard Bleier",
        "team": "Unknown",
        "innings_pitched": "1.0",
        "strikeouts": 0,
        "earned_runs": 0
      },
      {
        "name": "Edward Cabrera",
        "team": "Unknown",
        "innings_pitched": "3.0",
        "strikeouts": 5,
        "earned_runs": 0
      },
      {
        "name": "Huascar Brazob\u00e1n",
        "team": "Unknown",
        "innings_pitched": "0.2",
        "strikeouts": 0,
        "earned_runs": 0
      },
      {
        "name": "Tanner Scott",
        "team": "Unknown",
        "innings_pitched": "1.0",
        "strikeouts": 3,
        "earned_runs": 0
      },
      {
        "name": "Andrew Nardi",
        "team": "Unknown",
        "innings_pitched": "1.0",
        "strikeouts": 3,
        "earned_runs": 1
      },
      {
        "name": "Jake Fishman",
        "team": "Unknown",
        "innings_pitched": "0.1",
        "strikeouts": 1,
        "earned_runs": 2
      },
      {
        "name": "Jeff Brigham",
        "team": "Unknown",
        "innings_pitched": "1.0",
        "strikeouts": 1,
        "earned_runs": 0
      }
    ]
  },
  {
    "date": "2022-10-01",
    "home_team": "St. Louis Cardinals",
    "away_team": "Pittsburgh Pirates",
    "home_score": 13,
    "away_score": 3,
    "status": "Final",
    "game_id": 661956,
    "starting_pitchers": {
      "home": "Jordan Montgomery",
      "away": "Luis L. Ortiz"
    },
    "first_inning_runs": {
      "home": 6,
      "away": 0
    },
    "player_stats": [
      {
        "name": "Corey Dickerson",
        "team": "Unknown",
        "hits": 2,
        "rbi": 4
      },
      {
        "name": "Dylan Carlson",
        "team": "Unknown",
        "hits": 1,
        "rbi": 2
      },
      {
        "name": "Albert Pujols",
        "team": "Unknown",
        "hits": 1,
        "rbi": 2
      },
      {
        "name": "Nolan Arenado",
        "team": "Unknown",
        "hits": 1,
        "rbi": 1
      },
      {
        "name": "Lars Nootbaar",
        "team": "Unknown",
        "hits": 1,
        "rbi": 0
      },
      {
        "name": "Andrew Knizner",
        "team": "Unknown",
        "hits": 0,
        "rbi": 0
      },
      {
        "name": "Alec Burleson",
        "team": "Unknown",
        "hits": 1,
        "rbi": 2
      },
      {
        "name": "Paul DeJong",
        "team": "Unknown",
        "hits": 0,
        "rbi": 0
      },
      {
        "name": "Paul Goldschmidt",
        "team": "Unknown",
        "hits": 0,
        "rbi": 0
      },
      {
        "name": "Ben DeLuzio",
        "team": "Unknown",
        "hits": 0,
        "rbi": 0
      },
      {
        "name": "Brendan Donovan",
        "team": "Unknown",
        "hits": 1,
        "rbi": 0
      },
      {
        "name": "Yadier Molina",
        "team": "Unknown",
        "hits": 0,
        "rbi": 0
      },
      {
        "name": "Juan Yepez",
        "team": "Unknown",
        "hits": 0,
        "rbi": 0
      },
      {
        "name": "Bryan Reynolds",
        "team": "Unknown",
        "hits": 0,
        "rbi": 0
      },
      {
        "name": "Rodolfo Castro",
        "team": "Unknown",
        "hits": 0,
        "rbi": 0
      },
      {
        "name": "Ke'Bryan Hayes",
        "team": "Unknown",
        "hits": 0,
        "rbi": 0
      },
      {
        "name": "Diego Castillo",
        "team": "Unknown",
        "hits": 1,
        "rbi": 0
      },
      {
        "name": "Cal Mitchell",
        "team": "Unknown",
        "hits": 2,
        "rbi": 0
      },
      {
        "name": "Miguel Andujar",
        "team": "Unknown",
        "hits": 1,
        "rbi": 0
      },
      {
        "name": "Kevin Newman",
        "team": "Unknown",
        "hits": 1,
        "rbi": 0
      },
      {
        "name": "Jason Delay",
        "team": "Unknown",
        "hits": 1,
        "rbi": 2
      },
      {
        "name": "Jack Suwinski",
        "team": "Unknown",
        "hits": 1,
        "rbi": 0
      },
      {
        "name": "Ji Hwan Bae",
        "team": "Unknown",
        "hits": 0,
        "rbi": 1
      }
    ],
    "pitcher_stats": [
      {
        "name": "Steven Matz",
        "team": "Unknown",
        "innings_pitched": "1.1",
        "strikeouts": 1,
        "earned_runs": 1
      },
      {
        "name": "Jake Woodford",
        "team": "Unknown",
        "innings_pitched": "1.2",
        "strikeouts": 0,
        "earned_runs": 0
      },
      {
        "name": "Jordan Montgomery",
        "team": "Unknown",
        "innings_pitched": "6.0",
        "strikeouts": 5,
        "earned_runs": 2
      },
      {
        "name": "Luis L. Ortiz",
        "team": "Unknown",
        "innings_pitched": "0.2",
        "strikeouts": 0,
        "earned_runs": 6
      },
      {
        "name": "Manny Ba\u00f1uelos",
        "team": "Unknown",
        "innings_pitched": "1.0",
        "strikeouts": 1,
        "earned_runs": 2
      },
      {
        "name": "Junior Fern\u00e1ndez",
        "team": "Unknown",
        "innings_pitched": "1.0",
        "strikeouts": 0,
        "earned_runs": 0
      },
      {
        "name": "Zach Thompson",
        "team": "Unknown",
        "innings_pitched": "5.1",
        "strikeouts": 4,
        "earned_runs": 4
      }
    ]
  },
  {
    "date": "2022-10-01",
    "home_team": "Houston Astros",
    "away_team": "Tampa Bay Rays",
    "home_score": 2,
    "away_score": 1,
    "status": "Final",
    "game_id": 662818,
    "starting_pitchers": {
      "home": "Cristian Javier",
      "away": "Shane McClanahan"
    },
    "first_inning_runs": {
      "home": 0,
      "away": 0
    },
    "player_stats": [
      {
        "name": "Mart\u00edn Maldonado",
        "team": "Unknown",
        "hits": 1,
        "rbi": 0
      },
      {
        "name": "Kyle Tucker",
        "team": "Unknown",
        "hits": 0,
        "rbi": 0
      },
      {
        "name": "Alex Bregman",
        "team": "Unknown",
        "hits": 0,
        "rbi": 0
      },
      {
        "name": "Yuli Gurriel",
        "team": "Unknown",
        "hits": 1,
        "rbi": 0
      },
      {
        "name": "Jake Meyers",
        "team": "Unknown",
        "hits": 2,
        "rbi": 0
      },
      {
        "name": "Jose Altuve",
        "team": "Unknown",
        "hits": 1,
        "rbi": 0
      },
      {
        "name": "Jeremy Pe\u00f1a",
        "team": "Unknown",
        "hits": 1,
        "rbi": 1
      },
      {
        "name": "Aledmys D\u00edaz",
        "team": "Unknown",
        "hits": 0,
        "rbi": 0
      },
      {
        "name": "Yordan Alvarez",
        "team": "Unknown",
        "hits": 0,
        "rbi": 0
      },
      {
        "name": "Taylor Walls",
        "team": "Unknown",
        "hits": 0,
        "rbi": 0
      },
      {
        "name": "Jose Siri",
        "team": "Unknown",
        "hits": 0,
        "rbi": 0
      },
      {
        "name": "Harold Ram\u00edrez",
        "team": "Unknown",
        "hits": 0,
        "rbi": 0
      },
      {
        "name": "Francisco Mej\u00eda",
        "team": "Unknown",
        "hits": 0,
        "rbi": 0
      },
      {
        "name": "Randy Arozarena",
        "team": "Unknown",
        "hits": 0,
        "rbi": 0
      },
      {
        "name": "Ji Man Choi",
        "team": "Unknown",
        "hits": 1,
        "rbi": 0
      },
      {
        "name": "David Peralta",
        "team": "Unknown",
        "hits": 2,
        "rbi": 0
      },
      {
        "name": "Miles Mastrobuoni",
        "team": "Unknown",
        "hits": 0,
        "rbi": 0
      },
      {
        "name": "Jonathan Aranda",
        "team": "Unknown",
        "hits": 0,
        "rbi": 0
      },
      {
        "name": "Yandy D\u00edaz",
        "team": "Unknown",
        "hits": 1,
        "rbi": 1
      },
      {
        "name": "Wander Franco",
        "team": "Unknown",
        "hits": 0,
        "rbi": 0
      }
    ],
    "pitcher_stats": [
      {
        "name": "Rafael Montero",
        "team": "Unknown",
        "innings_pitched": "1.0",
        "strikeouts": 1,
        "earned_runs": 0
      },
      {
        "name": "Hunter Brown",
        "team": "Unknown",
        "innings_pitched": "1.0",
        "strikeouts": 2,
        "earned_runs": 0
      },
      {
        "name": "Cristian Javier",
        "team": "Unknown",
        "innings_pitched": "6.0",
        "strikeouts": 7,
        "earned_runs": 0
      },
      {
        "name": "Ryan Pressly",
        "team": "Unknown",
        "innings_pitched": "1.0",
        "strikeouts": 2,
        "earned_runs": 1
      },
      {
        "name": "Shane McClanahan",
        "team": "Unknown",
        "innings_pitched": "5.0",
        "strikeouts": 2,
        "earned_runs": 2
      },
      {
        "name": "Garrett Cleavinger",
        "team": "Unknown",
        "innings_pitched": "1.0",
        "strikeouts": 0,
        "earned_runs": 0
      },
      {
        "name": "JT Chargois",
        "team": "Unknown",
        "innings_pitched": "2.0",
        "strikeouts": 3,
        "earned_runs": 0
      }
    ]
  },
  {
    "date": "2022-10-01",
    "home_team": "Atlanta Braves",
    "away_team": "New York Mets",
    "home_score": 4,
    "away_score": 2,
    "status": "Final",
    "game_id": 661466,
    "starting_pitchers": {
      "home": "Kyle Wright",
      "away": "Max Scherzer"
    },
    "first_inning_runs": {
      "home": 0,
      "away": 1
    },
    "player_stats": [
      {
        "name": "Michael Harris II",
        "team": "Unknown",
        "hits": 0,
        "rbi": 0
      },
      {
        "name": "Travis d'Arnaud",
        "team": "Unknown",
        "hits": 0,
        "rbi": 0
      },
      {
        "name": "Matt Olson",
        "team": "Unknown",
        "hits": 2,
        "rbi": 2
      },
      {
        "name": "Ronald Acu\u00f1a Jr.",
        "team": "Unknown",
        "hits": 3,
        "rbi": 0
      },
      {
        "name": "Eddie Rosario",
        "team": "Unknown",
        "hits": 0,
        "rbi": 0
      },
      {
        "name": "Dansby Swanson",
        "team": "Unknown",
        "hits": 2,
        "rbi": 2
      },
      {
        "name": "Austin Riley",
        "team": "Unknown",
        "hits": 3,
        "rbi": 0
      },
      {
        "name": "Orlando Arcia",
        "team": "Unknown",
        "hits": 0,
        "rbi": 0
      },
      {
        "name": "Marcell Ozuna",
        "team": "Unknown",
        "hits": 1,
        "rbi": 0
      },
      {
        "name": "Tom\u00e1s Nido",
        "team": "Unknown",
        "hits": 0,
        "rbi": 0
      },
      {
        "name": "Luis Guillorme",
        "team": "Unknown",
        "hits": 0,
        "rbi": 0
      },
      {
        "name": "Francisco Alvarez",
        "team": "Unknown",
        "hits": 0,
        "rbi": 0
      },
      {
        "name": "Jeff McNeil",
        "team": "Unknown",
        "hits": 2,
        "rbi": 1
      },
      {
        "name": "Daniel Vogelbach",
        "team": "Unknown",
        "hits": 1,
        "rbi": 0
      },
      {
        "name": "Eduardo Escobar",
        "team": "Unknown",
        "hits": 0,
        "rbi": 1
      },
      {
        "name": "Mark Canha",
        "team": "Unknown",
        "hits": 0,
        "rbi": 0
      },
      {
        "name": "Pete Alonso",
        "team": "Unknown",
        "hits": 1,
        "rbi": 0
      },
      {
        "name": "Francisco Lindor",
        "team": "Unknown",
        "hits": 2,
        "rbi": 0
      },
      {
        "name": "Brandon Nimmo",
        "team": "Unknown",
        "hits": 2,
        "rbi": 0
      },
      {
        "name": "Tyler Naquin",
        "team": "Unknown",
        "hits": 0,
        "rbi": 0
      }
    ],
    "pitcher_stats": [
      {
        "name": "Dylan Lee",
        "team": "Unknown",
        "innings_pitched": "1.0",
        "strikeouts": 0,
        "earned_runs": 0
      },
      {
        "name": "Jesse Chavez",
        "team": "Unknown",
        "innings_pitched": "1.0",
        "strikeouts": 1,
        "earned_runs": 0
      },
      {
        "name": "Kenley Jansen",
        "team": "Unknown",
        "innings_pitched": "1.0",
        "strikeouts": 2,
        "earned_runs": 0
      },
      {
        "name": "Raisel Iglesias",
        "team": "Unknown",
        "innings_pitched": "1.0",
        "strikeouts": 2,
        "earned_runs": 0
      },
      {
        "name": "Kyle Wright",
        "team": "Unknown",
        "innings_pitched": "5.0",
        "strikeouts": 3,
        "earned_runs": 2
      },
      {
        "name": "Adam Ottavino",
        "team": "Unknown",
        "innings_pitched": "1.0",
        "strikeouts": 1,
        "earned_runs": 0
      },
      {
        "name": "Max Scherzer",
        "team": "Unknown",
        "innings_pitched": "5.2",
        "strikeouts": 4,
        "earned_runs": 4
      },
      {
        "name": "David Peterson",
        "team": "Unknown",
        "innings_pitched": "0.2",
        "strikeouts": 2,
        "earned_runs": 0
      },
      {
        "name": "Drew Smith",
        "team": "Unknown",
        "innings_pitched": "0.1",
        "strikeouts": 1,
        "earned_runs": 0
      },
      {
        "name": "Seth Lugo",
        "team": "Unknown",
        "innings_pitched": "0.1",
        "strikeouts": 0,
        "earned_runs": 0
      }
    ]
  },
  {
    "date": "2022-10-01",
    "home_team": "San Diego Padres",
    "away_team": "Chicago White Sox",
    "home_score": 5,
    "away_score": 2,
    "status": "Final",
    "game_id": 662207,
    "starting_pitchers": {
      "home": "Mike Clevinger",
      "away": "Dylan Cease"
    },
    "first_inning_runs": {
      "home": 1,
      "away": 1
    },
    "player_stats": [
      {
        "name": "Jos\u00e9 Azocar",
        "team": "Unknown",
        "hits": 1,
        "rbi": 0
      },
      {
        "name": "Jurickson Profar",
        "team": "Unknown",
        "hits": 1,
        "rbi": 0
      },
      {
        "name": "Brandon Drury",
        "team": "Unknown",
        "hits": 1,
        "rbi": 0
      },
      {
        "name": "Josh Bell",
        "team": "Unknown",
        "hits": 1,
        "rbi": 0
      },
      {
        "name": "Manny Machado",
        "team": "Unknown",
        "hits": 2,
        "rbi": 1
      },
      {
        "name": "Juan Soto",
        "team": "Unknown",
        "hits": 1,
        "rbi": 1
      },
      {
        "name": "Trent Grisham",
        "team": "Unknown",
        "hits": 0,
        "rbi": 0
      },
      {
        "name": "Jake Cronenworth",
        "team": "Unknown",
        "hits": 1,
        "rbi": 2
      },
      {
        "name": "Ha-Seong Kim",
        "team": "Unknown",
        "hits": 0,
        "rbi": 0
      },
      {
        "name": "Austin Nola",
        "team": "Unknown",
        "hits": 1,
        "rbi": 1
      },
      {
        "name": "Yasmani Grandal",
        "team": "Unknown",
        "hits": 1,
        "rbi": 0
      },
      {
        "name": "Romy Gonzalez",
        "team": "Unknown",
        "hits": 0,
        "rbi": 0
      },
      {
        "name": "Yo\u00e1n Moncada",
        "team": "Unknown",
        "hits": 0,
        "rbi": 0
      },
      {
        "name": "Mark Payton",
        "team": "Unknown",
        "hits": 0,
        "rbi": 0
      },
      {
        "name": "Josh Harrison",
        "team": "Unknown",
        "hits": 1,
        "rbi": 0
      },
      {
        "name": "Andrew Vaughn",
        "team": "Unknown",
        "hits": 0,
        "rbi": 0
      },
      {
        "name": "AJ Pollock",
        "team": "Unknown",
        "hits": 0,
        "rbi": 0
      },
      {
        "name": "Gavin Sheets",
        "team": "Unknown",
        "hits": 0,
        "rbi": 0
      },
      {
        "name": "Adam Engel",
        "team": "Unknown",
        "hits": 0,
        "rbi": 0
      },
      {
        "name": "Eloy Jim\u00e9nez",
        "team": "Unknown",
        "hits": 1,
        "rbi": 0
      },
      {
        "name": "Elvis Andrus",
        "team": "Unknown",
        "hits": 3,
        "rbi": 2
      }
    ],
    "pitcher_stats": [
      {
        "name": "Robert Suarez",
        "team": "Unknown",
        "innings_pitched": "1.0",
        "strikeouts": 2,
        "earned_runs": 0
      },
      {
        "name": "Pierce Johnson",
        "team": "Unknown",
        "innings_pitched": "0.2",
        "strikeouts": 0,
        "earned_runs": 1
      },
      {
        "name": "Josh Hader",
        "team": "Unknown",
        "innings_pitched": "1.0",
        "strikeouts": 2,
        "earned_runs": 0
      },
      {
        "name": "Nick Martinez",
        "team": "Unknown",
        "innings_pitched": "0.1",
        "strikeouts": 0,
        "earned_runs": 0
      },
      {
        "name": "Mike Clevinger",
        "team": "Unknown",
        "innings_pitched": "6.0",
        "strikeouts": 3,
        "earned_runs": 1
      },
      {
        "name": "Jake Diekman",
        "team": "Unknown",
        "innings_pitched": "1.0",
        "strikeouts": 1,
        "earned_runs": 1
      },
      {
        "name": "Vince Velasquez",
        "team": "Unknown",
        "innings_pitched": "1.0",
        "strikeouts": 1,
        "earned_runs": 0
      },
      {
        "name": "Dylan Cease",
        "team": "Unknown",
        "innings_pitched": "5.0",
        "strikeouts": 5,
        "earned_runs": 4
      },
      {
        "name": "Joe Kelly",
        "team": "Unknown",
        "innings_pitched": "1.0",
        "strikeouts": 2,
        "earned_runs": 0
      }
    ]
  },
  {
    "date": "2022-10-01",
    "home_team": "Los Angeles Angels",
    "away_team": "Texas Rangers",
    "home_score": 3,
    "away_score": 2,
    "status": "Final",
    "game_id": 663405,
    "starting_pitchers": {
      "home": "Jos\u00e9 Suarez",
      "away": "Cole Ragans"
    },
    "first_inning_runs": {
      "home": 0,
      "away": 0
    },
    "player_stats": [
      {
        "name": "Luis Rengifo",
        "team": "Unknown",
        "hits": 0,
        "rbi": 0
      },
      {
        "name": "Livan Soto",
        "team": "Unknown",
        "hits": 3,
        "rbi": 1
      },
      {
        "name": "Michael Stefanic",
        "team": "Unknown",
        "hits": 0,
        "rbi": 0
      },
      {
        "name": "Matt Thaiss",
        "team": "Unknown",
        "hits": 0,
        "rbi": 1
      },
      {
        "name": "Taylor Ward",
        "team": "Unknown",
        "hits": 0,
        "rbi": 0
      },
      {
        "name": "Kurt Suzuki",
        "team": "Unknown",
        "hits": 1,
        "rbi": 1
      },
      {
        "name": "Jo Adell",
        "team": "Unknown",
        "hits": 1,
        "rbi": 0
      },
      {
        "name": "Shohei Ohtani",
        "team": "Unknown",
        "hits": 1,
        "rbi": 0
      },
      {
        "name": "Matt Duffy",
        "team": "Unknown",
        "hits": 0,
        "rbi": 0
      },
      {
        "name": "David Fletcher",
        "team": "Unknown",
        "hits": 1,
        "rbi": 0
      },
      {
        "name": "Jonah Heim",
        "team": "Unknown",
        "hits": 0,
        "rbi": 0
      },
      {
        "name": "Bubba Thompson",
        "team": "Unknown",
        "hits": 0,
        "rbi": 0
      },
      {
        "name": "Leody Taveras",
        "team": "Unknown",
        "hits": 0,
        "rbi": 0
      },
      {
        "name": "Nathaniel Lowe",
        "team": "Unknown",
        "hits": 1,
        "rbi": 2
      },
      {
        "name": "Corey Seager",
        "team": "Unknown",
        "hits": 0,
        "rbi": 0
      },
      {
        "name": "Marcus Semien",
        "team": "Unknown",
        "hits": 1,
        "rbi": 0
      },
      {
        "name": "Josh Jung",
        "team": "Unknown",
        "hits": 0,
        "rbi": 0
      },
      {
        "name": "Kole Calhoun",
        "team": "Unknown",
        "hits": 0,
        "rbi": 0
      },
      {
        "name": "Josh Smith",
        "team": "Unknown",
        "hits": 0,
        "rbi": 0
      },
      {
        "name": "Adolis Garc\u00eda",
        "team": "Unknown",
        "hits": 0,
        "rbi": 0
      }
    ],
    "pitcher_stats": [
      {
        "name": "Zack Weiss",
        "team": "Unknown",
        "innings_pitched": "1.0",
        "strikeouts": 2,
        "earned_runs": 0
      },
      {
        "name": "Jos\u00e9 Suarez",
        "team": "Unknown",
        "innings_pitched": "7.0",
        "strikeouts": 6,
        "earned_runs": 2
      },
      {
        "name": "Ryan Tepera",
        "team": "Unknown",
        "innings_pitched": "1.0",
        "strikeouts": 2,
        "earned_runs": 0
      },
      {
        "name": "Cole Ragans",
        "team": "Unknown",
        "innings_pitched": "5.0",
        "strikeouts": 2,
        "earned_runs": 1
      },
      {
        "name": "Jesus Tinoco",
        "team": "Unknown",
        "innings_pitched": "1.0",
        "strikeouts": 1,
        "earned_runs": 1
      },
      {
        "name": "Matt Moore",
        "team": "Unknown",
        "innings_pitched": "1.0",
        "strikeouts": 1,
        "earned_runs": 0
      },
      {
        "name": "Jonathan Hern\u00e1ndez",
        "team": "Unknown",
        "innings_pitched": "1.0",
        "strikeouts": 0,
        "earned_runs": 1
      }
    ]
  },
  {
    "date": "2022-10-01",
    "home_team": "Los Angeles Dodgers",
    "away_team": "Colorado Rockies",
    "home_score": 6,
    "away_score": 4,
    "status": "Final",
    "game_id": 662595,
    "starting_pitchers": {
      "home": "Michael Grove",
      "away": "Kyle Freeland"
    },
    "first_inning_runs": {
      "home": 0,
      "away": 0
    },
    "player_stats": [
      {
        "name": "Austin Barnes",
        "team": "Unknown",
        "hits": 0,
        "rbi": 1
      },
      {
        "name": "Freddie Freeman",
        "team": "Unknown",
        "hits": 2,
        "rbi": 1
      },
      {
        "name": "Hanser Alberto",
        "team": "Unknown",
        "hits": 1,
        "rbi": 0
      },
      {
        "name": "Cody Bellinger",
        "team": "Unknown",
        "hits": 3,
        "rbi": 2
      },
      {
        "name": "Gavin Lux",
        "team": "Unknown",
        "hits": 0,
        "rbi": 0
      },
      {
        "name": "Trayce Thompson",
        "team": "Unknown",
        "hits": 1,
        "rbi": 0
      },
      {
        "name": "Mookie Betts",
        "team": "Unknown",
        "hits": 1,
        "rbi": 0
      },
      {
        "name": "Trea Turner",
        "team": "Unknown",
        "hits": 2,
        "rbi": 0
      },
      {
        "name": "Miguel Vargas",
        "team": "Unknown",
        "hits": 0,
        "rbi": 0
      },
      {
        "name": "Brendan Rodgers",
        "team": "Unknown",
        "hits": 2,
        "rbi": 0
      },
      {
        "name": "Yonathan Daza",
        "team": "Unknown",
        "hits": 2,
        "rbi": 0
      },
      {
        "name": "Jose Iglesias",
        "team": "Unknown",
        "hits": 0,
        "rbi": 0
      },
      {
        "name": "Randal Grichuk",
        "team": "Unknown",
        "hits": 1,
        "rbi": 3
      },
      {
        "name": "Ryan McMahon",
        "team": "Unknown",
        "hits": 2,
        "rbi": 1
      },
      {
        "name": "C.J. Cron",
        "team": "Unknown",
        "hits": 1,
        "rbi": 0
      },
      {
        "name": "Sean Bouchard",
        "team": "Unknown",
        "hits": 0,
        "rbi": 0
      },
      {
        "name": "Elias D\u00edaz",
        "team": "Unknown",
        "hits": 0,
        "rbi": 0
      },
      {
        "name": "Alan Trejo",
        "team": "Unknown",
        "hits": 0,
        "rbi": 0
      }
    ],
    "pitcher_stats": [
      {
        "name": "Brusdar Graterol",
        "team": "Unknown",
        "innings_pitched": "1.0",
        "strikeouts": 1,
        "earned_runs": 0
      },
      {
        "name": "Michael Grove",
        "team": "Unknown",
        "innings_pitched": "5.0",
        "strikeouts": 3,
        "earned_runs": 4
      },
      {
        "name": "Tommy Kahnle",
        "team": "Unknown",
        "innings_pitched": "1.0",
        "strikeouts": 0,
        "earned_runs": 0
      },
      {
        "name": "Evan Phillips",
        "team": "Unknown",
        "innings_pitched": "1.0",
        "strikeouts": 2,
        "earned_runs": 0
      },
      {
        "name": "Craig Kimbrel",
        "team": "Unknown",
        "innings_pitched": "1.0",
        "strikeouts": 1,
        "earned_runs": 0
      },
      {
        "name": "Kyle Freeland",
        "team": "Unknown",
        "innings_pitched": "5.2",
        "strikeouts": 8,
        "earned_runs": 1
      },
      {
        "name": "Dinelson Lamet",
        "team": "Unknown",
        "innings_pitched": "0.0",
        "strikeouts": 0,
        "earned_runs": 3
      },
      {
        "name": "Ty Blach",
        "team": "Unknown",
        "innings_pitched": "0.1",
        "strikeouts": 0,
        "earned_runs": 0
      },
      {
        "name": "Gavin Hollowell",
        "team": "Unknown",
        "innings_pitched": "1.1",
        "strikeouts": 1,
        "earned_runs": 2
      },
      {
        "name": "Justin Lawrence",
        "team": "Unknown",
        "innings_pitched": "0.1",
        "strikeouts": 1,
        "earned_runs": 0
      },
      {
        "name": "Chad Smith",
        "team": "Unknown",
        "innings_pitched": "0.1",
        "strikeouts": 0,
        "earned_runs": 0
      }
    ]
  }
]